Selection	View	Channel	Begin Time (s)	End Time (s)	Begin File	Begin Path	File Offset (s)	Low Freq (Hz)	High Freq (Hz)	Agg Entropy (bits)	Avg Amp (U)	Avg Entropy (bits)	Avg Power Density (dB FS/Hz)	BW 50% (Hz)	BW 90% (Hz)	Begin Clock Time	Begin Date	Begin Date Time	Beg File Samp (samples)	Begin Hour	Begin Sample (samples)	Center Freq (Hz)	Center Time (s)	Center Time Rel.	Delta Freq (Hz)	Delta Power (dB/Hz)	Delta Time (s)	Dur 50% (s)	Dur 90% (s)	End Clock Time	End Date	End File	End File Samp (samples)	End Path	End Sample (samples)	Energy (dB FS)	F-RMS Amp (U)	Freq 25% (Hz)	Freq 5% (Hz)	Freq 75% (Hz)	Freq 95% (Hz)	Freq Contour  5% (Hz)	Freq Contour 25% (Hz)	Freq Contour 50% (Hz)	Freq Contour 75% (Hz)	Freq Contour 95% (Hz)	Inband Power (dB FS)	Length (frames)	Leq (dB FS)	Max Amp (U)	Max Bearing (deg)	Max Entropy (bits)	Max Freq (Hz)	Max Time (s)	Min Amp (U)	Min Entropy (bits)	Min Time (s)	Peak Amp (U)	Peak Corr (U)	Peak Freq (Hz)	Peak Freq Contour (Hz)	PFC Avg Slope (Hz/ms)	PFC Max Freq (Hz)	PFC Max Slope (Hz/ms)	PFC Min Freq (Hz)	PFC Min Slope (Hz/ms)	PFC Num Inf Pts	PFC Slope (Hz/ms)	Peak Lag (s)	Peak Power Density (dB FS/Hz)	Peak Time (s)	Peak Time Relative	RMS Amp (U)	SEL (dB FS)	SNR NIST Quick (dB)	Sample Length (samples)	Time 25% (s)	Time 25% Rel.	Time 5% (s)	Time 5% Rel.	Time 75% (s)	Time 75% Rel.	Time 95% (s)	Time 95% Rel.	sound.id	f0	label
1	Spectrogram 1	1	1.000000000	2.000000000	200ms_schroeder_master.wav	/home/m/Dropbox/Projects/acoustic_fine_features_zebra_finch/data/processed/200ms_schroeder_master.wav	1.0000	1172.325	2561.345	3.613		2.970	-25.08	516.797	861.328	1.0000		1.0000	44100	0	44100	1894.922	1.4570	0.4561	1389.019		1.0000	0.4934	0.8882	2.0000		200ms_schroeder_master.wav	88200	/home/m/Dropbox/Projects/acoustic_fine_features_zebra_finch/data/processed/200ms_schroeder_master.wav	88200	33.400		1636.523	1464.258	2153.320	2325.586	1981.055;1894.922;1894.922;1981.055;2067.188;2067.188;2067.188;2067.188;2067.188;2067.188;1894.922;1894.922;1894.922;2153.320;2067.188;2067.188;2067.188;1291.992;1205.859;1464.258;1464.258;1464.258;1464.258;1464.258;1464.258;1464.258;1464.258;1464.258;1464.258;1464.258;1378.125;1464.258;1464.258;1464.258;1378.125;1378.125;1464.258;1464.258;1464.258;1464.258;1464.258;1464.258;1464.258;1464.258;1464.258;1464.258;1464.258;1550.391;1291.992;1291.992;1981.055;1894.922;1981.055;1981.055;1550.391;1378.125;1378.125;1378.125;1378.125;1378.125;1378.125;1378.125;1378.125;1378.125;1464.258;1464.258;1378.125;1378.125;1291.992;1291.992;1378.125;1464.258;1464.258;1464.258;1464.258;1464.258;1464.258;1464.258;1464.258;1378.125;1378.125;1378.125;1464.258;1464.258;1464.258;1464.258;1464.258;1464.258;1464.258;1464.258;1378.125;1464.258;1464.258;1378.125;1378.125;1378.125;1464.258;1378.125;1378.125;1378.125;1205.859;1291.992;1291.992;1378.125;1378.125;1464.258;1378.125;1378.125;1378.125;1464.258;1464.258;1378.125;1808.789;1894.922;1894.922;1894.922;1894.922;1894.922;1894.922;1894.922;1894.922;1894.922;1808.789;1291.992;1636.523;1981.055;1981.055;1981.055;1894.922;1464.258;1378.125;1378.125;1378.125;1378.125;1378.125;1378.125;1378.125;1378.125;1378.125;1464.258;1378.125;1378.125;1205.859;1291.992;1291.992;1550.391;1636.523;1636.523;1636.523;1636.523;1636.523;1636.523;1636.523;1636.523;1636.523;1636.523;1378.125;1378.125;1378.125;1378.125;1378.125;1378.125;1378.125;1378.125;1636.523;1636.523;1636.523;1636.523;1636.523;1636.523;1636.523;1636.523	2239.453;2067.188;2067.188;2067.188;2153.320;2153.320;2153.320;2153.320;2067.188;2067.188;2067.188;2067.188;2153.320;2239.453;2239.453;2239.453;2153.320;1636.523;1464.258;1636.523;1636.523;1722.656;1722.656;1636.523;1636.523;1636.523;1636.523;1636.523;1464.258;1550.391;1550.391;1636.523;1550.391;1550.391;1550.391;1550.391;1550.391;1636.523;1550.391;1550.391;1636.523;1636.523;1636.523;1636.523;1636.523;1636.523;1636.523;1636.523;1636.523;1636.523;2067.188;2067.188;2067.188;2067.188;1981.055;1636.523;1464.258;1464.258;1464.258;1464.258;1464.258;1464.258;1464.258;1464.258;1464.258;1550.391;1550.391;1636.523;1636.523;1636.523;1550.391;1636.523;1636.523;1636.523;1636.523;1636.523;1636.523;1636.523;1550.391;1464.258;1550.391;1550.391;1636.523;1636.523;1550.391;1636.523;1636.523;1636.523;1636.523;1636.523;1550.391;1464.258;1464.258;1464.258;1464.258;1464.258;1464.258;1464.258;1464.258;1464.258;1378.125;1636.523;1636.523;1636.523;1464.258;1464.258;1464.258;1464.258;1464.258;1464.258;1464.258;1550.391;1894.922;1981.055;2067.188;2067.188;2067.188;2067.188;2067.188;2067.188;2067.188;2067.188;1981.055;1636.523;1894.922;2067.188;2067.188;2067.188;2067.188;1636.523;1550.391;1464.258;1464.258;1464.258;1464.258;1464.258;1464.258;1464.258;1464.258;1550.391;1550.391;1550.391;1378.125;1636.523;1636.523;1722.656;1722.656;1722.656;1722.656;1722.656;1722.656;1722.656;1722.656;1722.656;1722.656;1722.656;1550.391;1464.258;1464.258;1464.258;1464.258;1464.258;1464.258;1550.391;1722.656;1722.656;1722.656;1722.656;1722.656;1722.656;1722.656;1722.656	2325.586;2153.320;2153.320;2239.453;2239.453;2325.586;2325.586;2325.586;2239.453;2239.453;2153.320;2153.320;2325.586;2325.586;2325.586;2325.586;2325.586;1808.789;1808.789;1722.656;1722.656;1894.922;1894.922;1894.922;1894.922;1808.789;1722.656;1808.789;1722.656;1722.656;1808.789;1808.789;1808.789;1894.922;1894.922;1894.922;1894.922;1894.922;2067.188;2067.188;1981.055;1981.055;1894.922;1894.922;1808.789;1808.789;1722.656;1722.656;1808.789;1808.789;2153.320;2153.320;2153.320;2153.320;2153.320;1722.656;1722.656;1722.656;1722.656;1722.656;1722.656;1722.656;1722.656;1722.656;1722.656;1808.789;1808.789;1894.922;1808.789;1808.789;1722.656;1722.656;1722.656;1808.789;1894.922;1894.922;1981.055;2067.188;2067.188;2067.188;1808.789;1808.789;1894.922;1894.922;1808.789;1894.922;1808.789;1894.922;1894.922;1722.656;1894.922;1981.055;1981.055;1894.922;1894.922;1894.922;1808.789;1636.523;1464.258;1464.258;1550.391;1808.789;1808.789;1894.922;1981.055;1981.055;1981.055;1894.922;1894.922;1981.055;1981.055;1981.055;2067.188;2067.188;2067.188;2153.320;2153.320;2153.320;2153.320;2153.320;2153.320;2153.320;2153.320;1808.789;2153.320;2153.320;2153.320;2153.320;2153.320;2067.188;1722.656;1722.656;1722.656;1722.656;1722.656;1722.656;1722.656;1722.656;1722.656;1808.789;1808.789;1808.789;1808.789;1808.789;1808.789;1808.789;1894.922;1894.922;1808.789;1808.789;1894.922;1894.922;1894.922;1808.789;1808.789;1894.922;1894.922;1894.922;1894.922;1808.789;1894.922;1894.922;1894.922;1808.789;1894.922;1894.922;1894.922;1808.789;1894.922;1894.922;1894.922;1808.789	2325.586;2325.586;2325.586;2325.586;2325.586;2411.719;2411.719;2411.719;2411.719;2325.586;2325.586;2325.586;2325.586;2325.586;2325.586;2325.586;2411.719;1981.055;2153.320;1808.789;1894.922;2067.188;2067.188;2067.188;2067.188;2067.188;2067.188;2067.188;1894.922;1981.055;2067.188;2067.188;1981.055;2067.188;2067.188;2067.188;2067.188;2153.320;2153.320;2153.320;2153.320;2153.320;2067.188;2067.188;2067.188;1981.055;1894.922;1808.789;1981.055;1981.055;2239.453;2239.453;2239.453;2239.453;2325.586;2325.586;2325.586;2325.586;2325.586;2325.586;2325.586;2325.586;2325.586;2153.320;2153.320;2153.320;2153.320;2067.188;1981.055;1981.055;1894.922;1808.789;1894.922;2067.188;2067.188;2153.320;2153.320;2153.320;2153.320;2153.320;2153.320;2153.320;2153.320;2153.320;2153.320;2153.320;2153.320;2153.320;2153.320;2153.320;2239.453;2153.320;2153.320;2153.320;2153.320;2153.320;2067.188;1722.656;1636.523;1636.523;1722.656;1981.055;1981.055;2153.320;2239.453;2239.453;2239.453;2239.453;2239.453;2239.453;2239.453;2239.453;2153.320;2153.320;2153.320;2153.320;2153.320;2239.453;2239.453;2239.453;2239.453;2239.453;2239.453;1981.055;2325.586;2239.453;2239.453;2239.453;2239.453;2325.586;2325.586;2325.586;2325.586;2325.586;2325.586;2325.586;2325.586;2239.453;2153.320;2153.320;2153.320;2153.320;2239.453;1981.055;1981.055;1894.922;1894.922;1894.922;1894.922;1894.922;1894.922;1894.922;1894.922;1894.922;1894.922;1894.922;2067.188;2067.188;2067.188;2067.188;2067.188;2067.188;2067.188;2067.188;1894.922;1894.922;1894.922;1894.922;1894.922;1894.922;1894.922;1894.922	2497.852;2497.852;2411.719;2411.719;2411.719;2497.852;2497.852;2497.852;2497.852;2411.719;2411.719;2497.852;2497.852;2497.852;2497.852;2497.852;2497.852;2497.852;2497.852;1894.922;2153.320;2153.320;2153.320;2153.320;2325.586;2325.586;2325.586;2325.586;2325.586;2325.586;2325.586;2325.586;2325.586;2325.586;2325.586;2325.586;2325.586;2325.586;2325.586;2325.586;2325.586;2325.586;2325.586;2325.586;2239.453;2153.320;2067.188;1981.055;2497.852;2497.852;2325.586;2325.586;2325.586;2325.586;2411.719;2497.852;2497.852;2497.852;2497.852;2497.852;2497.852;2497.852;2497.852;2325.586;2325.586;2325.586;2325.586;2325.586;2497.852;2497.852;2067.188;1894.922;2153.320;2153.320;2239.453;2325.586;2325.586;2325.586;2325.586;2325.586;2325.586;2325.586;2325.586;2325.586;2325.586;2325.586;2325.586;2325.586;2325.586;2325.586;2325.586;2325.586;2325.586;2325.586;2325.586;2325.586;2325.586;2153.320;1722.656;1722.656;1894.922;2497.852;2497.852;2325.586;2325.586;2325.586;2325.586;2325.586;2325.586;2325.586;2325.586;2325.586;2239.453;2325.586;2325.586;2325.586;2325.586;2325.586;2325.586;2325.586;2325.586;2325.586;2411.719;2497.852;2497.852;2325.586;2325.586;2325.586;2325.586;2497.852;2497.852;2497.852;2497.852;2497.852;2497.852;2497.852;2497.852;2497.852;2325.586;2325.586;2325.586;2325.586;2497.852;2497.852;2497.852;2067.188;1981.055;1981.055;1981.055;1981.055;1981.055;1981.055;1981.055;1981.055;1981.055;1981.055;2239.453;2325.586;2325.586;2325.586;2325.586;2325.586;2239.453;2239.453;1981.055;1981.055;1981.055;1981.055;1981.055;1981.055;1981.055;1981.055	-13.04	172				3.999	2325.586	1.0565		1.933				2325.586	2325.586;2067.188;2067.188;2325.586;2325.586;2325.586;2325.586;2325.586;2067.188;2325.586;2325.586;2325.586;2325.586;2325.586;2325.586;2325.586;2325.586;1808.789;1205.859;1722.656;1636.523;1894.922;1894.922;1894.922;1894.922;1636.523;1636.523;1636.523;1464.258;1464.258;1894.922;1894.922;1894.922;1894.922;1894.922;1894.922;1464.258;2067.188;2067.188;2067.188;2067.188;2067.188;2067.188;2067.188;1722.656;1722.656;1722.656;1722.656;1808.789;1808.789;2153.320;2067.188;2067.188;2067.188;2067.188;2325.586;2325.586;1464.258;1464.258;1464.258;1464.258;1464.258;1464.258;1464.258;1464.258;1464.258;2067.188;2067.188;1808.789;1808.789;1722.656;1722.656;1636.523;1636.523;2067.188;2067.188;2067.188;2067.188;2067.188;1464.258;1464.258;1464.258;1464.258;1464.258;1464.258;1464.258;1464.258;2325.586;2325.586;1722.656;1464.258;1464.258;1464.258;1464.258;1464.258;1464.258;2067.188;1636.523;1464.258;1464.258;1464.258;1808.789;1808.789;2153.320;1464.258;1464.258;1464.258;1464.258;1464.258;1464.258;1464.258;1464.258;2067.188;2153.320;2067.188;2067.188;2067.188;2067.188;2067.188;2067.188;2067.188;2067.188;2153.320;1808.789;2153.320;2153.320;2067.188;2067.188;2067.188;2411.719;2325.586;1464.258;1464.258;1464.258;1464.258;1464.258;1464.258;1464.258;1464.258;1464.258;2067.188;2153.320;1205.859;1808.789;1808.789;1808.789;1894.922;1894.922;1894.922;1894.922;1894.922;1894.922;1894.922;1894.922;1894.922;1894.922;1981.055;1464.258;1464.258;1464.258;1464.258;1464.258;1464.258;2067.188;1894.922;1894.922;1894.922;1894.922;1894.922;1894.922;1894.922;1894.922	-0.434	2411.719	148.377	1205.859	-163.215	40.000	-44.513;0.000;44.513;0.000;0.000;0.000;0.000;-44.513;44.513;0.000;0.000;0.000;0.000;0.000;0.000;0.000;-89.026;-103.864;89.026;-14.838;44.513;0.000;0.000;0.000;-44.513;0.000;0.000;-29.675;0.000;74.189;0.000;0.000;0.000;0.000;0.000;-74.189;103.864;0.000;0.000;0.000;0.000;0.000;0.000;-59.351;0.000;0.000;0.000;14.838;0.000;59.351;-14.838;0.000;0.000;0.000;44.513;0.000;-148.377;0.000;0.000;0.000;0.000;0.000;0.000;0.000;0.000;103.864;0.000;-44.513;0.000;-14.838;0.000;-14.838;0.000;74.189;0.000;0.000;0.000;0.000;-103.864;0.000;0.000;0.000;0.000;0.000;0.000;0.000;148.377;0.000;-103.864;-44.513;0.000;0.000;0.000;0.000;0.000;103.864;-74.189;-29.675;0.000;0.000;59.351;0.000;59.351;-118.702;0.000;0.000;0.000;0.000;0.000;0.000;0.000;103.864;14.838;-14.838;0.000;0.000;0.000;0.000;0.000;0.000;0.000;14.838;-59.351;59.351;0.000;-14.838;0.000;0.000;59.351;-14.838;-148.377;0.000;0.000;0.000;0.000;0.000;0.000;0.000;0.000;103.864;14.838;-163.215;103.864;0.000;0.000;14.838;0.000;0.000;0.000;0.000;0.000;0.000;0.000;0.000;0.000;14.838;-89.026;0.000;0.000;0.000;0.000;0.000;103.864;-29.675;0.000;0.000;0.000;0.000;0.000;0.000;0.000		-16.93	1.1029	0.0994			46.09	44101	1.2132	0.2105	1.0565	0.0526	1.7067	0.7076	1.9447	0.9474	start_marker	start_marker	marker
2	Spectrogram 1	1	2.800000000	3.000000000	200ms_schroeder_master.wav	/home/m/Dropbox/Projects/acoustic_fine_features_zebra_finch/data/processed/200ms_schroeder_master.wav	2.8000	150.000	1206.910	3.416		3.379	-22.49	516.797	861.328	2.8000		2.8000	123480	0	123480	602.930	2.9025	0.5152	1056.910		0.2000	0.0929	0.1683	3.0000		200ms_schroeder_master.wav	132300	/home/m/Dropbox/Projects/acoustic_fine_features_zebra_finch/data/processed/200ms_schroeder_master.wav	132300	28.044		344.531	172.266	861.328	1033.594	172.266;172.266;172.266;172.266;172.266;172.266;172.266;172.266;172.266;172.266;172.266;172.266;172.266;172.266;172.266;172.266;172.266;172.266;172.266;172.266;172.266;172.266;172.266;172.266;172.266;172.266;172.266;172.266;172.266;172.266;172.266;172.266;172.266	344.531;344.531;344.531;344.531;430.664;430.664;344.531;344.531;344.531;344.531;430.664;430.664;344.531;344.531;344.531;344.531;344.531;430.664;344.531;344.531;344.531;344.531;344.531;430.664;430.664;344.531;344.531;344.531;344.531;430.664;430.664;344.531;430.664	602.930;602.930;602.930;602.930;602.930;602.930;602.930;602.930;602.930;602.930;602.930;602.930;602.930;602.930;602.930;602.930;602.930;602.930;602.930;602.930;602.930;602.930;602.930;602.930;602.930;602.930;602.930;602.930;602.930;602.930;602.930;602.930;775.195	861.328;861.328;775.195;775.195;861.328;861.328;861.328;861.328;775.195;775.195;861.328;861.328;861.328;861.328;775.195;775.195;861.328;861.328;861.328;861.328;861.328;775.195;775.195;861.328;861.328;861.328;861.328;775.195;775.195;861.328;861.328;861.328;947.461	1033.594;1033.594;1033.594;1033.594;1033.594;1033.594;1033.594;1033.594;1033.594;1033.594;1033.594;1033.594;1033.594;1033.594;1033.594;1033.594;1033.594;1033.594;1033.594;1033.594;1033.594;1033.594;1033.594;1033.594;1033.594;1033.594;1033.594;1033.594;1033.594;1033.594;1033.594;1033.594;1033.594	-11.35	34				3.451	602.930	2.9199		3.301				602.930	602.930;602.930;602.930;602.930;602.930;602.930;602.930;602.930;602.930;602.930;602.930;602.930;602.930;602.930;602.930;602.930;602.930;602.930;602.930;602.930;602.930;602.930;602.930;602.930;602.930;602.930;602.930;602.930;602.930;602.930;602.930;602.930;861.328	1.391	861.328	44.513	602.930	0.000	0.000	0.000;0.000;0.000;0.000;0.000;0.000;0.000;0.000;0.000;0.000;0.000;0.000;0.000;0.000;0.000;0.000;0.000;0.000;0.000;0.000;0.000;0.000;0.000;0.000;0.000;0.000;0.000;0.000;0.000;0.000;0.000;44.513		-19.43	2.9199	0.6061			11.73	8821	2.8560	0.2727	2.8154	0.0606	2.9489	0.7576	2.9838	0.9394	001_f0-200_ncomp-5_neg.wav_1	f0 200	5_n
3	Spectrogram 1	1	3.800000000	4.000000000	200ms_schroeder_master.wav	/home/m/Dropbox/Projects/acoustic_fine_features_zebra_finch/data/processed/200ms_schroeder_master.wav	3.8000	150.000	1206.910	3.419		3.380	-22.60	516.797	861.328	3.8000		3.8000	167580	0	167580	602.930	3.9009	0.5000	1056.910		0.2000	0.0929	0.1683	4.0000		200ms_schroeder_master.wav	176400	/home/m/Dropbox/Projects/acoustic_fine_features_zebra_finch/data/processed/200ms_schroeder_master.wav	176400	28.059		344.531	172.266	861.328	1033.594	172.266;172.266;172.266;172.266;172.266;172.266;172.266;172.266;172.266;172.266;172.266;172.266;172.266;172.266;172.266;172.266;172.266;172.266;172.266;172.266;172.266;172.266;172.266;172.266;172.266;172.266;172.266;172.266;172.266;172.266;172.266;172.266;172.266;258.398	344.531;344.531;344.531;344.531;430.664;430.664;344.531;344.531;344.531;344.531;430.664;430.664;344.531;344.531;344.531;344.531;430.664;430.664;344.531;344.531;344.531;344.531;344.531;430.664;430.664;344.531;344.531;344.531;344.531;430.664;430.664;344.531;344.531;602.930	516.797;516.797;602.930;602.930;602.930;602.930;602.930;602.930;602.930;602.930;602.930;602.930;602.930;602.930;602.930;602.930;602.930;602.930;602.930;602.930;602.930;602.930;602.930;602.930;602.930;602.930;602.930;602.930;602.930;602.930;602.930;602.930;602.930;775.195	775.195;775.195;861.328;861.328;861.328;861.328;775.195;775.195;861.328;861.328;861.328;861.328;775.195;775.195;861.328;861.328;861.328;861.328;775.195;775.195;861.328;861.328;861.328;861.328;861.328;775.195;775.195;861.328;861.328;861.328;861.328;775.195;775.195;861.328	1033.594;1033.594;1033.594;1033.594;1033.594;1033.594;1033.594;1033.594;1033.594;1033.594;1033.594;1033.594;1033.594;1033.594;1033.594;1033.594;1033.594;1033.594;1033.594;1033.594;1033.594;1033.594;1033.594;1033.594;1033.594;1033.594;1033.594;1033.594;1033.594;1033.594;1033.594;1033.594;1033.594;1033.594	-11.46	35				3.460	602.930	3.9300		3.297				602.930	602.930;602.930;602.930;602.930;602.930;602.930;602.930;602.930;602.930;602.930;602.930;602.930;602.930;602.930;602.930;602.930;602.930;602.930;602.930;602.930;602.930;602.930;602.930;602.930;602.930;602.930;602.930;602.930;602.930;602.930;602.930;602.930;602.930;775.195	0.899	775.195	29.675	602.930	0.000	0.000	0.000;0.000;0.000;0.000;0.000;0.000;0.000;0.000;0.000;0.000;0.000;0.000;0.000;0.000;0.000;0.000;0.000;0.000;0.000;0.000;0.000;0.000;0.000;0.000;0.000;0.000;0.000;0.000;0.000;0.000;0.000;0.000;29.675		-19.43	3.9300	0.6471			12.01	8821	3.8545	0.2647	3.8139	0.0588	3.9474	0.7353	3.9822	0.9118	002_f0-200_ncomp-5_pos.wav_1	f0 200	5_p
4	Spectrogram 1	1	4.800000000	5.000000000	200ms_schroeder_master.wav	/home/m/Dropbox/Projects/acoustic_fine_features_zebra_finch/data/processed/200ms_schroeder_master.wav	4.8000	150.000	1385.478	3.683		3.640	-23.90	602.930	1033.594	4.8000		4.8000	211680	0	211680	689.062	4.8994	0.5000	1235.478		0.2000	0.0929	0.1683	5.0000		200ms_schroeder_master.wav	220500	/home/m/Dropbox/Projects/acoustic_fine_features_zebra_finch/data/processed/200ms_schroeder_master.wav	220500	27.382		430.664	172.266	1033.594	1205.859	344.531;172.266;172.266;172.266;172.266;172.266;172.266;172.266;172.266;172.266;172.266;172.266;172.266;172.266;172.266;172.266;172.266;172.266;172.266;172.266;172.266;172.266;172.266;172.266;172.266;172.266;172.266;172.266;172.266;172.266;172.266;172.266;172.266;172.266;172.266	775.195;430.664;430.664;430.664;430.664;430.664;344.531;430.664;430.664;430.664;430.664;430.664;344.531;344.531;430.664;430.664;430.664;430.664;344.531;344.531;430.664;430.664;430.664;430.664;430.664;344.531;430.664;430.664;430.664;430.664;430.664;344.531;430.664;430.664;344.531	947.461;689.062;689.062;775.195;775.195;775.195;602.930;602.930;689.062;775.195;775.195;775.195;602.930;602.930;689.062;689.062;775.195;775.195;689.062;602.930;689.062;689.062;775.195;775.195;775.195;602.930;689.062;689.062;775.195;775.195;775.195;602.930;602.930;602.930;516.797	1033.594;947.461;947.461;1033.594;1033.594;1033.594;1033.594;947.461;947.461;1033.594;1033.594;1033.594;1033.594;947.461;947.461;1033.594;1033.594;1033.594;1033.594;1033.594;947.461;947.461;1033.594;1033.594;1033.594;1033.594;947.461;947.461;1033.594;1033.594;1033.594;1033.594;947.461;947.461;775.195	1205.859;1205.859;1205.859;1205.859;1205.859;1205.859;1205.859;1205.859;1205.859;1205.859;1205.859;1205.859;1205.859;1205.859;1205.859;1205.859;1205.859;1205.859;1205.859;1205.859;1205.859;1205.859;1205.859;1205.859;1205.859;1205.859;1205.859;1205.859;1205.859;1205.859;1205.859;1205.859;1205.859;1205.859;1291.992	-12.14	35				3.717	602.930	4.8646		3.509				602.930	947.461;775.195;1205.859;1205.859;602.930;602.930;602.930;1205.859;1205.859;1205.859;602.930;602.930;602.930;1205.859;1205.859;1205.859;602.930;602.930;602.930;1205.859;1205.859;1205.859;602.930;602.930;602.930;1205.859;1205.859;1205.859;602.930;602.930;602.930;1205.859;1205.859;602.930;258.398	-3.491	1205.859	103.864	258.398	-103.864	12.000	-29.675;74.189;0.000;-103.864;0.000;0.000;103.864;0.000;0.000;-103.864;0.000;0.000;103.864;0.000;0.000;-103.864;0.000;0.000;103.864;0.000;0.000;-103.864;0.000;0.000;103.864;0.000;0.000;-103.864;0.000;0.000;103.864;0.000;-103.864;-59.351		-20.90	4.8646	0.3235			8.76	8821	4.8530	0.2647	4.8181	0.0882	4.9458	0.7353	4.9865	0.9412	003_f0-200_ncomp-6_neg.wav_1	f0 200	6_n
5	Spectrogram 1	1	5.800000000	6.000000000	200ms_schroeder_master.wav	/home/m/Dropbox/Projects/acoustic_fine_features_zebra_finch/data/processed/200ms_schroeder_master.wav	5.8000	150.000	1385.478	3.681		3.642	-23.79	602.930	1033.594	5.8000		5.8000	255780	0	255780	689.062	5.8979	0.4848	1235.478		0.2000	0.0929	0.1683	6.0000		200ms_schroeder_master.wav	264600	/home/m/Dropbox/Projects/acoustic_fine_features_zebra_finch/data/processed/200ms_schroeder_master.wav	264600	27.369		430.664	172.266	1033.594	1205.859	172.266;172.266;172.266;172.266;172.266;172.266;172.266;172.266;172.266;172.266;172.266;172.266;172.266;172.266;172.266;172.266;172.266;172.266;172.266;172.266;172.266;172.266;172.266;172.266;172.266;172.266;172.266;172.266;172.266;172.266;172.266;172.266;172.266;172.266	430.664;430.664;430.664;430.664;430.664;344.531;430.664;430.664;430.664;430.664;430.664;344.531;344.531;430.664;430.664;430.664;430.664;430.664;344.531;430.664;430.664;430.664;430.664;430.664;344.531;430.664;430.664;430.664;430.664;430.664;344.531;430.664;430.664;344.531	775.195;775.195;775.195;689.062;689.062;602.930;689.062;775.195;775.195;689.062;689.062;602.930;602.930;775.195;775.195;775.195;689.062;602.930;602.930;775.195;775.195;775.195;689.062;602.930;602.930;775.195;775.195;775.195;689.062;602.930;602.930;775.195;775.195;602.930	1033.594;1033.594;1033.594;947.461;947.461;1033.594;1033.594;1033.594;1033.594;1033.594;947.461;947.461;1033.594;1033.594;1033.594;1033.594;947.461;947.461;1033.594;1033.594;1033.594;1033.594;947.461;947.461;1033.594;1033.594;1033.594;1033.594;947.461;947.461;1033.594;1033.594;1033.594;1033.594	1205.859;1205.859;1205.859;1205.859;1205.859;1205.859;1205.859;1205.859;1205.859;1205.859;1205.859;1205.859;1205.859;1205.859;1205.859;1205.859;1205.859;1205.859;1205.859;1205.859;1205.859;1205.859;1205.859;1205.859;1205.859;1205.859;1205.859;1205.859;1205.859;1205.859;1205.859;1205.859;1205.859;1205.859	-12.03	34				3.694	602.930	5.8804		3.584				602.930	602.930;602.930;602.930;1205.859;1205.859;1205.859;602.930;602.930;602.930;1205.859;1205.859;1205.859;602.930;602.930;602.930;1205.859;1205.859;1205.859;602.930;602.930;602.930;1205.859;1205.859;1205.859;602.930;602.930;602.930;602.930;1205.859;1205.859;1205.859;602.930;602.930;344.531	-1.349	1205.859	103.864	344.531	-103.864	9.000	0.000;0.000;103.864;0.000;0.000;-103.864;0.000;0.000;103.864;0.000;0.000;-103.864;0.000;0.000;103.864;0.000;0.000;-103.864;0.000;0.000;103.864;0.000;0.000;-103.864;0.000;0.000;0.000;103.864;0.000;0.000;-103.864;0.000;-44.513		-20.90	5.8804	0.3939			7.34	8821	5.8514	0.2424	5.8166	0.0606	5.9443	0.7273	5.9849	0.9394	004_f0-200_ncomp-6_pos.wav_1	f0 200	6_p
6	Spectrogram 1	1	6.800000000	7.000000000	200ms_schroeder_master.wav	/home/m/Dropbox/Projects/acoustic_fine_features_zebra_finch/data/processed/200ms_schroeder_master.wav	6.8000	150.000	1564.046	3.899		3.854	-24.45	775.195	1205.859	6.8000		6.8000	299880	0	299880	775.195	6.9021	0.5152	1414.046		0.2000	0.0929	0.1683	7.0000		200ms_schroeder_master.wav	308700	/home/m/Dropbox/Projects/acoustic_fine_features_zebra_finch/data/processed/200ms_schroeder_master.wav	308700	27.256		430.664	172.266	1205.859	1378.125	172.266;172.266;172.266;172.266;172.266;172.266;172.266;172.266;172.266;172.266;172.266;172.266;172.266;172.266;172.266;172.266;172.266;172.266;172.266;172.266;172.266;172.266;172.266;172.266;172.266;172.266;172.266;172.266;172.266;172.266;172.266;172.266;172.266;172.266	430.664;430.664;430.664;430.664;430.664;430.664;430.664;430.664;430.664;430.664;430.664;430.664;516.797;430.664;430.664;430.664;430.664;430.664;516.797;430.664;430.664;430.664;430.664;430.664;430.664;430.664;430.664;430.664;430.664;430.664;430.664;430.664;430.664;602.930	861.328;861.328;775.195;775.195;775.195;775.195;861.328;861.328;775.195;775.195;775.195;775.195;861.328;861.328;775.195;775.195;775.195;775.195;861.328;861.328;861.328;775.195;775.195;775.195;861.328;861.328;861.328;775.195;775.195;775.195;775.195;861.328;861.328;947.461	1205.859;1205.859;1205.859;1205.859;1119.727;1119.727;1205.859;1205.859;1205.859;1205.859;1119.727;1119.727;1205.859;1205.859;1205.859;1205.859;1119.727;1119.727;1119.727;1205.859;1205.859;1205.859;1119.727;1119.727;1119.727;1205.859;1205.859;1205.859;1205.859;1119.727;1119.727;1205.859;1205.859;1205.859	1464.258;1378.125;1378.125;1378.125;1378.125;1378.125;1378.125;1378.125;1378.125;1378.125;1378.125;1378.125;1378.125;1378.125;1378.125;1378.125;1378.125;1378.125;1378.125;1378.125;1378.125;1378.125;1378.125;1378.125;1378.125;1378.125;1378.125;1378.125;1378.125;1378.125;1378.125;1378.125;1378.125;1378.125	-12.14	34				3.898	602.930	6.9544		3.822				602.930	602.930;602.930;602.930;1205.859;1205.859;1205.859;602.930;602.930;602.930;1205.859;1205.859;1205.859;602.930;602.930;602.930;1205.859;1205.859;1205.859;602.930;602.930;602.930;602.930;1205.859;1205.859;1205.859;602.930;602.930;602.930;1205.859;1205.859;1205.859;602.930;602.930;1033.594	2.248	1205.859	103.864	602.930	-103.864	10.000	0.000;0.000;103.864;0.000;0.000;-103.864;0.000;0.000;103.864;0.000;0.000;-103.864;0.000;0.000;103.864;0.000;0.000;-103.864;0.000;0.000;0.000;103.864;0.000;0.000;-103.864;0.000;0.000;103.864;0.000;0.000;-103.864;0.000;74.189		-21.69	6.9544	0.7879			7.60	8821	6.8557	0.2727	6.8150	0.0606	6.9486	0.7576	6.9834	0.9394	005_f0-200_ncomp-7_neg.wav_1	f0 200	7_n
7	Spectrogram 1	1	7.800000000	8.000000000	200ms_schroeder_master.wav	/home/m/Dropbox/Projects/acoustic_fine_features_zebra_finch/data/processed/200ms_schroeder_master.wav	7.8000	150.000	1564.046	3.900		3.849	-24.56	775.195	1205.859	7.8000		7.8000	343980	0	343980	775.195	7.9006	0.5000	1414.046		0.2000	0.0929	0.1683	8.0000		200ms_schroeder_master.wav	352800	/home/m/Dropbox/Projects/acoustic_fine_features_zebra_finch/data/processed/200ms_schroeder_master.wav	352800	27.267		430.664	172.266	1205.859	1378.125	172.266;172.266;172.266;172.266;172.266;172.266;172.266;172.266;172.266;172.266;172.266;172.266;172.266;172.266;172.266;172.266;172.266;172.266;172.266;172.266;172.266;172.266;172.266;172.266;172.266;172.266;172.266;172.266;172.266;172.266;172.266;172.266;172.266;172.266;344.531	430.664;430.664;430.664;430.664;430.664;430.664;516.797;430.664;430.664;430.664;430.664;430.664;430.664;430.664;430.664;430.664;430.664;430.664;430.664;430.664;430.664;430.664;430.664;430.664;430.664;516.797;430.664;430.664;430.664;430.664;430.664;516.797;430.664;516.797;861.328	689.062;775.195;775.195;775.195;775.195;861.328;861.328;775.195;775.195;775.195;775.195;861.328;861.328;775.195;775.195;775.195;775.195;861.328;861.328;861.328;775.195;775.195;775.195;861.328;861.328;861.328;775.195;775.195;775.195;775.195;861.328;861.328;775.195;775.195;1033.594	1033.594;1033.594;1119.727;1205.859;1205.859;1205.859;1205.859;1119.727;1119.727;1205.859;1205.859;1205.859;1205.859;1119.727;1119.727;1205.859;1205.859;1205.859;1205.859;1119.727;1119.727;1119.727;1205.859;1205.859;1205.859;1119.727;1119.727;1119.727;1205.859;1205.859;1205.859;1205.859;1119.727;1119.727;1205.859	1378.125;1378.125;1378.125;1378.125;1378.125;1378.125;1378.125;1378.125;1378.125;1378.125;1378.125;1378.125;1378.125;1378.125;1378.125;1378.125;1378.125;1378.125;1378.125;1378.125;1378.125;1378.125;1378.125;1378.125;1378.125;1378.125;1378.125;1378.125;1378.125;1378.125;1378.125;1378.125;1378.125;1378.125;1464.258	-12.26	35				3.919	602.930	7.8657		3.712				602.930	602.930;1205.859;1205.859;1205.859;602.930;602.930;602.930;1205.859;1205.859;1205.859;602.930;602.930;602.930;1205.859;1205.859;1205.859;602.930;602.930;602.930;1205.859;1205.859;1205.859;602.930;602.930;602.930;602.930;1205.859;1205.859;1205.859;602.930;602.930;602.930;1205.859;775.195;1033.594	2.182	1205.859	103.864	602.930	-103.864	12.000	103.864;0.000;0.000;-103.864;0.000;0.000;103.864;0.000;0.000;-103.864;0.000;0.000;103.864;0.000;0.000;-103.864;0.000;0.000;103.864;0.000;0.000;-103.864;0.000;0.000;0.000;103.864;0.000;0.000;-103.864;0.000;0.000;103.864;-74.189;44.513		-21.68	7.8657	0.3235			9.16	8821	7.8541	0.2647	7.8135	0.0588	7.9470	0.7353	7.9818	0.9118	006_f0-200_ncomp-7_pos.wav_1	f0 200	7_p
8	Spectrogram 1	1	8.800000000	9.000000000	200ms_schroeder_master.wav	/home/m/Dropbox/Projects/acoustic_fine_features_zebra_finch/data/processed/200ms_schroeder_master.wav	8.8000	150.000	1831.898	4.099		4.051	-24.44	775.195	1464.258	8.8000		8.8000	388080	0	388080	861.328	8.8990	0.5000	1681.898		0.2000	0.0929	0.1683	9.0000		200ms_schroeder_master.wav	396900	/home/m/Dropbox/Projects/acoustic_fine_features_zebra_finch/data/processed/200ms_schroeder_master.wav	396900	28.096		516.797	172.266	1291.992	1636.523	516.797;172.266;172.266;172.266;172.266;172.266;172.266;172.266;172.266;172.266;172.266;172.266;172.266;172.266;172.266;172.266;172.266;172.266;172.266;172.266;172.266;172.266;172.266;172.266;172.266;172.266;172.266;172.266;172.266;172.266;172.266;172.266;172.266;172.266;172.266	947.461;516.797;516.797;602.930;602.930;516.797;430.664;430.664;516.797;602.930;602.930;602.930;430.664;430.664;516.797;516.797;602.930;602.930;430.664;430.664;516.797;516.797;602.930;602.930;430.664;430.664;430.664;516.797;602.930;602.930;516.797;430.664;430.664;430.664;344.531	1119.727;861.328;861.328;947.461;947.461;947.461;861.328;775.195;861.328;947.461;947.461;947.461;947.461;775.195;861.328;861.328;947.461;947.461;947.461;861.328;861.328;861.328;947.461;947.461;947.461;861.328;861.328;861.328;947.461;947.461;947.461;861.328;775.195;775.195;602.930	1378.125;1205.859;1205.859;1291.992;1378.125;1378.125;1378.125;1205.859;1205.859;1291.992;1291.992;1378.125;1378.125;1205.859;1205.859;1205.859;1291.992;1378.125;1378.125;1291.992;1205.859;1205.859;1291.992;1378.125;1378.125;1378.125;1205.859;1205.859;1291.992;1378.125;1378.125;1378.125;1205.859;1205.859;1291.992	1636.523;1636.523;1636.523;1636.523;1636.523;1636.523;1636.523;1636.523;1636.523;1636.523;1636.523;1636.523;1636.523;1636.523;1636.523;1636.523;1636.523;1636.523;1636.523;1636.523;1636.523;1636.523;1636.523;1636.523;1636.523;1636.523;1636.523;1636.523;1636.523;1636.523;1636.523;1636.523;1636.523;1636.523;1636.523	-11.43	35				4.119	602.930	8.8990		3.893				602.930	1205.859;775.195;1205.859;602.930;602.930;602.930;1205.859;1205.859;1205.859;602.930;602.930;602.930;1205.859;1205.859;1205.859;1205.859;602.930;602.930;602.930;1205.859;1205.859;1205.859;602.930;602.930;602.930;1205.859;1205.859;1205.859;602.930;602.930;602.930;1205.859;1205.859;602.930;344.531	-4.364	1205.859	103.864	344.531	-103.864	12.000	-74.189;74.189;-103.864;0.000;0.000;103.864;0.000;0.000;-103.864;0.000;0.000;103.864;0.000;0.000;0.000;-103.864;0.000;0.000;103.864;0.000;0.000;-103.864;0.000;0.000;103.864;0.000;0.000;-103.864;0.000;0.000;103.864;0.000;-103.864;-44.513		-21.44	8.8990	0.5000			12.64	8821	8.8526	0.2647	8.8178	0.0882	8.9455	0.7353	8.9861	0.9412	007_f0-200_ncomp-8_neg.wav_1	f0 200	8_n
9	Spectrogram 1	1	9.800000000	10.000000000	200ms_schroeder_master.wav	/home/m/Dropbox/Projects/acoustic_fine_features_zebra_finch/data/processed/200ms_schroeder_master.wav	9.8000	150.000	1831.898	4.098		4.055	-24.32	775.195	1464.258	9.8000		9.8000	432180	0	432180	947.461	9.8975	0.4848	1681.898		0.2000	0.0929	0.1683	10.0000		200ms_schroeder_master.wav	441000	/home/m/Dropbox/Projects/acoustic_fine_features_zebra_finch/data/processed/200ms_schroeder_master.wav	441000	28.086		516.797	172.266	1291.992	1636.523	172.266;172.266;172.266;172.266;172.266;172.266;172.266;172.266;172.266;172.266;172.266;172.266;172.266;172.266;172.266;172.266;172.266;172.266;172.266;172.266;172.266;172.266;172.266;172.266;172.266;172.266;172.266;172.266;172.266;172.266;172.266;172.266;172.266;172.266	602.930;516.797;602.930;602.930;516.797;430.664;430.664;430.664;602.930;602.930;516.797;516.797;430.664;430.664;602.930;602.930;516.797;516.797;430.664;430.664;602.930;602.930;602.930;516.797;430.664;430.664;516.797;602.930;602.930;516.797;430.664;430.664;430.664;430.664	1033.594;947.461;947.461;947.461;861.328;861.328;861.328;947.461;947.461;947.461;861.328;861.328;861.328;947.461;947.461;947.461;861.328;861.328;775.195;947.461;947.461;947.461;947.461;861.328;775.195;861.328;947.461;947.461;947.461;861.328;775.195;861.328;947.461;689.062	1378.125;1378.125;1378.125;1291.992;1205.859;1205.859;1378.125;1378.125;1378.125;1291.992;1205.859;1205.859;1291.992;1378.125;1378.125;1291.992;1205.859;1205.859;1205.859;1378.125;1378.125;1291.992;1291.992;1205.859;1205.859;1378.125;1378.125;1378.125;1291.992;1205.859;1205.859;1378.125;1378.125;1378.125	1636.523;1636.523;1636.523;1636.523;1636.523;1636.523;1636.523;1636.523;1636.523;1636.523;1636.523;1636.523;1636.523;1636.523;1636.523;1636.523;1636.523;1636.523;1636.523;1636.523;1636.523;1636.523;1636.523;1636.523;1636.523;1636.523;1636.523;1636.523;1636.523;1636.523;1636.523;1636.523;1636.523;1636.523	-11.31	34				4.106	602.930	9.8859		4.024				602.930	602.930;602.930;602.930;602.930;1205.859;1205.859;1205.859;602.930;602.930;602.930;1205.859;1205.859;1205.859;602.930;602.930;602.930;1205.859;1205.859;1205.859;1205.859;602.930;602.930;602.930;1205.859;1205.859;1205.859;602.930;602.930;602.930;1205.859;1205.859;1205.859;1205.859;344.531	-1.349	1205.859	103.864	344.531	-148.377	9.000	0.000;0.000;0.000;103.864;0.000;0.000;-103.864;0.000;0.000;103.864;0.000;0.000;-103.864;0.000;0.000;103.864;0.000;0.000;0.000;-103.864;0.000;0.000;103.864;0.000;0.000;-103.864;0.000;0.000;103.864;0.000;0.000;0.000;-148.377		-21.44	9.8859	0.4242			8.85	8821	9.8511	0.2424	9.8162	0.0606	9.9439	0.7273	9.9846	0.9394	008_f0-200_ncomp-8_pos.wav_1	f0 200	8_p
10	Spectrogram 1	1	10.800000000	11.000000000	200ms_schroeder_master.wav	/home/m/Dropbox/Projects/acoustic_fine_features_zebra_finch/data/processed/200ms_schroeder_master.wav	10.8000	150.000	2010.466	4.270		4.227	-25.14	861.328	1636.523	10.8000		10.8000	476280	0	476280	1033.594	10.9018	0.5152	1860.466		0.2000	0.0929	0.1683	11.0000		200ms_schroeder_master.wav	485100	/home/m/Dropbox/Projects/acoustic_fine_features_zebra_finch/data/processed/200ms_schroeder_master.wav	485100	27.683		602.930	172.266	1464.258	1808.789	172.266;172.266;172.266;172.266;172.266;172.266;172.266;172.266;172.266;172.266;172.266;172.266;172.266;172.266;172.266;172.266;172.266;172.266;172.266;172.266;172.266;172.266;172.266;172.266;172.266;172.266;172.266;172.266;172.266;172.266;172.266;172.266;172.266;172.266	602.930;602.930;516.797;516.797;516.797;602.930;602.930;602.930;602.930;516.797;516.797;602.930;602.930;602.930;602.930;516.797;516.797;602.930;602.930;602.930;602.930;516.797;516.797;516.797;602.930;602.930;602.930;516.797;516.797;516.797;602.930;602.930;602.930;775.195	1205.859;1033.594;1033.594;947.461;947.461;947.461;1033.594;1033.594;1033.594;947.461;947.461;947.461;1033.594;1033.594;1033.594;1033.594;947.461;947.461;1033.594;1033.594;1033.594;1033.594;947.461;947.461;1033.594;1033.594;1033.594;1033.594;947.461;947.461;947.461;1033.594;1119.727;1205.859	1550.391;1550.391;1464.258;1378.125;1378.125;1378.125;1464.258;1464.258;1464.258;1464.258;1378.125;1378.125;1378.125;1464.258;1464.258;1464.258;1378.125;1378.125;1378.125;1464.258;1464.258;1464.258;1378.125;1378.125;1378.125;1464.258;1464.258;1464.258;1464.258;1378.125;1378.125;1464.258;1464.258;1464.258	1808.789;1808.789;1808.789;1808.789;1808.789;1808.789;1808.789;1808.789;1808.789;1808.789;1808.789;1808.789;1808.789;1808.789;1808.789;1808.789;1808.789;1808.789;1808.789;1808.789;1808.789;1808.789;1808.789;1808.789;1808.789;1808.789;1808.789;1808.789;1808.789;1808.789;1808.789;1808.789;1808.789;1808.789	-11.71	34				4.268	602.930	10.8437		4.197				602.930	1205.859;602.930;1205.859;1205.859;1205.859;1808.789;602.930;602.930;602.930;1205.859;1205.859;1808.789;602.930;602.930;602.930;1205.859;1205.859;1808.789;1808.789;602.930;602.930;1205.859;1205.859;1808.789;1808.789;602.930;602.930;1205.859;1205.859;1205.859;1808.789;602.930;602.930;1205.859	0.000	1808.789	103.864	602.930	-207.728	11.000	-103.864;103.864;0.000;0.000;103.864;-207.728;0.000;0.000;103.864;0.000;103.864;-207.728;0.000;0.000;103.864;0.000;103.864;0.000;-207.728;0.000;103.864;0.000;103.864;0.000;-207.728;0.000;103.864;0.000;0.000;103.864;-207.728;0.000;103.864		-22.37	10.8437	0.2121			6.24	8821	10.8553	0.2727	10.8147	0.0606	10.9482	0.7576	10.9830	0.9394	009_f0-200_ncomp-9_neg.wav_1	f0 200	9_n
11	Spectrogram 1	1	11.800000000	12.000000000	200ms_schroeder_master.wav	/home/m/Dropbox/Projects/acoustic_fine_features_zebra_finch/data/processed/200ms_schroeder_master.wav	11.8000	150.000	2010.466	4.271		4.222	-25.26	861.328	1636.523	11.8000		11.8000	520380	0	520380	1033.594	11.9002	0.5000	1860.466		0.2000	0.0929	0.1741	12.0000		200ms_schroeder_master.wav	529200	/home/m/Dropbox/Projects/acoustic_fine_features_zebra_finch/data/processed/200ms_schroeder_master.wav	529200	27.692		602.930	172.266	1464.258	1808.789	172.266;172.266;172.266;172.266;172.266;172.266;172.266;172.266;172.266;172.266;172.266;172.266;172.266;172.266;172.266;172.266;172.266;172.266;172.266;172.266;172.266;172.266;172.266;172.266;172.266;172.266;172.266;172.266;172.266;172.266;172.266;172.266;172.266;172.266;258.398	602.930;602.930;602.930;516.797;516.797;602.930;602.930;602.930;602.930;516.797;516.797;602.930;602.930;602.930;602.930;516.797;516.797;602.930;602.930;602.930;602.930;516.797;516.797;516.797;602.930;602.930;602.930;516.797;516.797;516.797;602.930;602.930;602.930;689.062;1033.594	861.328;947.461;947.461;947.461;1033.594;1033.594;1033.594;1033.594;947.461;947.461;947.461;1033.594;1033.594;1033.594;947.461;947.461;947.461;1033.594;1033.594;1033.594;1033.594;947.461;947.461;1033.594;1033.594;1033.594;1033.594;947.461;947.461;1033.594;1033.594;1033.594;1033.594;1033.594;1378.125	1291.992;1378.125;1378.125;1378.125;1464.258;1464.258;1464.258;1464.258;1378.125;1378.125;1464.258;1464.258;1464.258;1464.258;1378.125;1378.125;1464.258;1464.258;1464.258;1464.258;1378.125;1378.125;1378.125;1464.258;1464.258;1464.258;1378.125;1378.125;1378.125;1464.258;1464.258;1464.258;1378.125;1378.125;1550.391	1808.789;1808.789;1808.789;1808.789;1808.789;1808.789;1808.789;1808.789;1808.789;1808.789;1808.789;1808.789;1808.789;1808.789;1808.789;1808.789;1808.789;1808.789;1808.789;1808.789;1808.789;1808.789;1808.789;1808.789;1808.789;1808.789;1808.789;1808.789;1808.789;1808.789;1808.789;1808.789;1808.789;1808.789;1808.789	-11.83	35				4.293	602.930	11.9060		4.066				602.930	602.930;602.930;1808.789;1205.859;1205.859;602.930;602.930;602.930;1808.789;1205.859;1205.859;602.930;602.930;602.930;1808.789;1205.859;1205.859;1205.859;602.930;602.930;1808.789;1808.789;1205.859;1205.859;602.930;602.930;1808.789;1808.789;1205.859;1205.859;602.930;602.930;1808.789;1205.859;1464.258	4.364	1808.789	207.728	602.930	-103.864	12.000	0.000;207.728;-103.864;0.000;-103.864;0.000;0.000;207.728;-103.864;0.000;-103.864;0.000;0.000;207.728;-103.864;0.000;0.000;-103.864;0.000;207.728;0.000;-103.864;0.000;-103.864;0.000;207.728;0.000;-103.864;0.000;-103.864;0.000;207.728;-103.864;44.513		-22.36	11.9060	0.5294			7.28	8821	11.8538	0.2647	11.8131	0.0588	11.9467	0.7353	11.9873	0.9412	010_f0-200_ncomp-9_pos.wav_1	f0 200	9_p
12	Spectrogram 1	1	12.800000000	13.000000000	200ms_schroeder_master.wav	/home/m/Dropbox/Projects/acoustic_fine_features_zebra_finch/data/processed/200ms_schroeder_master.wav	12.8000	150.000	2189.034	4.418		4.370	-25.71	1033.594	1808.789	12.8000		12.8000	564480	0	564480	1119.727	12.8987	0.4848	2039.034		0.2000	0.0929	0.1683	13.0000		200ms_schroeder_master.wav	573300	/home/m/Dropbox/Projects/acoustic_fine_features_zebra_finch/data/processed/200ms_schroeder_master.wav	573300	27.486		602.930	172.266	1636.523	1981.055	172.266;172.266;172.266;172.266;172.266;172.266;172.266;172.266;172.266;172.266;172.266;172.266;172.266;172.266;172.266;172.266;172.266;172.266;172.266;172.266;172.266;172.266;172.266;172.266;172.266;172.266;172.266;172.266;172.266;172.266;172.266;172.266;172.266;172.266	602.930;602.930;602.930;602.930;602.930;602.930;602.930;602.930;602.930;602.930;602.930;602.930;602.930;602.930;602.930;602.930;602.930;602.930;602.930;602.930;602.930;602.930;602.930;602.930;602.930;602.930;602.930;602.930;602.930;602.930;602.930;602.930;516.797;430.664	1033.594;1033.594;1119.727;1205.859;1205.859;1205.859;1033.594;1033.594;1033.594;1205.859;1205.859;1205.859;1033.594;1033.594;1033.594;1119.727;1205.859;1205.859;1033.594;1033.594;1033.594;1119.727;1205.859;1205.859;1033.594;1033.594;1033.594;1119.727;1205.859;1205.859;1119.727;1033.594;947.461;861.328	1464.258;1550.391;1550.391;1636.523;1636.523;1636.523;1636.523;1550.391;1550.391;1636.523;1636.523;1636.523;1636.523;1550.391;1550.391;1550.391;1636.523;1636.523;1636.523;1550.391;1550.391;1550.391;1636.523;1636.523;1636.523;1550.391;1550.391;1550.391;1636.523;1636.523;1636.523;1636.523;1464.258;1722.656	1981.055;1981.055;1981.055;1981.055;1981.055;1981.055;1981.055;1981.055;1981.055;1981.055;1981.055;1981.055;1981.055;1981.055;1981.055;1981.055;1981.055;1981.055;1981.055;1981.055;1981.055;1981.055;1981.055;1981.055;1981.055;1981.055;1981.055;1981.055;1981.055;1981.055;1981.055;1981.055;1981.055;1981.055	-11.91	34				4.404	602.930	12.8987		4.350				602.930	1808.789;1808.789;602.930;602.930;602.930;1205.859;1205.859;1808.789;1808.789;602.930;602.930;1205.859;1205.859;1808.789;1808.789;602.930;602.930;602.930;1205.859;1808.789;1808.789;602.930;602.930;602.930;1205.859;1205.859;1808.789;1808.789;602.930;602.930;1205.859;1205.859;602.930;258.398	-8.093	1808.789	103.864	258.398	-207.728	10.000	0.000;-207.728;0.000;0.000;103.864;0.000;103.864;0.000;-207.728;0.000;103.864;0.000;103.864;0.000;-207.728;0.000;0.000;103.864;103.864;0.000;-207.728;0.000;0.000;103.864;0.000;103.864;0.000;-207.728;0.000;103.864;0.000;-103.864;-59.351		-23.03	12.8987	0.4848			6.04	8821	12.8522	0.2424	12.8174	0.0606	12.9451	0.7273	12.9857	0.9394	011_f0-200_ncomp-10_neg.wav_1	f0 200	10_n
13	Spectrogram 1	1	13.800000000	14.000000000	200ms_schroeder_master.wav	/home/m/Dropbox/Projects/acoustic_fine_features_zebra_finch/data/processed/200ms_schroeder_master.wav	13.8000	150.000	2189.034	4.417		4.370	-25.72	1033.594	1808.789	13.8000		13.8000	608580	0	608580	1119.727	13.8971	0.4848	2039.034		0.2000	0.0987	0.1683	14.0000		200ms_schroeder_master.wav	617400	/home/m/Dropbox/Projects/acoustic_fine_features_zebra_finch/data/processed/200ms_schroeder_master.wav	617400	27.481		602.930	172.266	1636.523	1981.055	172.266;172.266;172.266;172.266;172.266;172.266;172.266;172.266;172.266;172.266;172.266;172.266;172.266;172.266;172.266;172.266;172.266;172.266;172.266;172.266;172.266;172.266;172.266;172.266;172.266;172.266;172.266;172.266;172.266;172.266;172.266;172.266;172.266;172.266	602.930;602.930;602.930;602.930;602.930;602.930;602.930;602.930;602.930;602.930;602.930;602.930;602.930;602.930;602.930;602.930;602.930;602.930;602.930;602.930;602.930;602.930;602.930;602.930;602.930;602.930;602.930;602.930;602.930;602.930;602.930;602.930;602.930;430.664	1205.859;1205.859;1205.859;1205.859;1119.727;1033.594;1033.594;1033.594;1205.859;1205.859;1119.727;1033.594;1033.594;1033.594;1205.859;1205.859;1119.727;1033.594;1033.594;1033.594;1205.859;1205.859;1205.859;1033.594;1033.594;1033.594;1205.859;1205.859;1205.859;1119.727;1033.594;1033.594;1119.727;861.328	1636.523;1636.523;1636.523;1636.523;1550.391;1550.391;1550.391;1636.523;1636.523;1636.523;1550.391;1550.391;1550.391;1636.523;1636.523;1636.523;1550.391;1550.391;1550.391;1636.523;1636.523;1636.523;1636.523;1550.391;1550.391;1636.523;1636.523;1636.523;1636.523;1550.391;1550.391;1636.523;1636.523;1550.391	1981.055;1981.055;1981.055;1981.055;1981.055;1981.055;1981.055;1981.055;1981.055;1981.055;1981.055;1981.055;1981.055;1981.055;1981.055;1981.055;1981.055;1981.055;1981.055;1981.055;1981.055;1981.055;1981.055;1981.055;1981.055;1981.055;1981.055;1981.055;1981.055;1981.055;1981.055;1981.055;1981.055;1981.055	-11.92	34				4.395	602.930	13.8913		4.350				602.930	602.930;602.930;602.930;602.930;1808.789;1808.789;1205.859;1205.859;602.930;602.930;1808.789;1808.789;1205.859;1205.859;602.930;602.930;602.930;1808.789;1808.789;1205.859;1205.859;602.930;602.930;1808.789;1808.789;1205.859;1205.859;602.930;602.930;1808.789;1808.789;1205.859;1205.859;344.531	-1.349	1808.789	207.728	344.531	-148.377	9.000	0.000;0.000;0.000;207.728;0.000;-103.864;0.000;-103.864;0.000;207.728;0.000;-103.864;0.000;-103.864;0.000;0.000;207.728;0.000;-103.864;0.000;-103.864;0.000;207.728;0.000;-103.864;0.000;-103.864;0.000;207.728;0.000;-103.864;0.000;-148.377		-23.03	13.8913	0.4545			6.73	8821	13.8507	0.2424	13.8159	0.0606	13.9494	0.7576	13.9842	0.9394	012_f0-200_ncomp-10_pos.wav_1	f0 200	10_p
14	Spectrogram 1	1	14.800000000	15.000000000	200ms_schroeder_master.wav	/home/m/Dropbox/Projects/acoustic_fine_features_zebra_finch/data/processed/200ms_schroeder_master.wav	14.8000	150.000	2456.886	4.559		4.513	-25.85	1205.859	1981.055	14.8000		14.8000	652680	0	652680	1205.859	14.9014	0.5152	2306.886		0.2000	0.0929	0.1683	15.0000		200ms_schroeder_master.wav	661500	/home/m/Dropbox/Projects/acoustic_fine_features_zebra_finch/data/processed/200ms_schroeder_master.wav	661500	27.865		602.930	172.266	1808.789	2153.320	172.266;172.266;172.266;172.266;172.266;172.266;172.266;172.266;172.266;172.266;172.266;172.266;172.266;172.266;172.266;172.266;172.266;172.266;172.266;172.266;172.266;172.266;172.266;172.266;172.266;172.266;172.266;172.266;172.266;172.266;172.266;172.266;172.266;258.398	775.195;775.195;602.930;602.930;602.930;602.930;689.062;775.195;602.930;602.930;602.930;602.930;689.062;775.195;775.195;602.930;602.930;602.930;689.062;775.195;775.195;602.930;602.930;602.930;689.062;775.195;775.195;602.930;602.930;602.930;602.930;775.195;775.195;861.328	1378.125;1378.125;1205.859;1205.859;1119.727;1119.727;1205.859;1291.992;1291.992;1205.859;1119.727;1119.727;1205.859;1291.992;1291.992;1205.859;1119.727;1119.727;1205.859;1291.992;1291.992;1205.859;1205.859;1119.727;1205.859;1205.859;1291.992;1205.859;1205.859;1119.727;1119.727;1205.859;1291.992;1378.125	1808.789;1808.789;1808.789;1808.789;1636.523;1636.523;1722.656;1808.789;1808.789;1808.789;1808.789;1636.523;1722.656;1808.789;1808.789;1808.789;1808.789;1636.523;1636.523;1722.656;1808.789;1808.789;1808.789;1636.523;1636.523;1722.656;1808.789;1808.789;1808.789;1636.523;1636.523;1722.656;1808.789;1808.789	2153.320;2153.320;2153.320;2153.320;2153.320;2153.320;2153.320;2153.320;2153.320;2153.320;2153.320;2153.320;2153.320;2153.320;2153.320;2153.320;2153.320;2153.320;2153.320;2153.320;2153.320;2153.320;2153.320;2153.320;2153.320;2153.320;2153.320;2153.320;2153.320;2153.320;2153.320;2153.320;2153.320;2153.320	-11.53	34				4.549	602.930	14.9536		4.489				602.930	1205.859;1205.859;1205.859;1205.859;1808.789;1808.789;602.930;602.930;602.930;1205.859;1808.789;1808.789;1808.789;602.930;602.930;1205.859;1205.859;1808.789;1808.789;602.930;602.930;1205.859;1205.859;1808.789;1808.789;602.930;602.930;1205.859;1205.859;1808.789;1808.789;602.930;602.930;1205.859	0.000	1808.789	103.864	602.930	-207.728	10.000	0.000;0.000;0.000;103.864;0.000;-207.728;0.000;0.000;103.864;103.864;0.000;0.000;-207.728;0.000;103.864;0.000;103.864;0.000;-207.728;0.000;103.864;0.000;103.864;0.000;-207.728;0.000;103.864;0.000;103.864;0.000;-207.728;0.000;103.864		-23.07	14.9536	0.7879			7.74	8821	14.8550	0.2727	14.8143	0.0606	14.9478	0.7576	14.9827	0.9394	013_f0-200_ncomp-11_neg.wav_1	f0 200	11_n
15	Spectrogram 1	1	15.800000000	16.000000000	200ms_schroeder_master.wav	/home/m/Dropbox/Projects/acoustic_fine_features_zebra_finch/data/processed/200ms_schroeder_master.wav	15.8000	150.000	2456.886	4.560		4.507	-25.97	1205.859	1981.055	15.8000		15.8000	696780	0	696780	1205.859	15.8999	0.5000	2306.886		0.2000	0.0929	0.1741	16.0000		200ms_schroeder_master.wav	705600	/home/m/Dropbox/Projects/acoustic_fine_features_zebra_finch/data/processed/200ms_schroeder_master.wav	705600	27.871		602.930	172.266	1808.789	2153.320	258.398;172.266;172.266;172.266;172.266;172.266;172.266;172.266;172.266;172.266;172.266;172.266;172.266;172.266;172.266;172.266;172.266;172.266;172.266;172.266;172.266;172.266;172.266;172.266;172.266;172.266;172.266;172.266;172.266;172.266;172.266;172.266;172.266;258.398;258.398	689.062;689.062;689.062;602.930;602.930;602.930;775.195;775.195;689.062;602.930;602.930;602.930;602.930;775.195;689.062;602.930;602.930;602.930;602.930;775.195;775.195;602.930;602.930;602.930;602.930;775.195;775.195;689.062;602.930;602.930;602.930;775.195;775.195;861.328;1291.992	1119.727;1205.859;1205.859;1119.727;1119.727;1205.859;1291.992;1291.992;1205.859;1119.727;1119.727;1205.859;1291.992;1291.992;1205.859;1119.727;1119.727;1205.859;1291.992;1291.992;1205.859;1119.727;1119.727;1205.859;1205.859;1291.992;1205.859;1205.859;1119.727;1205.859;1205.859;1291.992;1291.992;1291.992;1636.523	1636.523;1636.523;1636.523;1636.523;1808.789;1808.789;1808.789;1808.789;1722.656;1636.523;1808.789;1808.789;1808.789;1808.789;1722.656;1636.523;1722.656;1808.789;1808.789;1808.789;1722.656;1636.523;1636.523;1808.789;1808.789;1808.789;1722.656;1636.523;1636.523;1808.789;1808.789;1808.789;1722.656;1722.656;1981.055	2153.320;2153.320;2153.320;2153.320;2153.320;2153.320;2153.320;2153.320;2153.320;2153.320;2153.320;2153.320;2153.320;2153.320;2153.320;2153.320;2153.320;2153.320;2153.320;2153.320;2153.320;2153.320;2153.320;2153.320;2153.320;2153.320;2153.320;2153.320;2153.320;2153.320;2153.320;2153.320;2153.320;2153.320;2239.453	-11.65	35				4.571	602.930	15.9115		4.363				602.930	602.930;1808.789;1808.789;1808.789;1205.859;1205.859;602.930;602.930;1808.789;1808.789;1808.789;1205.859;602.930;602.930;602.930;1808.789;1808.789;1205.859;602.930;602.930;602.930;1808.789;1808.789;1205.859;1205.859;602.930;602.930;1808.789;1808.789;1205.859;1205.859;602.930;602.930;1808.789;1894.922	6.546	1894.922	207.728	602.930	-103.864	10.000	207.728;0.000;0.000;-103.864;0.000;-103.864;0.000;207.728;0.000;0.000;-103.864;-103.864;0.000;0.000;207.728;0.000;-103.864;-103.864;0.000;0.000;207.728;0.000;-103.864;0.000;-103.864;0.000;207.728;0.000;-103.864;0.000;-103.864;0.000;207.728;14.838		-23.07	15.9115	0.5588			10.39	8821	15.8534	0.2647	15.8128	0.0588	15.9463	0.7353	15.9869	0.9412	014_f0-200_ncomp-11_pos.wav_1	f0 200	11_p
16	Spectrogram 1	1	16.800000000	17.000000000	200ms_schroeder_master.wav	/home/m/Dropbox/Projects/acoustic_fine_features_zebra_finch/data/processed/200ms_schroeder_master.wav	16.8000	150.000	2635.454	4.687		4.641	-26.12	1205.859	2153.320	16.8000		16.8000	740880	0	740880	1291.992	16.8983	0.4848	2485.454		0.2000	0.0929	0.1683	17.0000		200ms_schroeder_master.wav	749700	/home/m/Dropbox/Projects/acoustic_fine_features_zebra_finch/data/processed/200ms_schroeder_master.wav	749700	27.898		689.062	258.398	1894.922	2411.719	258.398;258.398;258.398;258.398;172.266;258.398;258.398;258.398;258.398;258.398;172.266;258.398;258.398;258.398;258.398;258.398;172.266;258.398;258.398;258.398;258.398;258.398;172.266;258.398;258.398;258.398;258.398;258.398;258.398;258.398;258.398;258.398;258.398;258.398	689.062;689.062;775.195;775.195;775.195;775.195;602.930;602.930;689.062;775.195;775.195;775.195;602.930;602.930;689.062;775.195;775.195;775.195;602.930;602.930;689.062;775.195;775.195;775.195;689.062;602.930;689.062;775.195;775.195;775.195;689.062;602.930;602.930;516.797	1205.859;1205.859;1291.992;1378.125;1378.125;1378.125;1205.859;1205.859;1205.859;1378.125;1378.125;1378.125;1205.859;1205.859;1205.859;1291.992;1378.125;1378.125;1378.125;1205.859;1205.859;1291.992;1378.125;1378.125;1378.125;1205.859;1205.859;1291.992;1378.125;1378.125;1378.125;1205.859;1119.727;1205.859	1808.789;1808.789;1808.789;1894.922;1981.055;1981.055;1981.055;1808.789;1808.789;1808.789;1981.055;1981.055;1981.055;1808.789;1808.789;1808.789;1894.922;1981.055;1981.055;1808.789;1808.789;1808.789;1894.922;1981.055;1981.055;1894.922;1808.789;1808.789;1894.922;1981.055;1981.055;1981.055;1808.789;2067.188	2411.719;2411.719;2411.719;2411.719;2411.719;2411.719;2411.719;2411.719;2411.719;2411.719;2411.719;2411.719;2411.719;2411.719;2411.719;2411.719;2411.719;2411.719;2411.719;2411.719;2411.719;2411.719;2411.719;2411.719;2411.719;2411.719;2411.719;2411.719;2411.719;2411.719;2411.719;2411.719;2411.719;2411.719	-11.50	34				4.674	602.930	16.8635		4.618				602.930	1808.789;1808.789;602.930;602.930;602.930;1205.859;1205.859;1808.789;1808.789;602.930;602.930;1205.859;1205.859;1808.789;1808.789;602.930;602.930;602.930;1205.859;1808.789;1808.789;2411.719;602.930;602.930;1205.859;1808.789;1808.789;2411.719;602.930;602.930;1205.859;1205.859;1205.859;258.398	-8.093	2411.719	103.864	258.398	-311.592	10.000	0.000;-207.728;0.000;0.000;103.864;0.000;103.864;0.000;-207.728;0.000;103.864;0.000;103.864;0.000;-207.728;0.000;0.000;103.864;103.864;0.000;103.864;-311.592;0.000;103.864;103.864;0.000;103.864;-311.592;0.000;103.864;0.000;0.000;-163.215		-23.41	16.8635	0.3030			6.61	8821	16.8519	0.2424	16.8170	0.0606	16.9448	0.7273	16.9854	0.9394	015_f0-200_ncomp-12_neg.wav_1	f0 200	12_n
17	Spectrogram 1	1	17.800000000	18.000000000	200ms_schroeder_master.wav	/home/m/Dropbox/Projects/acoustic_fine_features_zebra_finch/data/processed/200ms_schroeder_master.wav	17.8000	150.000	2635.454	4.686		4.641	-26.13	1205.859	2153.320	17.8000		17.8000	784980	0	784980	1291.992	17.9026	0.5152	2485.454		0.2000	0.0929	0.1683	18.0000		200ms_schroeder_master.wav	793800	/home/m/Dropbox/Projects/acoustic_fine_features_zebra_finch/data/processed/200ms_schroeder_master.wav	793800	27.895		689.062	258.398	1894.922	2411.719	258.398;258.398;258.398;258.398;258.398;258.398;258.398;258.398;258.398;258.398;258.398;258.398;258.398;258.398;258.398;258.398;172.266;258.398;258.398;258.398;258.398;258.398;172.266;258.398;258.398;258.398;258.398;258.398;172.266;258.398;258.398;258.398;258.398;258.398	602.930;602.930;775.195;775.195;775.195;689.062;602.930;602.930;689.062;775.195;775.195;775.195;689.062;602.930;602.930;775.195;775.195;775.195;689.062;602.930;602.930;775.195;775.195;775.195;689.062;602.930;602.930;775.195;775.195;775.195;689.062;602.930;602.930;602.930	1378.125;1378.125;1378.125;1378.125;1291.992;1205.859;1205.859;1205.859;1378.125;1378.125;1378.125;1291.992;1205.859;1205.859;1378.125;1378.125;1378.125;1291.992;1205.859;1205.859;1378.125;1378.125;1378.125;1291.992;1205.859;1205.859;1205.859;1378.125;1378.125;1378.125;1205.859;1205.859;1205.859;947.461	1981.055;1981.055;1981.055;1894.922;1808.789;1808.789;1808.789;1981.055;1981.055;1981.055;1894.922;1808.789;1808.789;1894.922;1981.055;1981.055;1894.922;1808.789;1808.789;1808.789;1981.055;1981.055;1894.922;1808.789;1808.789;1808.789;1981.055;1981.055;1981.055;1894.922;1808.789;1808.789;1981.055;1636.523	2411.719;2411.719;2411.719;2411.719;2411.719;2411.719;2411.719;2411.719;2411.719;2411.719;2411.719;2411.719;2411.719;2411.719;2411.719;2411.719;2411.719;2411.719;2411.719;2411.719;2411.719;2411.719;2411.719;2411.719;2411.719;2411.719;2411.719;2411.719;2411.719;2411.719;2411.719;2411.719;2411.719;2411.719	-11.50	34				4.674	602.930	17.9664		4.618				602.930	1205.859;1205.859;602.930;602.930;602.930;1808.789;1808.789;1205.859;1205.859;602.930;602.930;2411.719;1808.789;1808.789;1205.859;602.930;602.930;2411.719;1808.789;1808.789;1205.859;602.930;602.930;602.930;1808.789;1808.789;1205.859;1205.859;602.930;602.930;1808.789;1808.789;1808.789;775.195	-2.248	2411.719	311.592	602.930	-178.053	10.000	0.000;-103.864;0.000;0.000;207.728;0.000;-103.864;0.000;-103.864;0.000;311.592;-103.864;0.000;-103.864;-103.864;0.000;311.592;-103.864;0.000;-103.864;-103.864;0.000;0.000;207.728;0.000;-103.864;0.000;-103.864;0.000;207.728;0.000;0.000;-178.053		-23.41	17.9664	0.8485			6.71	8821	17.8561	0.2727	17.8155	0.0606	17.9490	0.7576	17.9838	0.9394	016_f0-200_ncomp-12_pos.wav_1	f0 200	12_p
18	Spectrogram 1	1	18.800000000	19.000000000	200ms_schroeder_master.wav	/home/m/Dropbox/Projects/acoustic_fine_features_zebra_finch/data/processed/200ms_schroeder_master.wav	18.8000	150.000	2814.022	4.799		4.743	-26.75	1291.992	2325.586	18.8000		18.8000	829080	0	829080	1378.125	18.9010	0.5000	2664.022		0.2000	0.0929	0.1683	19.0000		200ms_schroeder_master.wav	837900	/home/m/Dropbox/Projects/acoustic_fine_features_zebra_finch/data/processed/200ms_schroeder_master.wav	837900	27.685		775.195	258.398	2067.188	2583.984	258.398;258.398;258.398;258.398;258.398;258.398;258.398;258.398;258.398;258.398;258.398;258.398;258.398;258.398;258.398;258.398;258.398;258.398;258.398;258.398;258.398;258.398;258.398;258.398;258.398;258.398;258.398;258.398;258.398;258.398;258.398;258.398;258.398;258.398;258.398	689.062;947.461;775.195;775.195;689.062;689.062;775.195;861.328;775.195;775.195;689.062;689.062;775.195;861.328;775.195;775.195;689.062;689.062;775.195;775.195;861.328;775.195;689.062;689.062;775.195;775.195;861.328;775.195;689.062;689.062;689.062;775.195;861.328;947.461;775.195	1894.922;1636.523;1550.391;1378.125;1378.125;1291.992;1378.125;1464.258;1550.391;1464.258;1378.125;1291.992;1378.125;1464.258;1550.391;1464.258;1378.125;1291.992;1291.992;1464.258;1550.391;1550.391;1378.125;1291.992;1291.992;1378.125;1464.258;1550.391;1378.125;1291.992;1291.992;1378.125;1464.258;1550.391;1033.594	2325.586;2153.320;2153.320;2153.320;2067.188;1981.055;1981.055;2067.188;2153.320;2153.320;2067.188;1981.055;1981.055;1981.055;2067.188;2153.320;2067.188;1981.055;1981.055;1981.055;2067.188;2153.320;2067.188;1981.055;1981.055;1981.055;2067.188;2153.320;2153.320;1981.055;1981.055;1981.055;2067.188;1981.055;1378.125	2583.984;2583.984;2583.984;2583.984;2583.984;2583.984;2583.984;2583.984;2583.984;2583.984;2583.984;2583.984;2583.984;2583.984;2583.984;2583.984;2583.984;2583.984;2583.984;2583.984;2583.984;2583.984;2583.984;2583.984;2583.984;2583.984;2583.984;2583.984;2583.984;2583.984;2583.984;2583.984;2583.984;2583.984;2067.188	-11.84	35				4.798	602.930	18.9184		4.529				602.930	2497.852;1808.789;602.930;1205.859;1808.789;1808.789;2411.719;602.930;602.930;1205.859;1808.789;1808.789;2411.719;602.930;602.930;1205.859;1808.789;1808.789;2411.719;602.930;602.930;1205.859;1205.859;1808.789;2411.719;2411.719;602.930;1205.859;1205.859;1808.789;2411.719;2411.719;602.930;1205.859;1033.594	-7.419	2497.852	103.864	602.930	-311.592	12.000	-118.702;-207.728;103.864;103.864;0.000;103.864;-311.592;0.000;103.864;103.864;0.000;103.864;-311.592;0.000;103.864;103.864;0.000;103.864;-311.592;0.000;103.864;0.000;103.864;103.864;0.000;-311.592;103.864;0.000;103.864;103.864;0.000;-311.592;103.864;-29.675		-23.98	18.9184	0.5882			7.05	8821	18.8546	0.2647	18.8140	0.0588	18.9475	0.7353	18.9823	0.9118	017_f0-200_ncomp-13_neg.wav_1	f0 200	13_n
19	Spectrogram 1	1	19.800000000	20.000000000	200ms_schroeder_master.wav	/home/m/Dropbox/Projects/acoustic_fine_features_zebra_finch/data/processed/200ms_schroeder_master.wav	19.8000	150.000	2814.022	4.799		4.743	-26.75	1291.992	2325.586	19.8000		19.8000	873180	0	873180	1378.125	19.8995	0.5000	2664.022		0.2000	0.0929	0.1683	20.0000		200ms_schroeder_master.wav	882000	/home/m/Dropbox/Projects/acoustic_fine_features_zebra_finch/data/processed/200ms_schroeder_master.wav	882000	27.687		775.195	258.398	2067.188	2583.984	258.398;258.398;258.398;258.398;258.398;258.398;258.398;258.398;258.398;258.398;258.398;258.398;258.398;258.398;258.398;258.398;258.398;258.398;258.398;258.398;258.398;258.398;258.398;258.398;258.398;258.398;258.398;258.398;258.398;258.398;258.398;258.398;258.398;258.398;258.398	861.328;861.328;775.195;775.195;689.062;689.062;775.195;861.328;775.195;775.195;689.062;689.062;775.195;775.195;861.328;775.195;689.062;689.062;775.195;775.195;861.328;775.195;689.062;689.062;775.195;775.195;861.328;775.195;775.195;689.062;689.062;775.195;861.328;947.461;1378.125	1378.125;1378.125;1378.125;1291.992;1291.992;1378.125;1550.391;1550.391;1464.258;1378.125;1291.992;1378.125;1464.258;1550.391;1464.258;1378.125;1291.992;1378.125;1464.258;1550.391;1464.258;1378.125;1291.992;1378.125;1378.125;1550.391;1464.258;1378.125;1291.992;1291.992;1378.125;1550.391;1550.391;1550.391;1894.922	1894.922;1894.922;1981.055;1981.055;1981.055;2067.188;2153.320;2067.188;1981.055;1981.055;1981.055;2067.188;2153.320;2067.188;1981.055;1981.055;1981.055;2067.188;2153.320;2153.320;2067.188;1981.055;1981.055;1981.055;2153.320;2153.320;2067.188;1981.055;1981.055;1981.055;2153.320;2153.320;2067.188;2067.188;2325.586	2583.984;2583.984;2583.984;2583.984;2583.984;2583.984;2583.984;2583.984;2583.984;2583.984;2583.984;2583.984;2583.984;2583.984;2583.984;2583.984;2583.984;2583.984;2583.984;2583.984;2583.984;2583.984;2583.984;2583.984;2583.984;2583.984;2583.984;2583.984;2583.984;2583.984;2583.984;2583.984;2583.984;2583.984;2583.984	-11.84	35				4.802	602.930	19.9866		4.563				602.930	1205.859;1205.859;2411.719;2411.719;1808.789;1205.859;1205.859;602.930;602.930;2411.719;1808.789;1808.789;1205.859;602.930;602.930;2411.719;1808.789;1808.789;1205.859;602.930;602.930;2411.719;1808.789;1808.789;1205.859;602.930;602.930;2411.719;2411.719;1808.789;1205.859;1205.859;602.930;1981.055;2325.586	5.673	2411.719	311.592	602.930	-103.864	10.000	0.000;207.728;0.000;-103.864;-103.864;0.000;-103.864;0.000;311.592;-103.864;0.000;-103.864;-103.864;0.000;311.592;-103.864;0.000;-103.864;-103.864;0.000;311.592;-103.864;0.000;-103.864;-103.864;0.000;311.592;0.000;-103.864;-103.864;0.000;-103.864;237.404;59.351		-23.98	19.9866	0.9412			6.75	8821	19.8530	0.2647	19.8182	0.0882	19.9459	0.7353	19.9866	0.9412	018_f0-200_ncomp-13_pos.wav_1	f0 200	13_p
20	Spectrogram 1	1	20.800000000	21.000000000	200ms_schroeder_master.wav	/home/m/Dropbox/Projects/acoustic_fine_features_zebra_finch/data/processed/200ms_schroeder_master.wav	20.8000	150.000	3081.874	4.908		4.860	-26.69	1464.258	2497.852	20.8000		20.8000	917280	0	917280	1464.258	20.8979	0.4848	2931.874		0.2000	0.0929	0.1683	21.0000		200ms_schroeder_master.wav	926100	/home/m/Dropbox/Projects/acoustic_fine_features_zebra_finch/data/processed/200ms_schroeder_master.wav	926100	28.021		775.195	258.398	2239.453	2756.250	258.398;258.398;258.398;258.398;258.398;258.398;258.398;258.398;258.398;258.398;258.398;258.398;258.398;258.398;258.398;258.398;258.398;258.398;258.398;258.398;258.398;258.398;258.398;258.398;258.398;258.398;258.398;258.398;258.398;258.398;258.398;258.398;258.398;258.398	689.062;775.195;775.195;861.328;947.461;861.328;775.195;775.195;775.195;861.328;947.461;861.328;775.195;775.195;775.195;861.328;947.461;861.328;775.195;775.195;775.195;775.195;861.328;861.328;775.195;775.195;775.195;775.195;861.328;947.461;775.195;775.195;689.062;602.930	1291.992;1378.125;1464.258;1550.391;1636.523;1636.523;1550.391;1378.125;1378.125;1464.258;1636.523;1636.523;1550.391;1378.125;1378.125;1464.258;1550.391;1636.523;1550.391;1378.125;1378.125;1464.258;1550.391;1636.523;1636.523;1464.258;1378.125;1378.125;1550.391;1636.523;1636.523;1464.258;1378.125;1808.789	2153.320;2153.320;2153.320;2153.320;2239.453;2239.453;2239.453;2153.320;2153.320;2153.320;2239.453;2239.453;2239.453;2239.453;2153.320;2153.320;2153.320;2239.453;2239.453;2239.453;2153.320;2153.320;2153.320;2239.453;2239.453;2239.453;2153.320;2153.320;2153.320;2239.453;2239.453;2239.453;2153.320;2411.719	2756.250;2756.250;2756.250;2756.250;2756.250;2756.250;2756.250;2756.250;2756.250;2756.250;2756.250;2756.250;2756.250;2756.250;2756.250;2756.250;2756.250;2756.250;2756.250;2756.250;2756.250;2756.250;2756.250;2756.250;2756.250;2756.250;2756.250;2756.250;2756.250;2756.250;2756.250;2756.250;2756.250;2756.250	-11.38	34				4.884	602.930	20.8283		4.843				602.930	2411.719;2411.719;2411.719;602.930;602.930;1205.859;1205.859;1808.789;2411.719;602.930;602.930;602.930;1205.859;1808.789;2411.719;2411.719;602.930;602.930;1205.859;1808.789;2411.719;2411.719;602.930;602.930;1205.859;1808.789;1808.789;2411.719;602.930;602.930;1205.859;1205.859;1205.859;2670.117	1.349	2670.117	252.241	602.930	-311.592	9.000	0.000;0.000;-311.592;0.000;103.864;0.000;103.864;103.864;-311.592;0.000;0.000;103.864;103.864;103.864;0.000;-311.592;0.000;103.864;103.864;103.864;0.000;-311.592;0.000;103.864;103.864;0.000;103.864;-311.592;0.000;103.864;0.000;0.000;252.241		-23.97	20.8283	0.1212			6.86	8821	20.8515	0.2424	20.8167	0.0606	20.9444	0.7273	20.9850	0.9394	019_f0-200_ncomp-14_neg.wav_1	f0 200	14_n
21	Spectrogram 1	1	21.800000000	22.000000000	200ms_schroeder_master.wav	/home/m/Dropbox/Projects/acoustic_fine_features_zebra_finch/data/processed/200ms_schroeder_master.wav	21.8000	150.000	3081.874	4.907		4.860	-26.69	1464.258	2497.852	21.8000		21.8000	961380	0	961380	1464.258	21.9022	0.5152	2931.874		0.2000	0.0929	0.1683	22.0000		200ms_schroeder_master.wav	970200	/home/m/Dropbox/Projects/acoustic_fine_features_zebra_finch/data/processed/200ms_schroeder_master.wav	970200	28.020		775.195	258.398	2239.453	2756.250	258.398;258.398;258.398;258.398;258.398;258.398;258.398;258.398;258.398;258.398;258.398;258.398;258.398;258.398;258.398;258.398;258.398;258.398;258.398;258.398;258.398;258.398;258.398;258.398;258.398;258.398;258.398;258.398;258.398;258.398;258.398;258.398;258.398;258.398	689.062;775.195;775.195;861.328;861.328;775.195;775.195;775.195;775.195;775.195;947.461;861.328;775.195;775.195;775.195;775.195;947.461;861.328;775.195;775.195;775.195;775.195;861.328;861.328;861.328;775.195;775.195;775.195;861.328;947.461;861.328;775.195;689.062;689.062	1378.125;1464.258;1636.523;1636.523;1550.391;1464.258;1378.125;1378.125;1550.391;1636.523;1636.523;1550.391;1378.125;1378.125;1464.258;1636.523;1636.523;1550.391;1378.125;1378.125;1378.125;1636.523;1636.523;1550.391;1464.258;1378.125;1378.125;1550.391;1636.523;1550.391;1464.258;1378.125;1378.125;1205.859	2239.453;2239.453;2239.453;2239.453;2153.320;2153.320;2153.320;2153.320;2239.453;2239.453;2239.453;2153.320;2153.320;2153.320;2239.453;2239.453;2239.453;2153.320;2153.320;2153.320;2239.453;2239.453;2239.453;2153.320;2153.320;2153.320;2239.453;2239.453;2239.453;2239.453;2153.320;2153.320;2239.453;1808.789	2756.250;2756.250;2756.250;2756.250;2756.250;2756.250;2756.250;2756.250;2756.250;2756.250;2756.250;2756.250;2756.250;2756.250;2756.250;2756.250;2756.250;2756.250;2756.250;2756.250;2756.250;2756.250;2756.250;2756.250;2756.250;2756.250;2756.250;2756.250;2756.250;2756.250;2756.250;2756.250;2756.250;2756.250	-11.38	34				4.884	602.930	21.8616		4.843				602.930	1205.859;1205.859;1205.859;602.930;602.930;2411.719;2411.719;1808.789;1205.859;1205.859;602.930;602.930;2411.719;1808.789;1808.789;1205.859;602.930;602.930;2411.719;1808.789;1808.789;1205.859;602.930;602.930;2411.719;2411.719;1808.789;1205.859;602.930;602.930;2411.719;2411.719;2411.719;775.195	-2.248	2411.719	311.592	602.930	-281.917	10.000	0.000;0.000;-103.864;0.000;311.592;0.000;-103.864;-103.864;0.000;-103.864;0.000;311.592;-103.864;0.000;-103.864;-103.864;0.000;311.592;-103.864;0.000;-103.864;-103.864;0.000;311.592;0.000;-103.864;-103.864;-103.864;0.000;311.592;0.000;0.000;-281.917		-23.97	21.8616	0.3030			6.85	8821	21.8558	0.2727	21.8151	0.0606	21.9487	0.7576	21.9835	0.9394	020_f0-200_ncomp-14_pos.wav_1	f0 200	14_p
22	Spectrogram 1	1	22.800000000	23.000000000	200ms_schroeder_master.wav	/home/m/Dropbox/Projects/acoustic_fine_features_zebra_finch/data/processed/200ms_schroeder_master.wav	22.8000	150.000	3260.442	5.010		4.956	-26.99	1550.391	2670.117	22.8000		22.8000	1005480	0	1005480	1636.523	22.9007	0.5000	3110.442		0.2000	0.0929	0.1683	23.0000		200ms_schroeder_master.wav	1014300	/home/m/Dropbox/Projects/acoustic_fine_features_zebra_finch/data/processed/200ms_schroeder_master.wav	1014300	28.094		861.328	258.398	2411.719	2928.516	258.398;258.398;258.398;258.398;258.398;258.398;258.398;258.398;258.398;258.398;258.398;258.398;258.398;258.398;258.398;258.398;258.398;258.398;258.398;258.398;258.398;258.398;258.398;258.398;258.398;258.398;258.398;258.398;258.398;258.398;258.398;258.398;258.398;344.531;258.398	1119.727;947.461;947.461;775.195;775.195;775.195;861.328;947.461;947.461;861.328;775.195;775.195;861.328;947.461;947.461;947.461;775.195;775.195;775.195;861.328;947.461;947.461;775.195;775.195;775.195;861.328;947.461;947.461;861.328;775.195;775.195;861.328;947.461;1033.594;775.195	1808.789;1722.656;1722.656;1636.523;1550.391;1464.258;1550.391;1636.523;1722.656;1722.656;1636.523;1464.258;1464.258;1636.523;1722.656;1808.789;1636.523;1464.258;1464.258;1550.391;1722.656;1808.789;1636.523;1550.391;1464.258;1550.391;1636.523;1722.656;1636.523;1550.391;1464.258;1550.391;1636.523;1636.523;1119.727	2411.719;2411.719;2411.719;2411.719;2411.719;2239.453;2239.453;2325.586;2411.719;2411.719;2411.719;2325.586;2239.453;2239.453;2411.719;2411.719;2411.719;2411.719;2239.453;2239.453;2325.586;2411.719;2411.719;2411.719;2239.453;2239.453;2325.586;2411.719;2411.719;2411.719;2239.453;2239.453;2325.586;2239.453;1550.391	2928.516;2928.516;2928.516;2928.516;2928.516;3014.648;3014.648;2928.516;2928.516;2928.516;2928.516;2928.516;3014.648;3014.648;2928.516;2928.516;2928.516;2928.516;3014.648;3014.648;2928.516;2928.516;2928.516;2928.516;3014.648;3014.648;3014.648;2928.516;2928.516;2928.516;2928.516;3014.648;3014.648;2928.516;2756.250	-11.43	35				5.014	602.930	22.8833		4.751				602.930	2583.984;602.930;602.930;1205.859;1808.789;2411.719;602.930;602.930;602.930;1205.859;1808.789;1808.789;2411.719;602.930;602.930;1205.859;1205.859;1808.789;2411.719;602.930;602.930;1205.859;1205.859;1808.789;2411.719;2411.719;602.930;602.930;1205.859;1808.789;2411.719;2411.719;602.930;1205.859;1033.594	-7.855	2583.984	103.864	602.930	-341.268	12.000	-341.268;0.000;103.864;103.864;103.864;-311.592;0.000;0.000;103.864;103.864;0.000;103.864;-311.592;0.000;103.864;0.000;103.864;103.864;-311.592;0.000;103.864;0.000;103.864;103.864;0.000;-311.592;0.000;103.864;103.864;103.864;0.000;-311.592;103.864;-29.675		-24.20	22.8833	0.4118			7.36	8821	22.8542	0.2647	22.8136	0.0588	22.9471	0.7353	22.9819	0.9118	021_f0-200_ncomp-15_neg.wav_1	f0 200	15_n
23	Spectrogram 1	1	23.800000000	24.000000000	200ms_schroeder_master.wav	/home/m/Dropbox/Projects/acoustic_fine_features_zebra_finch/data/processed/200ms_schroeder_master.wav	23.8000	150.000	3260.442	5.010		4.955	-26.99	1550.391	2670.117	23.8000		23.8000	1049580	0	1049580	1636.523	23.8991	0.5000	3110.442		0.2000	0.0929	0.1683	24.0000		200ms_schroeder_master.wav	1058400	/home/m/Dropbox/Projects/acoustic_fine_features_zebra_finch/data/processed/200ms_schroeder_master.wav	1058400	28.094		861.328	258.398	2411.719	2928.516	344.531;258.398;258.398;258.398;258.398;258.398;258.398;258.398;258.398;258.398;258.398;258.398;258.398;258.398;258.398;258.398;258.398;258.398;258.398;258.398;258.398;258.398;258.398;258.398;258.398;258.398;258.398;258.398;258.398;258.398;258.398;258.398;258.398;258.398;258.398	1033.594;1033.594;947.461;861.328;775.195;775.195;775.195;947.461;947.461;861.328;775.195;775.195;775.195;947.461;947.461;947.461;861.328;775.195;775.195;861.328;947.461;947.461;861.328;775.195;775.195;861.328;947.461;947.461;861.328;775.195;775.195;861.328;947.461;1119.727;947.461	1636.523;1636.523;1636.523;1550.391;1464.258;1550.391;1636.523;1808.789;1722.656;1550.391;1464.258;1464.258;1636.523;1808.789;1722.656;1636.523;1464.258;1464.258;1636.523;1722.656;1722.656;1636.523;1550.391;1464.258;1550.391;1722.656;1722.656;1636.523;1550.391;1464.258;1550.391;1636.523;1722.656;1808.789;2153.320	2239.453;2325.586;2325.586;2239.453;2325.586;2411.719;2411.719;2411.719;2325.586;2239.453;2239.453;2411.719;2411.719;2411.719;2411.719;2239.453;2239.453;2325.586;2411.719;2411.719;2411.719;2325.586;2239.453;2239.453;2411.719;2411.719;2411.719;2325.586;2239.453;2239.453;2411.719;2411.719;2411.719;2411.719;2670.117	2928.516;2928.516;3014.648;3014.648;2928.516;2928.516;2928.516;2928.516;2928.516;3014.648;3014.648;2928.516;2928.516;2928.516;2928.516;3014.648;3014.648;2928.516;2928.516;2928.516;2928.516;3014.648;3014.648;2928.516;2928.516;2928.516;2928.516;3014.648;3014.648;2928.516;2928.516;2928.516;2928.516;2928.516;3014.648	-11.43	35				5.011	602.930	23.8817		4.737				602.930	1205.859;602.930;602.930;2411.719;1808.789;1808.789;1205.859;1205.859;602.930;602.930;2411.719;1808.789;1205.859;1205.859;602.930;602.930;2411.719;1808.789;1808.789;1205.859;602.930;602.930;2411.719;2411.719;1808.789;1205.859;602.930;602.930;2411.719;2411.719;1808.789;1205.859;602.930;2583.984;2756.250	7.855	2756.250	341.268	602.930	-103.864	11.000	-103.864;0.000;311.592;-103.864;0.000;-103.864;0.000;-103.864;0.000;311.592;-103.864;-103.864;0.000;-103.864;0.000;311.592;-103.864;0.000;-103.864;-103.864;0.000;311.592;0.000;-103.864;-103.864;-103.864;0.000;311.592;0.000;-103.864;-103.864;-103.864;341.268;29.675		-24.20	23.8817	0.4118			7.37	8821	23.8527	0.2647	23.8179	0.0882	23.9456	0.7353	23.9862	0.9412	022_f0-200_ncomp-15_pos.wav_1	f0 200	15_p
24	Spectrogram 1	1	24.800000000	25.000000000	200ms_schroeder_master.wav	/home/m/Dropbox/Projects/acoustic_fine_features_zebra_finch/data/processed/200ms_schroeder_master.wav	24.8000	150.000	3439.010	5.099		5.050	-27.28	1636.523	2928.516	24.8000		24.8000	1093680	0	1093680	1722.656	24.8976	0.4848	3289.010		0.2000	0.0929	0.1683	25.0000		200ms_schroeder_master.wav	1102500	/home/m/Dropbox/Projects/acoustic_fine_features_zebra_finch/data/processed/200ms_schroeder_master.wav	1102500	27.910		861.328	258.398	2497.852	3186.914	258.398;258.398;258.398;258.398;258.398;258.398;258.398;258.398;258.398;258.398;258.398;258.398;258.398;258.398;258.398;258.398;258.398;258.398;258.398;258.398;258.398;258.398;258.398;258.398;258.398;258.398;258.398;258.398;258.398;258.398;258.398;258.398;258.398;258.398	775.195;775.195;861.328;947.461;1033.594;947.461;861.328;775.195;861.328;947.461;1033.594;1033.594;947.461;775.195;861.328;861.328;1033.594;1033.594;947.461;861.328;775.195;861.328;947.461;1033.594;947.461;861.328;775.195;861.328;947.461;1033.594;1033.594;861.328;775.195;775.195	1464.258;1550.391;1636.523;1722.656;1808.789;1808.789;1808.789;1636.523;1550.391;1636.523;1722.656;1808.789;1808.789;1636.523;1550.391;1636.523;1722.656;1808.789;1808.789;1636.523;1550.391;1550.391;1722.656;1808.789;1808.789;1808.789;1550.391;1550.391;1636.523;1808.789;1808.789;1808.789;1550.391;2153.320	2411.719;2411.719;2411.719;2411.719;2497.852;2583.984;2583.984;2583.984;2411.719;2411.719;2411.719;2583.984;2583.984;2583.984;2411.719;2411.719;2411.719;2583.984;2583.984;2583.984;2411.719;2411.719;2411.719;2497.852;2583.984;2583.984;2411.719;2411.719;2411.719;2497.852;2583.984;2583.984;2583.984;2756.250	3186.914;3186.914;3186.914;3186.914;3186.914;3186.914;3186.914;3186.914;3186.914;3186.914;3186.914;3186.914;3186.914;3186.914;3186.914;3186.914;3186.914;3186.914;3186.914;3186.914;3186.914;3186.914;3186.914;3186.914;3186.914;3186.914;3186.914;3186.914;3186.914;3186.914;3186.914;3186.914;3186.914;3186.914	-11.49	34				5.067	602.930	24.9382		5.037				602.930	2411.719;2411.719;2411.719;602.930;602.930;602.930;1205.859;1808.789;2411.719;3014.648;602.930;602.930;1205.859;1808.789;2411.719;3014.648;602.930;602.930;1205.859;1808.789;2411.719;2411.719;602.930;602.930;1205.859;1808.789;1808.789;2411.719;3014.648;602.930;1205.859;1205.859;1205.859;3100.781	3.597	3100.781	326.430	602.930	-415.456	9.000	0.000;0.000;-311.592;0.000;0.000;103.864;103.864;103.864;103.864;-415.456;0.000;103.864;103.864;103.864;103.864;-415.456;0.000;103.864;103.864;103.864;0.000;-311.592;0.000;103.864;103.864;0.000;103.864;103.864;-415.456;103.864;0.000;0.000;326.430		-24.66	24.9382	0.6970			5.55	8821	24.8511	0.2424	24.8163	0.0606	24.9440	0.7273	24.9847	0.9394	023_f0-200_ncomp-16_neg.wav_1	f0 200	16_n
25	Spectrogram 1	1	25.800000000	26.000000000	200ms_schroeder_master.wav	/home/m/Dropbox/Projects/acoustic_fine_features_zebra_finch/data/processed/200ms_schroeder_master.wav	25.8000	150.000	3439.010	5.099		5.050	-27.28	1636.523	2928.516	25.8000		25.8000	1137780	0	1137780	1722.656	25.9018	0.5152	3289.010		0.2000	0.0929	0.1683	26.0000		200ms_schroeder_master.wav	1146600	/home/m/Dropbox/Projects/acoustic_fine_features_zebra_finch/data/processed/200ms_schroeder_master.wav	1146600	27.911		861.328	258.398	2497.852	3186.914	258.398;258.398;258.398;258.398;258.398;258.398;258.398;258.398;258.398;258.398;258.398;258.398;258.398;258.398;258.398;258.398;258.398;258.398;258.398;258.398;258.398;258.398;258.398;258.398;258.398;258.398;258.398;258.398;258.398;258.398;258.398;258.398;258.398;258.398	775.195;775.195;861.328;947.461;1033.594;947.461;861.328;861.328;861.328;861.328;1033.594;1033.594;947.461;861.328;775.195;861.328;1033.594;1033.594;947.461;861.328;775.195;861.328;947.461;1033.594;947.461;861.328;775.195;861.328;947.461;1033.594;1033.594;861.328;775.195;775.195	1464.258;1550.391;1808.789;1808.789;1808.789;1722.656;1550.391;1550.391;1722.656;1808.789;1808.789;1808.789;1636.523;1550.391;1636.523;1808.789;1808.789;1808.789;1636.523;1550.391;1550.391;1808.789;1808.789;1808.789;1722.656;1550.391;1550.391;1636.523;1808.789;1808.789;1722.656;1636.523;1550.391;1378.125	2497.852;2583.984;2583.984;2583.984;2497.852;2411.719;2411.719;2411.719;2583.984;2583.984;2583.984;2497.852;2411.719;2411.719;2583.984;2583.984;2583.984;2497.852;2411.719;2411.719;2411.719;2583.984;2583.984;2497.852;2411.719;2411.719;2411.719;2583.984;2583.984;2583.984;2411.719;2411.719;2411.719;2153.320	3186.914;3186.914;3186.914;3186.914;3186.914;3186.914;3186.914;3186.914;3186.914;3186.914;3186.914;3186.914;3186.914;3186.914;3186.914;3186.914;3186.914;3186.914;3186.914;3186.914;3186.914;3186.914;3186.914;3186.914;3186.914;3186.914;3186.914;3186.914;3186.914;3186.914;3186.914;3186.914;3186.914;3100.781	-11.49	34				5.073	602.930	25.9367		5.037				602.930	1205.859;1808.789;1205.859;602.930;602.930;602.930;2411.719;1808.789;1205.859;1205.859;602.930;602.930;3014.648;2411.719;1808.789;1205.859;1205.859;602.930;3014.648;2411.719;1808.789;1808.789;1205.859;602.930;602.930;2411.719;2411.719;1808.789;1205.859;602.930;602.930;3014.648;2411.719;1378.125	0.899	3014.648	415.456	602.930	-178.053	11.000	103.864;-103.864;-103.864;0.000;0.000;311.592;-103.864;-103.864;0.000;-103.864;0.000;415.456;-103.864;-103.864;-103.864;0.000;-103.864;415.456;-103.864;-103.864;0.000;-103.864;-103.864;0.000;311.592;0.000;-103.864;-103.864;-103.864;0.000;415.456;-103.864;-178.053		-24.66	25.9367	0.6970			5.29	8821	25.8554	0.2727	25.8148	0.0606	25.9483	0.7576	25.9831	0.9394	024_f0-200_ncomp-16_pos.wav_1	f0 200	16_p
26	Spectrogram 1	1	26.800000000	27.000000000	200ms_schroeder_master.wav	/home/m/Dropbox/Projects/acoustic_fine_features_zebra_finch/data/processed/200ms_schroeder_master.wav	26.8000	150.000	3706.862	5.189		5.132	-27.68	1722.656	3100.781	26.8000		26.8000	1181880	0	1181880	1808.789	26.9003	0.5000	3556.862		0.2000	0.0929	0.1683	27.0000		200ms_schroeder_master.wav	1190700	/home/m/Dropbox/Projects/acoustic_fine_features_zebra_finch/data/processed/200ms_schroeder_master.wav	1190700	28.080		947.461	258.398	2670.117	3359.180	344.531;344.531;258.398;258.398;258.398;258.398;258.398;258.398;258.398;258.398;258.398;258.398;258.398;258.398;258.398;258.398;258.398;258.398;258.398;258.398;258.398;258.398;258.398;258.398;258.398;258.398;258.398;258.398;258.398;258.398;258.398;258.398;258.398;344.531;258.398	1205.859;1205.859;1033.594;947.461;861.328;861.328;947.461;1033.594;1033.594;947.461;861.328;861.328;861.328;947.461;1033.594;1033.594;947.461;861.328;861.328;947.461;1033.594;1033.594;947.461;861.328;861.328;947.461;1033.594;1033.594;1033.594;861.328;861.328;947.461;1033.594;1119.727;775.195	2067.188;1981.055;1981.055;1894.922;1808.789;1636.523;1722.656;1808.789;1981.055;1981.055;1808.789;1636.523;1636.523;1722.656;1894.922;1981.055;1981.055;1722.656;1636.523;1722.656;1808.789;1981.055;1981.055;1808.789;1636.523;1722.656;1808.789;1981.055;1981.055;1808.789;1636.523;1636.523;1808.789;1722.656;1205.859	2670.117;2670.117;2670.117;2756.250;2670.117;2583.984;2583.984;2583.984;2670.117;2756.250;2756.250;2583.984;2583.984;2583.984;2583.984;2756.250;2756.250;2670.117;2583.984;2583.984;2583.984;2670.117;2756.250;2756.250;2583.984;2583.984;2583.984;2670.117;2756.250;2756.250;2583.984;2583.984;2583.984;2411.719;1722.656	3359.180;3359.180;3359.180;3359.180;3359.180;3359.180;3359.180;3359.180;3359.180;3359.180;3359.180;3359.180;3359.180;3359.180;3359.180;3359.180;3359.180;3359.180;3359.180;3359.180;3359.180;3359.180;3359.180;3359.180;3359.180;3359.180;3359.180;3359.180;3359.180;3359.180;3359.180;3359.180;3359.180;3273.047;3273.047	-11.44	35				5.187	602.930	26.8132		4.960				602.930	2583.984;602.930;602.930;1205.859;1808.789;2411.719;3186.914;602.930;602.930;1205.859;1808.789;1808.789;2411.719;3186.914;602.930;602.930;1205.859;1808.789;2411.719;3186.914;602.930;602.930;1205.859;1808.789;2411.719;3186.914;602.930;602.930;1205.859;1808.789;2411.719;3014.648;3186.914;1205.859;1033.594	-7.855	3186.914	133.540	602.930	-445.132	10.000	-341.268;0.000;103.864;103.864;103.864;133.540;-445.132;0.000;103.864;103.864;0.000;103.864;133.540;-445.132;0.000;103.864;103.864;103.864;133.540;-445.132;0.000;103.864;103.864;103.864;133.540;-445.132;0.000;103.864;103.864;103.864;103.864;29.675;-341.268;-29.675		-24.76	26.8132	0.0588			10.67	8821	26.8539	0.2647	26.8132	0.0588	26.9467	0.7353	26.9816	0.9118	025_f0-200_ncomp-17_neg.wav_1	f0 200	17_n
27	Spectrogram 1	1	27.800000000	28.000000000	200ms_schroeder_master.wav	/home/m/Dropbox/Projects/acoustic_fine_features_zebra_finch/data/processed/200ms_schroeder_master.wav	27.8000	150.000	3706.862	5.189		5.132	-27.68	1722.656	3100.781	27.8000		27.8000	1225980	0	1225980	1808.789	27.8988	0.5000	3556.862		0.2000	0.0929	0.1683	28.0000		200ms_schroeder_master.wav	1234800	/home/m/Dropbox/Projects/acoustic_fine_features_zebra_finch/data/processed/200ms_schroeder_master.wav	1234800	28.078		947.461	258.398	2670.117	3359.180	344.531;344.531;258.398;258.398;258.398;258.398;258.398;258.398;258.398;258.398;258.398;258.398;258.398;258.398;258.398;258.398;258.398;258.398;258.398;258.398;258.398;258.398;258.398;258.398;258.398;258.398;258.398;258.398;258.398;258.398;258.398;258.398;258.398;258.398;258.398	1291.992;1205.859;1033.594;947.461;947.461;861.328;861.328;1033.594;1033.594;1033.594;947.461;861.328;861.328;947.461;1033.594;1033.594;947.461;861.328;861.328;947.461;1033.594;1033.594;1033.594;861.328;861.328;947.461;1033.594;1033.594;1033.594;947.461;861.328;861.328;1033.594;1205.859;775.195	1981.055;1981.055;1894.922;1722.656;1636.523;1636.523;1808.789;1981.055;1981.055;1808.789;1722.656;1636.523;1808.789;1981.055;1981.055;1808.789;1722.656;1636.523;1722.656;1894.922;1981.055;1894.922;1722.656;1636.523;1636.523;1808.789;1981.055;1894.922;1808.789;1636.523;1636.523;1808.789;1981.055;2067.188;2325.586	2583.984;2670.117;2583.984;2583.984;2583.984;2583.984;2756.250;2756.250;2670.117;2583.984;2583.984;2583.984;2756.250;2756.250;2756.250;2583.984;2583.984;2583.984;2670.117;2756.250;2756.250;2583.984;2583.984;2583.984;2670.117;2756.250;2756.250;2670.117;2583.984;2583.984;2583.984;2756.250;2756.250;2756.250;2928.516	3359.180;3359.180;3359.180;3359.180;3359.180;3359.180;3359.180;3359.180;3359.180;3359.180;3359.180;3359.180;3359.180;3359.180;3359.180;3359.180;3359.180;3359.180;3359.180;3359.180;3359.180;3359.180;3359.180;3359.180;3359.180;3359.180;3359.180;3359.180;3359.180;3359.180;3359.180;3359.180;3359.180;3359.180;3359.180	-11.45	35				5.178	602.930	27.9568		4.880				602.930	1808.789;602.930;602.930;602.930;3186.914;2411.719;1808.789;1205.859;602.930;602.930;3186.914;2411.719;1808.789;1205.859;602.930;602.930;3186.914;2411.719;1808.789;1205.859;1205.859;602.930;3186.914;2411.719;1808.789;1808.789;1205.859;602.930;3186.914;3014.648;2411.719;1808.789;1205.859;3186.914;3273.047	7.419	3273.047	445.132	602.930	-207.728	11.000	-207.728;0.000;0.000;445.132;-133.540;-103.864;-103.864;-103.864;0.000;445.132;-133.540;-103.864;-103.864;-103.864;0.000;445.132;-133.540;-103.864;-103.864;0.000;-103.864;445.132;-133.540;-103.864;0.000;-103.864;-103.864;445.132;-29.675;-103.864;-103.864;-103.864;341.268;14.838		-24.76	27.9568	0.7941			10.63	8821	27.8523	0.2647	27.8175	0.0882	27.9452	0.7353	27.9858	0.9412	026_f0-200_ncomp-17_pos.wav_1	f0 200	17_p
28	Spectrogram 1	1	28.800000000	29.000000000	200ms_schroeder_master.wav	/home/m/Dropbox/Projects/acoustic_fine_features_zebra_finch/data/processed/200ms_schroeder_master.wav	28.8000	150.000	3885.430	5.273		5.225	-27.88	1808.789	3273.047	28.8000		28.8000	1270080	0	1270080	1894.922	28.8972	0.4848	3735.430		0.2000	0.0987	0.1683	29.0000		200ms_schroeder_master.wav	1278900	/home/m/Dropbox/Projects/acoustic_fine_features_zebra_finch/data/processed/200ms_schroeder_master.wav	1278900	27.949		1033.594	258.398	2842.383	3531.445	258.398;258.398;258.398;344.531;344.531;258.398;258.398;258.398;258.398;258.398;344.531;344.531;258.398;258.398;258.398;258.398;344.531;344.531;258.398;258.398;258.398;258.398;344.531;344.531;258.398;258.398;258.398;258.398;258.398;344.531;258.398;258.398;258.398;258.398	861.328;861.328;947.461;1033.594;1119.727;1033.594;1033.594;947.461;947.461;947.461;1033.594;1205.859;1033.594;947.461;861.328;947.461;1033.594;1205.859;1033.594;947.461;947.461;947.461;1033.594;1119.727;1119.727;1033.594;947.461;947.461;1033.594;1119.727;1205.859;1033.594;861.328;1033.594	1722.656;1808.789;1808.789;1808.789;1981.055;2067.188;2067.188;1981.055;1808.789;1808.789;1894.922;1981.055;2067.188;1981.055;1808.789;1722.656;1808.789;1981.055;2067.188;1981.055;1808.789;1722.656;1808.789;1981.055;2067.188;1981.055;1808.789;1722.656;1808.789;1981.055;2067.188;2067.188;1808.789;2411.719	2842.383;2842.383;2756.250;2756.250;2756.250;2842.383;2928.516;2842.383;2756.250;2670.117;2756.250;2842.383;2928.516;2842.383;2756.250;2670.117;2670.117;2756.250;2842.383;2928.516;2842.383;2756.250;2670.117;2756.250;2842.383;2928.516;2842.383;2756.250;2670.117;2756.250;2842.383;2928.516;2928.516;3100.781	3531.445;3531.445;3531.445;3531.445;3531.445;3531.445;3531.445;3531.445;3531.445;3531.445;3531.445;3531.445;3531.445;3531.445;3531.445;3531.445;3531.445;3531.445;3531.445;3531.445;3531.445;3531.445;3531.445;3531.445;3531.445;3531.445;3531.445;3531.445;3531.445;3531.445;3531.445;3531.445;3531.445;3531.445	-11.45	34				5.248	602.930	28.8682		5.209				602.930	2411.719;2411.719;2411.719;602.930;602.930;602.930;1205.859;1808.789;2411.719;3186.914;602.930;602.930;1205.859;1808.789;2411.719;3186.914;602.930;602.930;1205.859;1808.789;2411.719;2411.719;3186.914;602.930;1205.859;1205.859;1808.789;2411.719;3186.914;602.930;602.930;1205.859;1205.859;3014.648	3.147	3186.914	311.592	602.930	-445.132	9.000	0.000;0.000;-311.592;0.000;0.000;103.864;103.864;103.864;133.540;-445.132;0.000;103.864;103.864;103.864;133.540;-445.132;0.000;103.864;103.864;103.864;0.000;133.540;-445.132;103.864;0.000;103.864;103.864;133.540;-445.132;0.000;103.864;0.000;311.592		-25.13	28.8682	0.3333			7.18	8821	28.8508	0.2424	28.8160	0.0606	28.9495	0.7576	28.9843	0.9394	027_f0-200_ncomp-18_neg.wav_1	f0 200	18_n
29	Spectrogram 1	1	29.800000000	30.000000000	200ms_schroeder_master.wav	/home/m/Dropbox/Projects/acoustic_fine_features_zebra_finch/data/processed/200ms_schroeder_master.wav	29.8000	150.000	3885.430	5.273		5.225	-27.88	1722.656	3273.047	29.8000		29.8000	1314180	0	1314180	1894.922	29.9015	0.5152	3735.430		0.2000	0.0929	0.1683	30.0000		200ms_schroeder_master.wav	1323000	/home/m/Dropbox/Projects/acoustic_fine_features_zebra_finch/data/processed/200ms_schroeder_master.wav	1323000	27.952		1033.594	258.398	2756.250	3531.445	258.398;258.398;258.398;258.398;258.398;344.531;258.398;258.398;258.398;258.398;258.398;344.531;344.531;258.398;258.398;258.398;258.398;258.398;344.531;258.398;258.398;258.398;258.398;258.398;344.531;344.531;258.398;258.398;258.398;258.398;344.531;344.531;258.398;344.531	861.328;861.328;947.461;1033.594;1119.727;1119.727;1033.594;947.461;861.328;947.461;1033.594;1205.859;1033.594;947.461;947.461;947.461;1033.594;1205.859;1119.727;1033.594;947.461;947.461;1033.594;1119.727;1119.727;1033.594;947.461;947.461;947.461;1033.594;1119.727;1033.594;947.461;947.461	1550.391;1636.523;1808.789;1981.055;2067.188;1981.055;1808.789;1808.789;1808.789;1981.055;2067.188;2067.188;1894.922;1808.789;1722.656;1808.789;2067.188;2067.188;1981.055;1808.789;1722.656;1808.789;1981.055;2067.188;1981.055;1808.789;1722.656;1808.789;1981.055;2067.188;1981.055;1808.789;1722.656;1636.523	2756.250;2756.250;2842.383;2928.516;2842.383;2756.250;2670.117;2756.250;2756.250;2842.383;2928.516;2842.383;2756.250;2670.117;2756.250;2842.383;2928.516;2842.383;2756.250;2670.117;2756.250;2842.383;2928.516;2842.383;2756.250;2670.117;2756.250;2842.383;2928.516;2842.383;2756.250;2670.117;2670.117;2411.719	3531.445;3531.445;3531.445;3531.445;3531.445;3531.445;3531.445;3531.445;3531.445;3531.445;3531.445;3531.445;3531.445;3531.445;3531.445;3531.445;3531.445;3531.445;3531.445;3531.445;3531.445;3531.445;3531.445;3531.445;3531.445;3531.445;3531.445;3531.445;3531.445;3531.445;3531.445;3531.445;3531.445;3445.312	-11.45	34				5.250	602.930	29.8318		5.207				602.930	602.930;2411.719;1808.789;1205.859;602.930;602.930;602.930;2411.719;2411.719;1808.789;1205.859;602.930;602.930;3186.914;2411.719;1808.789;1205.859;602.930;602.930;3186.914;2411.719;1808.789;1205.859;602.930;602.930;3186.914;2411.719;1808.789;1808.789;1205.859;602.930;3186.914;3186.914;1808.789	6.295	3186.914	445.132	602.930	-237.404	11.000	311.592;-103.864;-103.864;-103.864;0.000;0.000;311.592;0.000;-103.864;-103.864;-103.864;0.000;445.132;-133.540;-103.864;-103.864;-103.864;0.000;445.132;-133.540;-103.864;-103.864;-103.864;0.000;445.132;-133.540;-103.864;0.000;-103.864;-103.864;445.132;0.000;-237.404		-25.13	29.8318	0.1515			6.92	8821	29.8550	0.2727	29.8144	0.0606	29.9479	0.7576	29.9828	0.9394	028_f0-200_ncomp-18_pos.wav_1	f0 200	18_p
30	Spectrogram 1	1	30.800000000	31.000000000	200ms_schroeder_master.wav	/home/m/Dropbox/Projects/acoustic_fine_features_zebra_finch/data/processed/200ms_schroeder_master.wav	30.8000	150.000	4063.998	5.349		5.291	-27.95	1894.922	3359.180	30.8000		30.8000	1358280	0	1358280	1981.055	30.8999	0.5000	3913.998		0.2000	0.0929	0.1741	31.0000		200ms_schroeder_master.wav	1367100	/home/m/Dropbox/Projects/acoustic_fine_features_zebra_finch/data/processed/200ms_schroeder_master.wav	1367100	28.203		1033.594	344.531	2928.516	3703.711	344.531;344.531;344.531;258.398;258.398;258.398;258.398;344.531;344.531;258.398;258.398;258.398;258.398;344.531;344.531;344.531;258.398;258.398;258.398;344.531;344.531;344.531;258.398;258.398;258.398;258.398;344.531;344.531;344.531;258.398;258.398;258.398;344.531;344.531;258.398	1378.125;1205.859;1205.859;1119.727;1033.594;947.461;1033.594;1119.727;1205.859;1205.859;1033.594;947.461;947.461;1033.594;1205.859;1205.859;1033.594;947.461;947.461;1033.594;1119.727;1205.859;1205.859;1033.594;947.461;1033.594;1119.727;1205.859;1205.859;1033.594;947.461;947.461;1033.594;1119.727;775.195	2153.320;2067.188;2153.320;2153.320;1981.055;1808.789;1808.789;1981.055;2153.320;2153.320;2067.188;1981.055;1808.789;1894.922;1981.055;2153.320;2153.320;1981.055;1808.789;1808.789;1981.055;2153.320;2153.320;2067.188;1808.789;1808.789;1981.055;2067.188;2153.320;2153.320;1894.922;1808.789;1894.922;1894.922;1291.992	2928.516;2928.516;3014.648;3014.648;3014.648;2928.516;2842.383;2842.383;2928.516;3014.648;3014.648;3014.648;2842.383;2842.383;2842.383;3014.648;3014.648;3014.648;2928.516;2842.383;2842.383;3014.648;3014.648;3014.648;3014.648;2842.383;2842.383;2928.516;3014.648;3014.648;3014.648;2842.383;2842.383;2670.117;1894.922	3617.578;3617.578;3703.711;3703.711;3703.711;3703.711;3703.711;3617.578;3703.711;3703.711;3703.711;3703.711;3703.711;3617.578;3617.578;3703.711;3703.711;3703.711;3703.711;3703.711;3617.578;3703.711;3703.711;3703.711;3703.711;3703.711;3617.578;3703.711;3703.711;3703.711;3703.711;3703.711;3617.578;3617.578;3703.711	-11.32	35				5.339	602.930	30.9232		5.150				602.930	2583.984;602.930;602.930;1205.859;1808.789;1808.789;3186.914;602.930;602.930;602.930;1205.859;1808.789;2411.719;3186.914;602.930;602.930;1205.859;1808.789;2411.719;3186.914;602.930;602.930;1205.859;1808.789;2411.719;3186.914;602.930;602.930;1205.859;1808.789;2411.719;3186.914;3186.914;1205.859;947.461	-8.292	3186.914	237.404	602.930	-445.132	10.000	-341.268;0.000;103.864;103.864;0.000;237.404;-445.132;0.000;0.000;103.864;103.864;103.864;133.540;-445.132;0.000;103.864;103.864;103.864;133.540;-445.132;0.000;103.864;103.864;103.864;133.540;-445.132;0.000;103.864;103.864;103.864;133.540;0.000;-341.268;-44.513		-25.12	30.9232	0.6176			7.51	8821	30.8535	0.2647	30.8129	0.0588	30.9464	0.7353	30.9870	0.9412	029_f0-200_ncomp-19_neg.wav_1	f0 200	19_n
31	Spectrogram 1	1	31.800000000	32.000000000	200ms_schroeder_master.wav	/home/m/Dropbox/Projects/acoustic_fine_features_zebra_finch/data/processed/200ms_schroeder_master.wav	31.8000	150.000	4063.998	5.349		5.298	-27.83	1981.055	3445.312	31.8000		31.8000	1402380	0	1402380	1981.055	31.8984	0.4848	3913.998		0.2000	0.0929	0.1683	32.0000		200ms_schroeder_master.wav	1411200	/home/m/Dropbox/Projects/acoustic_fine_features_zebra_finch/data/processed/200ms_schroeder_master.wav	1411200	28.199		1033.594	258.398	3014.648	3703.711	344.531;344.531;344.531;344.531;258.398;258.398;258.398;344.531;344.531;344.531;258.398;258.398;258.398;258.398;344.531;344.531;344.531;258.398;258.398;258.398;344.531;344.531;344.531;258.398;258.398;258.398;344.531;344.531;344.531;258.398;258.398;258.398;344.531;258.398	1205.859;1205.859;1119.727;1033.594;947.461;947.461;1033.594;1205.859;1205.859;1033.594;947.461;947.461;1033.594;1205.859;1205.859;1119.727;1033.594;947.461;947.461;1033.594;1205.859;1205.859;1033.594;947.461;947.461;1033.594;1205.859;1205.859;1033.594;947.461;947.461;1033.594;1205.859;775.195	2239.453;2153.320;1981.055;1894.922;1808.789;1981.055;2153.320;2153.320;1981.055;1894.922;1808.789;1981.055;2153.320;2153.320;2153.320;1981.055;1808.789;1808.789;1981.055;2153.320;2153.320;1981.055;1894.922;1808.789;1981.055;2153.320;2153.320;2067.188;1894.922;1808.789;1981.055;2153.320;2325.586;2325.586	3014.648;3014.648;2842.383;2842.383;2928.516;3014.648;3014.648;3014.648;2842.383;2842.383;2842.383;3014.648;3014.648;3014.648;3014.648;2842.383;2842.383;2928.516;3014.648;3014.648;3014.648;2842.383;2842.383;2842.383;3014.648;3014.648;3014.648;2928.516;2842.383;2842.383;3014.648;3014.648;3100.781;3273.047	3703.711;3703.711;3617.578;3703.711;3703.711;3703.711;3703.711;3703.711;3617.578;3703.711;3703.711;3703.711;3703.711;3703.711;3703.711;3617.578;3703.711;3703.711;3703.711;3703.711;3703.711;3617.578;3617.578;3703.711;3703.711;3703.711;3703.711;3617.578;3617.578;3703.711;3703.711;3703.711;3703.711;3789.844	-11.20	34				5.328	602.930	31.8868		5.284				602.930	602.930;602.930;602.930;3186.914;2411.719;1808.789;1205.859;602.930;602.930;3186.914;2411.719;1808.789;1205.859;1205.859;602.930;602.930;3186.914;2411.719;1808.789;1205.859;602.930;602.930;3186.914;2411.719;1808.789;1205.859;602.930;602.930;3186.914;2411.719;1808.789;1808.789;3789.844;3703.711	16.187	3789.844	445.132	602.930	-133.540	11.000	0.000;0.000;445.132;-133.540;-103.864;-103.864;-103.864;0.000;445.132;-133.540;-103.864;-103.864;0.000;-103.864;0.000;445.132;-133.540;-103.864;-103.864;-103.864;0.000;445.132;-133.540;-103.864;-103.864;-103.864;0.000;445.132;-133.540;-103.864;0.000;341.268;-14.838		-25.12	31.8868	0.4242			5.85	8821	31.8520	0.2424	31.8171	0.0606	31.9448	0.7273	31.9855	0.9394	030_f0-200_ncomp-19_pos.wav_1	f0 200	19_p
32	Spectrogram 1	1	32.800000000	33.000000000	200ms_schroeder_master.wav	/home/m/Dropbox/Projects/acoustic_fine_features_zebra_finch/data/processed/200ms_schroeder_master.wav	32.8000	150.000	4331.850	5.423		5.373	-28.09	1981.055	3531.445	32.8000		32.8000	1446480	0	1446480	2153.320	32.9027	0.5152	4181.850		0.2000	0.0987	0.1683	33.0000		200ms_schroeder_master.wav	1455300	/home/m/Dropbox/Projects/acoustic_fine_features_zebra_finch/data/processed/200ms_schroeder_master.wav	1455300	28.208		1119.727	344.531	3100.781	3875.977	258.398;258.398;344.531;344.531;344.531;344.531;258.398;258.398;344.531;344.531;344.531;344.531;258.398;258.398;344.531;344.531;344.531;344.531;344.531;258.398;258.398;344.531;344.531;344.531;344.531;258.398;258.398;344.531;344.531;344.531;344.531;258.398;344.531	947.461;1033.594;1033.594;1205.859;1205.859;1205.859;1033.594;1033.594;1033.594;1119.727;1205.859;1205.859;1033.594;1033.594;1033.594;1119.727;1205.859;1205.859;1205.859;1033.594;1033.594;1033.594;1205.859;1205.859;1205.859;1033.594;1033.594;1033.594;1205.859;1205.859;1205.859;1033.594;1378.125	1981.055;1981.055;1981.055;2067.188;2239.453;2325.586;2239.453;1981.055;1894.922;1981.055;2153.320;2239.453;2239.453;1981.055;1894.922;1981.055;2153.320;2239.453;2239.453;2067.188;1981.055;1981.055;2153.320;2239.453;2239.453;2153.320;1981.055;1981.055;2067.188;2239.453;2239.453;2239.453;2670.117	3186.914;3100.781;3014.648;3014.648;3100.781;3186.914;3186.914;3186.914;3014.648;3014.648;3014.648;3186.914;3186.914;3186.914;3014.648;3014.648;3014.648;3186.914;3186.914;3186.914;3014.648;3014.648;3014.648;3186.914;3186.914;3186.914;3014.648;3014.648;3014.648;3100.781;3186.914;3273.047;3359.180	3962.109;3875.977;3875.977;3875.977;3875.977;3875.977;3962.109;3875.977;3875.977;3875.977;3875.977;3875.977;3962.109;3962.109;3875.977;3875.977;3875.977;3875.977;3875.977;3962.109;3875.977;3875.977;3875.977;3875.977;3875.977;3962.109;3875.977;3875.977;3875.977;3875.977;3875.977;3962.109;3962.109	-11.19	34				5.388	602.930	32.9781		5.362				602.930	2411.719;2411.719;3186.914;3789.844;602.930;1205.859;1808.789;2411.719;3186.914;3789.844;602.930;1205.859;1808.789;2411.719;3186.914;3789.844;602.930;602.930;1205.859;1808.789;2411.719;3789.844;602.930;602.930;1205.859;1808.789;2411.719;3186.914;3789.844;602.930;1205.859;1205.859;3014.648	3.246	3789.844	311.592	602.930	-548.996	10.000	0.000;133.540;103.864;-548.996;103.864;103.864;103.864;133.540;103.864;-548.996;103.864;103.864;103.864;133.540;103.864;-548.996;0.000;103.864;103.864;103.864;237.404;-548.996;0.000;103.864;103.864;103.864;133.540;103.864;-548.996;103.864;0.000;311.592		-25.33	32.9781	0.9091			6.87	8821	32.8504	0.2424	32.8156	0.0606	32.9491	0.7576	32.9839	0.9394	031_f0-200_ncomp-20_neg.wav_1	f0 200	20_n
33	Spectrogram 1	1	33.800000000	34.000000000	200ms_schroeder_master.wav	/home/m/Dropbox/Projects/acoustic_fine_features_zebra_finch/data/processed/200ms_schroeder_master.wav	33.8000	150.000	4331.850	5.423		5.365	-28.21	1981.055	3531.445	33.8000		33.8000	1490580	0	1490580	2067.188	33.9011	0.5000	4181.850		0.2000	0.0929	0.1683	34.0000		200ms_schroeder_master.wav	1499400	/home/m/Dropbox/Projects/acoustic_fine_features_zebra_finch/data/processed/200ms_schroeder_master.wav	1499400	28.212		1119.727	344.531	3100.781	3875.977	344.531;258.398;258.398;344.531;344.531;344.531;344.531;344.531;258.398;258.398;344.531;344.531;344.531;344.531;258.398;258.398;344.531;344.531;344.531;344.531;258.398;258.398;344.531;344.531;344.531;344.531;258.398;258.398;344.531;344.531;344.531;344.531;344.531;1378.125	947.461;1033.594;1033.594;1205.859;1205.859;1205.859;1119.727;1033.594;1033.594;1033.594;1205.859;1205.859;1119.727;1033.594;1033.594;1033.594;1205.859;1205.859;1205.859;1033.594;1033.594;1033.594;1205.859;1205.859;1205.859;1033.594;1033.594;1033.594;1205.859;1205.859;1205.859;1033.594;1119.727;2067.188	1722.656;1981.055;2067.188;2239.453;2239.453;2153.320;1981.055;1894.922;1981.055;2239.453;2239.453;2153.320;1981.055;1894.922;1981.055;2239.453;2325.586;2239.453;2067.188;1981.055;1981.055;2153.320;2239.453;2239.453;2067.188;1981.055;1981.055;2153.320;2239.453;2239.453;2153.320;1981.055;1894.922;2583.984	2842.383;3014.648;3186.914;3186.914;3186.914;3014.648;3014.648;3014.648;3186.914;3186.914;3186.914;3014.648;3014.648;3014.648;3186.914;3186.914;3186.914;3100.781;3014.648;3014.648;3100.781;3186.914;3186.914;3100.781;3014.648;3014.648;3014.648;3186.914;3186.914;3186.914;3014.648;3014.648;2756.250;3100.781	3875.977;3875.977;3962.109;3875.977;3875.977;3875.977;3875.977;3875.977;3962.109;3962.109;3875.977;3875.977;3875.977;3875.977;3875.977;3962.109;3875.977;3875.977;3875.977;3875.977;3875.977;3962.109;3875.977;3875.977;3875.977;3875.977;3875.977;3962.109;3875.977;3875.977;3875.977;3875.977;3789.844;3789.844	-11.31	35				5.407	602.930	33.9418		5.108				602.930	602.930;2411.719;1808.789;1205.859;602.930;602.930;3789.844;3186.914;2411.719;1808.789;1205.859;602.930;3789.844;3186.914;2411.719;1808.789;1205.859;602.930;3789.844;3186.914;2411.719;1808.789;1205.859;602.930;3789.844;3789.844;2411.719;1808.789;1205.859;602.930;602.930;3789.844;1981.055;2670.117	10.791	3789.844	548.996	602.930	-311.592	12.000	311.592;-103.864;-103.864;-103.864;0.000;548.996;-103.864;-133.540;-103.864;-103.864;-103.864;548.996;-103.864;-133.540;-103.864;-103.864;-103.864;548.996;-103.864;-133.540;-103.864;-103.864;-103.864;548.996;0.000;-237.404;-103.864;-103.864;-103.864;0.000;548.996;-311.592;118.702		-25.33	33.9418	0.7059			9.19	8821	33.8547	0.2647	33.8140	0.0588	33.9476	0.7353	33.9824	0.9118	032_f0-200_ncomp-20_pos.wav_1	f0 200	20_p
34	Spectrogram 1	1	34.800000000	35.000000000	200ms_schroeder_master.wav	/home/m/Dropbox/Projects/acoustic_fine_features_zebra_finch/data/processed/200ms_schroeder_master.wav	34.8000	150.000	4510.418	5.496		5.439	-28.67	1981.055	3703.711	34.8000		34.8000	1534680	0	1534680	2239.453	34.8996	0.5000	4360.418		0.2000	0.0929	0.1683	35.0000		200ms_schroeder_master.wav	1543500	/home/m/Dropbox/Projects/acoustic_fine_features_zebra_finch/data/processed/200ms_schroeder_master.wav	1543500	27.930		1205.859	344.531	3186.914	4048.242	430.664;344.531;344.531;344.531;344.531;344.531;344.531;344.531;344.531;344.531;344.531;344.531;344.531;344.531;344.531;344.531;344.531;344.531;344.531;344.531;344.531;344.531;344.531;344.531;344.531;344.531;344.531;344.531;344.531;344.531;344.531;344.531;344.531;258.398	1378.125;1291.992;1378.125;1205.859;1033.594;1033.594;1119.727;1205.859;1378.125;1205.859;1033.594;1033.594;1119.727;1205.859;1291.992;1205.859;1119.727;1033.594;1033.594;1205.859;1291.992;1205.859;1205.859;1033.594;1033.594;1119.727;1205.859;1378.125;1205.859;1033.594;1033.594;1119.727;1119.727;775.195	2239.453;2239.453;2411.719;2411.719;2239.453;1981.055;1981.055;2153.320;2325.586;2411.719;2239.453;2067.188;1981.055;2153.320;2325.586;2411.719;2325.586;2067.188;1981.055;2067.188;2239.453;2411.719;2411.719;2153.320;1981.055;2067.188;2239.453;2411.719;2411.719;2153.320;1981.055;2067.188;1981.055;1378.125	3100.781;3186.914;3273.047;3359.180;3359.180;3186.914;3186.914;3186.914;3273.047;3359.180;3359.180;3186.914;3186.914;3186.914;3186.914;3359.180;3359.180;3273.047;3186.914;3100.781;3186.914;3359.180;3359.180;3359.180;3186.914;3100.781;3186.914;3273.047;3359.180;3359.180;3186.914;3100.781;2928.516;2325.586	4048.242;4048.242;4048.242;4134.375;4134.375;4048.242;4048.242;4048.242;4048.242;4134.375;4134.375;4134.375;4048.242;4048.242;4048.242;4134.375;4134.375;4134.375;4048.242;4048.242;4048.242;4048.242;4134.375;4134.375;4048.242;4048.242;4048.242;4048.242;4134.375;4134.375;4048.242;4048.242;4048.242;4134.375	-11.59	35				5.493	602.930	34.8531		5.251				602.930	2583.984;602.930;602.930;1205.859;1808.789;2411.719;3789.844;602.930;602.930;1205.859;1808.789;2411.719;3789.844;3789.844;602.930;1205.859;1808.789;2411.719;3186.914;3789.844;602.930;1205.859;1808.789;2411.719;3186.914;3789.844;602.930;602.930;1205.859;1808.789;3186.914;3789.844;1205.859;775.195	-9.442	3789.844	237.404	602.930	-548.996	10.000	-341.268;0.000;103.864;103.864;103.864;237.404;-548.996;0.000;103.864;103.864;103.864;237.404;0.000;-548.996;103.864;103.864;103.864;133.540;103.864;-548.996;103.864;103.864;103.864;133.540;103.864;-548.996;0.000;103.864;103.864;237.404;103.864;-445.132;-74.189		-25.83	34.8531	0.2647			8.54	8821	34.8531	0.2647	34.8183	0.0882	34.9460	0.7353	34.9867	0.9412	033_f0-200_ncomp-21_neg.wav_1	f0 200	21_n
35	Spectrogram 1	1	35.800000000	36.000000000	200ms_schroeder_master.wav	/home/m/Dropbox/Projects/acoustic_fine_features_zebra_finch/data/processed/200ms_schroeder_master.wav	35.8000	150.000	4510.418	5.496		5.447	-28.55	2067.188	3703.711	35.8000		35.8000	1578780	0	1578780	2239.453	35.8980	0.4848	4360.418		0.2000	0.0929	0.1683	36.0000		200ms_schroeder_master.wav	1587600	/home/m/Dropbox/Projects/acoustic_fine_features_zebra_finch/data/processed/200ms_schroeder_master.wav	1587600	27.926		1205.859	344.531	3273.047	4048.242	344.531;344.531;344.531;344.531;344.531;344.531;344.531;344.531;344.531;344.531;344.531;344.531;344.531;344.531;344.531;344.531;344.531;344.531;344.531;344.531;344.531;344.531;344.531;344.531;344.531;344.531;344.531;344.531;344.531;344.531;344.531;344.531;258.398	1378.125;1378.125;1205.859;1119.727;1033.594;1033.594;1205.859;1378.125;1205.859;1119.727;1033.594;1033.594;1205.859;1378.125;1291.992;1205.859;1033.594;1033.594;1205.859;1205.859;1291.992;1205.859;1033.594;1033.594;1119.727;1205.859;1378.125;1205.859;1119.727;1033.594;1033.594;1205.859;861.328	2497.852;2325.586;2153.320;1981.055;1981.055;2239.453;2411.719;2411.719;2239.453;2067.188;1981.055;2153.320;2411.719;2411.719;2239.453;2067.188;1981.055;2153.320;2411.719;2411.719;2325.586;2153.320;1981.055;2067.188;2239.453;2411.719;2325.586;2153.320;1981.055;1981.055;2239.453;2583.984;1981.055	3359.180;3273.047;3186.914;3100.781;3186.914;3359.180;3359.180;3273.047;3186.914;3100.781;3186.914;3359.180;3359.180;3359.180;3186.914;3100.781;3186.914;3359.180;3359.180;3359.180;3186.914;3186.914;3186.914;3273.047;3359.180;3359.180;3273.047;3186.914;3186.914;3186.914;3359.180;3445.312;3531.445	4134.375;4048.242;4048.242;4048.242;4048.242;4134.375;4134.375;4048.242;4048.242;4048.242;4048.242;4134.375;4134.375;4048.242;4048.242;4048.242;4048.242;4134.375;4134.375;4048.242;4048.242;4048.242;4048.242;4134.375;4134.375;4134.375;4048.242;4048.242;4048.242;4134.375;4134.375;4134.375;4134.375	-11.47	34				5.468	602.930	35.9619		5.432				602.930	1205.859;602.930;602.930;3789.844;2411.719;1808.789;1205.859;602.930;602.930;3789.844;3186.914;2411.719;1808.789;1205.859;602.930;3789.844;3186.914;2411.719;1808.789;1205.859;602.930;3789.844;3186.914;2411.719;1808.789;1205.859;602.930;3789.844;3789.844;2411.719;1808.789;2411.719;344.531	-4.637	3789.844	548.996	344.531	-356.105	12.000	-103.864;0.000;548.996;-237.404;-103.864;-103.864;-103.864;0.000;548.996;-103.864;-133.540;-103.864;-103.864;-103.864;548.996;-103.864;-133.540;-103.864;-103.864;-103.864;548.996;-103.864;-133.540;-103.864;-103.864;-103.864;548.996;0.000;-237.404;-103.864;103.864;-356.105		-25.83	35.9619	0.8182			6.52	8821	35.8516	0.2424	35.8168	0.0606	35.9445	0.7273	35.9851	0.9394	034_f0-200_ncomp-21_pos.wav_1	f0 200	21_p
36	Spectrogram 1	1	36.800000000	37.000000000	200ms_schroeder_master.wav	/home/m/Dropbox/Projects/acoustic_fine_features_zebra_finch/data/processed/200ms_schroeder_master.wav	36.8000	150.000	4688.986	5.561		5.511	-28.45	2239.453	3875.977	36.8000		36.8000	1622880	0	1622880	2325.586	36.9023	0.5152	4538.986		0.2000	0.0929	0.1683	37.0000		200ms_schroeder_master.wav	1631700	/home/m/Dropbox/Projects/acoustic_fine_features_zebra_finch/data/processed/200ms_schroeder_master.wav	1631700	28.192		1205.859	344.531	3445.312	4220.508	344.531;344.531;344.531;344.531;344.531;344.531;344.531;344.531;344.531;344.531;344.531;344.531;344.531;344.531;344.531;344.531;344.531;344.531;344.531;344.531;344.531;344.531;344.531;344.531;344.531;344.531;344.531;344.531;344.531;344.531;344.531;344.531;344.531	1033.594;1033.594;1119.727;1205.859;1378.125;1378.125;1205.859;1119.727;1119.727;1205.859;1291.992;1378.125;1205.859;1119.727;1033.594;1119.727;1291.992;1378.125;1378.125;1205.859;1033.594;1119.727;1205.859;1378.125;1378.125;1205.859;1033.594;1119.727;1205.859;1378.125;1378.125;1205.859;1808.789	2411.719;2239.453;2067.188;2153.320;2325.586;2497.852;2411.719;2239.453;2153.320;2153.320;2325.586;2497.852;2497.852;2325.586;2153.320;2153.320;2239.453;2411.719;2497.852;2411.719;2153.320;2067.188;2239.453;2411.719;2497.852;2411.719;2239.453;2067.188;2153.320;2411.719;2497.852;2497.852;2842.383	3617.578;3445.312;3359.180;3186.914;3359.180;3445.312;3531.445;3445.312;3359.180;3186.914;3359.180;3445.312;3531.445;3531.445;3359.180;3186.914;3273.047;3445.312;3531.445;3531.445;3445.312;3186.914;3273.047;3359.180;3531.445;3531.445;3445.312;3273.047;3186.914;3359.180;3445.312;3531.445;3617.578	4306.641;4306.641;4220.508;4220.508;4220.508;4220.508;4306.641;4306.641;4306.641;4220.508;4220.508;4220.508;4306.641;4306.641;4306.641;4220.508;4220.508;4220.508;4306.641;4306.641;4306.641;4220.508;4220.508;4220.508;4306.641;4306.641;4306.641;4220.508;4220.508;4220.508;4220.508;4306.641;4306.641	-11.21	34				5.529	602.930	36.9081		5.500				602.930	2411.719;2411.719;3186.914;3789.844;602.930;602.930;1808.789;2411.719;3186.914;3789.844;602.930;602.930;1205.859;1808.789;3186.914;3789.844;602.930;602.930;1205.859;1808.789;2411.719;3789.844;3789.844;602.930;1205.859;1808.789;2411.719;3789.844;3789.844;602.930;1205.859;1205.859;3014.648	3.246	3789.844	311.592	602.930	-548.996	10.000	0.000;133.540;103.864;-548.996;0.000;207.728;103.864;133.540;103.864;-548.996;0.000;103.864;103.864;237.404;103.864;-548.996;0.000;103.864;103.864;103.864;237.404;0.000;-548.996;103.864;103.864;103.864;237.404;0.000;-548.996;103.864;0.000;311.592		-25.76	36.9081	0.5455			6.02	8821	36.8559	0.2727	36.8152	0.0606	36.9487	0.7576	36.9836	0.9394	035_f0-200_ncomp-22_neg.wav_1	f0 200	22_n
37	Spectrogram 1	1	37.800000000	38.000000000	200ms_schroeder_master.wav	/home/m/Dropbox/Projects/acoustic_fine_features_zebra_finch/data/processed/200ms_schroeder_master.wav	37.8000	150.000	4688.986	5.561		5.503	-28.57	2153.320	3875.977	37.8000		37.8000	1666980	0	1666980	2239.453	37.9008	0.5000	4538.986		0.2000	0.0929	0.1683	38.0000		200ms_schroeder_master.wav	1675800	/home/m/Dropbox/Projects/acoustic_fine_features_zebra_finch/data/processed/200ms_schroeder_master.wav	1675800	28.195		1205.859	344.531	3359.180	4220.508	344.531;344.531;344.531;344.531;344.531;344.531;344.531;344.531;344.531;344.531;344.531;344.531;344.531;344.531;344.531;344.531;344.531;344.531;344.531;344.531;344.531;344.531;344.531;344.531;344.531;344.531;344.531;344.531;344.531;344.531;344.531;344.531;430.664;1378.125	1119.727;1119.727;1033.594;1205.859;1378.125;1378.125;1205.859;1119.727;1033.594;1119.727;1205.859;1378.125;1291.992;1205.859;1033.594;1119.727;1205.859;1378.125;1378.125;1205.859;1119.727;1119.727;1205.859;1378.125;1378.125;1205.859;1119.727;1033.594;1205.859;1378.125;1378.125;1205.859;1378.125;2411.719	1981.055;2067.188;2153.320;2411.719;2497.852;2411.719;2239.453;2153.320;2153.320;2411.719;2497.852;2411.719;2325.586;2153.320;2153.320;2239.453;2497.852;2497.852;2325.586;2153.320;2067.188;2239.453;2411.719;2497.852;2411.719;2153.320;2067.188;2239.453;2411.719;2497.852;2411.719;2239.453;2239.453;3014.648	3014.648;3273.047;3445.312;3531.445;3531.445;3359.180;3273.047;3186.914;3359.180;3531.445;3531.445;3445.312;3273.047;3186.914;3359.180;3531.445;3531.445;3445.312;3359.180;3186.914;3359.180;3445.312;3531.445;3445.312;3359.180;3186.914;3273.047;3445.312;3531.445;3531.445;3359.180;3273.047;3100.781;3531.445	4220.508;4220.508;4306.641;4306.641;4306.641;4220.508;4220.508;4220.508;4306.641;4306.641;4306.641;4220.508;4220.508;4220.508;4306.641;4306.641;4306.641;4220.508;4220.508;4220.508;4220.508;4306.641;4306.641;4220.508;4220.508;4220.508;4220.508;4306.641;4306.641;4306.641;4220.508;4220.508;4220.508;4220.508	-11.33	35				5.550	602.930	37.8369		5.276				602.930	602.930;3789.844;2411.719;1808.789;1205.859;602.930;602.930;3789.844;2411.719;1808.789;1205.859;602.930;602.930;3789.844;3186.914;2411.719;1205.859;602.930;602.930;3789.844;3186.914;2411.719;1808.789;1205.859;602.930;3789.844;3789.844;2411.719;1808.789;1205.859;602.930;602.930;2583.984;3100.781	13.039	3789.844	548.996	602.930	-237.404	10.000	548.996;-237.404;-103.864;-103.864;-103.864;0.000;548.996;-237.404;-103.864;-103.864;-103.864;0.000;548.996;-103.864;-133.540;-207.728;-103.864;0.000;548.996;-103.864;-133.540;-103.864;-103.864;-103.864;548.996;0.000;-237.404;-103.864;-103.864;-103.864;0.000;341.268;89.026		-25.76	37.8369	0.1765			7.09	8821	37.8543	0.2647	37.8137	0.0588	37.9472	0.7353	37.9820	0.9118	036_f0-200_ncomp-22_pos.wav_1	f0 200	22_p
38	Spectrogram 1	1	38.800000000	39.000000000	200ms_schroeder_master.wav	/home/m/Dropbox/Projects/acoustic_fine_features_zebra_finch/data/processed/200ms_schroeder_master.wav	38.8000	150.000	4956.838	5.625		5.567	-28.75	2325.586	4134.375	38.8000		38.8000	1711080	0	1711080	2411.719	38.8992	0.5000	4806.838		0.2000	0.0929	0.1683	39.0000		200ms_schroeder_master.wav	1719900	/home/m/Dropbox/Projects/acoustic_fine_features_zebra_finch/data/processed/200ms_schroeder_master.wav	1719900	28.254		1205.859	344.531	3531.445	4478.906	430.664;430.664;344.531;344.531;344.531;344.531;344.531;344.531;344.531;344.531;344.531;344.531;344.531;344.531;344.531;344.531;344.531;344.531;344.531;344.531;344.531;344.531;344.531;344.531;344.531;344.531;344.531;344.531;344.531;344.531;344.531;344.531;344.531;258.398	1464.258;1378.125;1378.125;1378.125;1205.859;1119.727;1119.727;1291.992;1378.125;1378.125;1205.859;1119.727;1119.727;1205.859;1378.125;1378.125;1291.992;1205.859;1119.727;1205.859;1378.125;1378.125;1378.125;1205.859;1119.727;1205.859;1378.125;1378.125;1378.125;1205.859;1119.727;1205.859;1205.859;775.195	2325.586;2325.586;2497.852;2583.984;2583.984;2239.453;2153.320;2325.586;2497.852;2583.984;2583.984;2411.719;2153.320;2239.453;2411.719;2583.984;2583.984;2411.719;2239.453;2239.453;2411.719;2583.984;2583.984;2411.719;2239.453;2239.453;2325.586;2583.984;2583.984;2411.719;2239.453;2153.320;2067.188;1550.391	3273.047;3359.180;3531.445;3617.578;3703.711;3617.578;3445.312;3359.180;3531.445;3617.578;3703.711;3617.578;3445.312;3359.180;3445.312;3617.578;3703.711;3617.578;3445.312;3359.180;3445.312;3617.578;3703.711;3617.578;3531.445;3359.180;3445.312;3531.445;3617.578;3703.711;3617.578;3445.312;3186.914;3359.180	4392.773;4392.773;4392.773;4478.906;4478.906;4478.906;4478.906;4392.773;4392.773;4478.906;4478.906;4478.906;4478.906;4392.773;4392.773;4478.906;4478.906;4478.906;4478.906;4392.773;4392.773;4392.773;4478.906;4478.906;4478.906;4392.773;4392.773;4392.773;4478.906;4478.906;4478.906;4392.773;4392.773;4478.906	-11.27	35				5.614	602.930	38.8179		5.339				602.930	2583.984;4392.773;602.930;1205.859;1808.789;2411.719;3789.844;4392.773;602.930;1205.859;1808.789;2411.719;3789.844;4392.773;602.930;602.930;1808.789;2411.719;3186.914;3789.844;4392.773;602.930;1205.859;1808.789;3186.914;3789.844;4392.773;602.930;1205.859;1808.789;2411.719;3789.844;602.930;689.062	-9.892	4392.773	311.592	602.930	-652.860	12.000	311.592;-652.860;103.864;103.864;103.864;237.404;103.864;-652.860;103.864;103.864;103.864;237.404;103.864;-652.860;0.000;207.728;103.864;133.540;103.864;103.864;-652.860;103.864;103.864;237.404;103.864;103.864;-652.860;103.864;103.864;103.864;237.404;-548.996;14.838		-25.90	38.8179	0.0882			8.30	8821	38.8528	0.2647	38.8179	0.0882	38.9457	0.7353	38.9863	0.9412	037_f0-200_ncomp-23_neg.wav_1	f0 200	23_n
39	Spectrogram 1	1	39.800000000	40.000000000	200ms_schroeder_master.wav	/home/m/Dropbox/Projects/acoustic_fine_features_zebra_finch/data/processed/200ms_schroeder_master.wav	39.8000	150.000	4956.838	5.625		5.575	-28.63	2411.719	4134.375	39.8000		39.8000	1755180	0	1755180	2411.719	39.8977	0.4848	4806.838		0.2000	0.0929	0.1683	40.0000		200ms_schroeder_master.wav	1764000	/home/m/Dropbox/Projects/acoustic_fine_features_zebra_finch/data/processed/200ms_schroeder_master.wav	1764000	28.251		1205.859	344.531	3617.578	4478.906	344.531;344.531;344.531;344.531;344.531;344.531;344.531;344.531;344.531;344.531;344.531;344.531;344.531;344.531;344.531;344.531;344.531;344.531;344.531;344.531;344.531;344.531;344.531;344.531;344.531;344.531;344.531;344.531;344.531;344.531;344.531;344.531;258.398	1378.125;1378.125;1378.125;1291.992;1119.727;1119.727;1205.859;1378.125;1378.125;1291.992;1205.859;1119.727;1205.859;1378.125;1378.125;1378.125;1205.859;1119.727;1205.859;1378.125;1378.125;1378.125;1205.859;1119.727;1205.859;1291.992;1378.125;1378.125;1205.859;1119.727;1119.727;1205.859;861.328	2756.250;2583.984;2497.852;2239.453;2153.320;2239.453;2583.984;2583.984;2497.852;2325.586;2153.320;2239.453;2497.852;2583.984;2583.984;2325.586;2239.453;2239.453;2411.719;2583.984;2583.984;2411.719;2239.453;2239.453;2411.719;2583.984;2583.984;2411.719;2239.453;2153.320;2411.719;2583.984;1808.789	3703.711;3617.578;3445.312;3359.180;3445.312;3617.578;3703.711;3617.578;3531.445;3359.180;3445.312;3617.578;3703.711;3617.578;3531.445;3445.312;3359.180;3531.445;3617.578;3703.711;3617.578;3445.312;3359.180;3445.312;3617.578;3703.711;3617.578;3445.312;3359.180;3445.312;3617.578;3789.844;3789.844	4478.906;4478.906;4392.773;4392.773;4478.906;4478.906;4478.906;4478.906;4392.773;4392.773;4392.773;4478.906;4478.906;4478.906;4392.773;4392.773;4392.773;4478.906;4478.906;4478.906;4392.773;4392.773;4392.773;4478.906;4478.906;4478.906;4478.906;4392.773;4392.773;4478.906;4478.906;4478.906;4478.906	-11.15	34				5.594	602.930	39.8919		5.564				602.930	1205.859;1205.859;602.930;4392.773;3789.844;2411.719;1808.789;1205.859;602.930;4392.773;3789.844;2411.719;1808.789;1205.859;602.930;4392.773;3789.844;3186.914;1808.789;1205.859;602.930;4392.773;3789.844;3186.914;2411.719;1808.789;602.930;602.930;4392.773;3789.844;2411.719;2411.719;258.398	-5.100	4392.773	652.860	258.398	-370.943	10.000	0.000;-103.864;652.860;-103.864;-237.404;-103.864;-103.864;-103.864;652.860;-103.864;-237.404;-103.864;-103.864;-103.864;652.860;-103.864;-103.864;-237.404;-103.864;-103.864;652.860;-103.864;-103.864;-133.540;-103.864;-207.728;0.000;652.860;-103.864;-237.404;0.000;-370.943		-25.90	39.8919	0.4545			6.79	8821	39.8512	0.2424	39.8164	0.0606	39.9441	0.7273	39.9848	0.9394	038_f0-200_ncomp-23_pos.wav_1	f0 200	23_p
40	Spectrogram 1	1	40.800000000	41.000000000	200ms_schroeder_master.wav	/home/m/Dropbox/Projects/acoustic_fine_features_zebra_finch/data/processed/200ms_schroeder_master.wav	40.8000	150.000	5135.406	5.688		5.639	-28.90	2411.719	4306.641	40.8000		40.8000	1799280	0	1799280	2583.984	40.9019	0.5152	4985.406		0.2000	0.0929	0.1683	41.0000		200ms_schroeder_master.wav	1808100	/home/m/Dropbox/Projects/acoustic_fine_features_zebra_finch/data/processed/200ms_schroeder_master.wav	1808100	28.135		1291.992	344.531	3703.711	4651.172	344.531;344.531;344.531;344.531;430.664;430.664;344.531;344.531;344.531;344.531;344.531;430.664;344.531;344.531;344.531;344.531;344.531;430.664;344.531;344.531;344.531;344.531;344.531;430.664;344.531;344.531;344.531;344.531;344.531;430.664;344.531;344.531;430.664	1205.859;1205.859;1205.859;1205.859;1378.125;1464.258;1378.125;1205.859;1205.859;1205.859;1378.125;1464.258;1378.125;1205.859;1205.859;1205.859;1291.992;1464.258;1464.258;1378.125;1205.859;1205.859;1291.992;1378.125;1464.258;1378.125;1205.859;1205.859;1291.992;1378.125;1464.258;1378.125;1981.055	2842.383;2583.984;2325.586;2325.586;2411.719;2670.117;2756.250;2583.984;2411.719;2239.453;2411.719;2583.984;2756.250;2583.984;2411.719;2239.453;2411.719;2583.984;2756.250;2670.117;2411.719;2239.453;2325.586;2497.852;2670.117;2756.250;2583.984;2239.453;2325.586;2497.852;2670.117;2756.250;3014.648	3962.109;3789.844;3617.578;3531.445;3617.578;3703.711;3789.844;3789.844;3789.844;3617.578;3531.445;3617.578;3789.844;3789.844;3789.844;3617.578;3531.445;3617.578;3789.844;3875.977;3789.844;3617.578;3531.445;3617.578;3789.844;3789.844;3789.844;3617.578;3531.445;3617.578;3703.711;3875.977;3875.977	4651.172;4651.172;4651.172;4651.172;4651.172;4651.172;4651.172;4651.172;4651.172;4651.172;4651.172;4651.172;4651.172;4651.172;4651.172;4651.172;4651.172;4651.172;4651.172;4651.172;4651.172;4651.172;4651.172;4651.172;4651.172;4651.172;4651.172;4651.172;4651.172;4651.172;4651.172;4651.172;4651.172	-11.26	34				5.659	602.930	40.8729		5.626				602.930	2411.719;2411.719;3186.914;4392.773;4392.773;602.930;1205.859;1808.789;3186.914;3789.844;4392.773;602.930;1205.859;1808.789;2411.719;3789.844;4392.773;602.930;1205.859;1808.789;2411.719;3789.844;4392.773;602.930;602.930;1808.789;2411.719;3789.844;4392.773;602.930;602.930;1205.859;3014.648	3.246	4392.773	311.592	602.930	-652.860	10.000	0.000;133.540;207.728;0.000;-652.860;103.864;103.864;237.404;103.864;103.864;-652.860;103.864;103.864;103.864;237.404;103.864;-652.860;103.864;103.864;103.864;237.404;103.864;-652.860;0.000;207.728;103.864;237.404;103.864;-652.860;0.000;103.864;311.592		-26.20	40.8729	0.3636			6.33	8821	40.8555	0.2727	40.8149	0.0606	40.9484	0.7576	40.9832	0.9394	039_f0-200_ncomp-24_neg.wav_1	f0 200	24_n
41	Spectrogram 1	1	41.800000000	42.000000000	200ms_schroeder_master.wav	/home/m/Dropbox/Projects/acoustic_fine_features_zebra_finch/data/processed/200ms_schroeder_master.wav	41.8000	150.000	5135.406	5.689		5.632	-29.02	2411.719	4306.641	41.8000		41.8000	1843380	0	1843380	2497.852	41.9004	0.5000	4985.406		0.2000	0.0929	0.1683	42.0000		200ms_schroeder_master.wav	1852200	/home/m/Dropbox/Projects/acoustic_fine_features_zebra_finch/data/processed/200ms_schroeder_master.wav	1852200	28.139		1291.992	344.531	3703.711	4651.172	430.664;344.531;344.531;344.531;344.531;344.531;430.664;344.531;344.531;344.531;344.531;344.531;430.664;344.531;344.531;344.531;344.531;344.531;430.664;344.531;344.531;344.531;344.531;344.531;430.664;430.664;344.531;344.531;344.531;344.531;344.531;430.664;430.664;602.930	1291.992;1291.992;1205.859;1205.859;1378.125;1464.258;1378.125;1291.992;1205.859;1205.859;1378.125;1464.258;1464.258;1378.125;1205.859;1205.859;1205.859;1378.125;1464.258;1378.125;1205.859;1205.859;1205.859;1378.125;1464.258;1378.125;1205.859;1205.859;1205.859;1378.125;1464.258;1378.125;1550.391;2670.117	2239.453;2325.586;2239.453;2411.719;2756.250;2670.117;2583.984;2325.586;2239.453;2411.719;2670.117;2756.250;2583.984;2411.719;2239.453;2411.719;2583.984;2756.250;2583.984;2411.719;2239.453;2411.719;2583.984;2756.250;2670.117;2411.719;2325.586;2325.586;2583.984;2756.250;2670.117;2497.852;2497.852;3359.180	3273.047;3531.445;3617.578;3789.844;3789.844;3789.844;3617.578;3531.445;3617.578;3789.844;3875.977;3789.844;3617.578;3531.445;3617.578;3789.844;3789.844;3789.844;3703.711;3531.445;3617.578;3789.844;3789.844;3789.844;3703.711;3617.578;3531.445;3617.578;3789.844;3789.844;3789.844;3617.578;3445.312;4048.242	4565.039;4651.172;4651.172;4651.172;4651.172;4651.172;4651.172;4651.172;4651.172;4651.172;4651.172;4651.172;4651.172;4651.172;4651.172;4651.172;4651.172;4651.172;4651.172;4651.172;4651.172;4651.172;4651.172;4651.172;4651.172;4651.172;4651.172;4651.172;4651.172;4651.172;4651.172;4651.172;4565.039;4651.172	-11.38	35				5.683	602.930	41.9120		5.439				602.930	1205.859;4392.773;3789.844;2411.719;1808.789;602.930;602.930;4392.773;3789.844;2411.719;1808.789;1205.859;602.930;4392.773;3789.844;2411.719;1808.789;1205.859;602.930;4392.773;3789.844;3186.914;1808.789;1205.859;602.930;4392.773;4392.773;3186.914;2411.719;1205.859;602.930;602.930;3186.914;3531.445	12.140	4392.773	652.860	602.930	-237.404	10.000	548.996;-103.864;-237.404;-103.864;-207.728;0.000;652.860;-103.864;-237.404;-103.864;-103.864;-103.864;652.860;-103.864;-237.404;-103.864;-103.864;-103.864;652.860;-103.864;-103.864;-237.404;-103.864;-103.864;652.860;0.000;-207.728;-133.540;-207.728;-103.864;0.000;445.132;59.351		-26.20	41.9120	0.5588			7.94	8821	41.8540	0.2647	41.8133	0.0588	41.9468	0.7353	41.9817	0.9118	040_f0-200_ncomp-24_pos.wav_1	f0 200	24_p
42	Spectrogram 1	1	42.800000000	43.000000000	200ms_schroeder_master.wav	/home/m/Dropbox/Projects/acoustic_fine_features_zebra_finch/data/processed/200ms_schroeder_master.wav	42.8000	150.000	5313.974	5.746		5.687	-28.96	2411.719	4478.906	42.8000		42.8000	1887480	0	1887480	2583.984	42.8989	0.5000	5163.974		0.2000	0.0929	0.1683	43.0000		200ms_schroeder_master.wav	1896300	/home/m/Dropbox/Projects/acoustic_fine_features_zebra_finch/data/processed/200ms_schroeder_master.wav	1896300	28.348		1378.125	344.531	3789.844	4823.438	430.664;430.664;430.664;430.664;344.531;344.531;344.531;344.531;430.664;430.664;344.531;344.531;344.531;344.531;430.664;430.664;344.531;344.531;344.531;344.531;430.664;430.664;344.531;344.531;344.531;344.531;430.664;430.664;344.531;344.531;344.531;344.531;344.531;344.531	1464.258;1378.125;1464.258;1550.391;1378.125;1205.859;1205.859;1291.992;1464.258;1550.391;1378.125;1205.859;1205.859;1291.992;1378.125;1550.391;1464.258;1291.992;1205.859;1291.992;1378.125;1550.391;1550.391;1378.125;1205.859;1205.859;1378.125;1550.391;1550.391;1378.125;1205.859;1205.859;1205.859;861.328	2411.719;2411.719;2670.117;2842.383;2842.383;2583.984;2411.719;2411.719;2583.984;2756.250;2842.383;2583.984;2411.719;2411.719;2583.984;2756.250;2842.383;2756.250;2411.719;2411.719;2497.852;2756.250;2842.383;2756.250;2411.719;2411.719;2411.719;2670.117;2842.383;2842.383;2583.984;2411.719;2153.320;1808.789	3445.312;3617.578;3789.844;3875.977;3962.109;3962.109;3789.844;3617.578;3789.844;3875.977;3962.109;3962.109;3789.844;3617.578;3703.711;3875.977;3962.109;3962.109;3875.977;3703.711;3617.578;3789.844;3962.109;3962.109;3962.109;3789.844;3617.578;3789.844;3962.109;3962.109;3962.109;3789.844;3445.312;4048.242	4823.438;4823.438;4823.438;4823.438;4823.438;4823.438;4823.438;4823.438;4823.438;4823.438;4823.438;4823.438;4823.438;4823.438;4823.438;4823.438;4823.438;4823.438;4823.438;4823.438;4823.438;4823.438;4823.438;4823.438;4823.438;4823.438;4823.438;4823.438;4823.438;4823.438;4823.438;4823.438;4823.438;4909.570	-11.18	35				5.730	602.930	42.9279		5.415				602.930	2583.984;4392.773;602.930;1205.859;1808.789;2411.719;3789.844;4392.773;602.930;602.930;1205.859;2411.719;3789.844;4392.773;4392.773;602.930;1205.859;1808.789;3186.914;4392.773;4392.773;602.930;1205.859;1808.789;3186.914;3789.844;4392.773;602.930;1205.859;1808.789;2411.719;3789.844;602.930;344.531	-11.690	4392.773	311.592	344.531	-652.860	11.000	311.592;-652.860;103.864;103.864;103.864;237.404;103.864;-652.860;0.000;103.864;207.728;237.404;103.864;0.000;-652.860;103.864;103.864;237.404;207.728;0.000;-652.860;103.864;103.864;237.404;103.864;103.864;-652.860;103.864;103.864;103.864;237.404;-548.996;-44.513		-26.17	42.9279	0.6471			6.94	8821	42.8524	0.2647	42.8176	0.0882	42.9453	0.7353	42.9859	0.9412	041_f0-200_ncomp-25_neg.wav_1	f0 200	25_n
43	Spectrogram 1	1	43.800000000	44.000000000	200ms_schroeder_master.wav	/home/m/Dropbox/Projects/acoustic_fine_features_zebra_finch/data/processed/200ms_schroeder_master.wav	43.8000	150.000	5313.974	5.746		5.696	-28.83	2497.852	4478.906	43.8000		43.8000	1931580	0	1931580	2583.984	43.8973	0.4848	5163.974		0.2000	0.0987	0.1683	44.0000		200ms_schroeder_master.wav	1940400	/home/m/Dropbox/Projects/acoustic_fine_features_zebra_finch/data/processed/200ms_schroeder_master.wav	1940400	28.345		1378.125	344.531	3875.977	4823.438	344.531;344.531;430.664;430.664;344.531;344.531;344.531;344.531;430.664;430.664;344.531;344.531;344.531;344.531;430.664;430.664;344.531;344.531;344.531;344.531;344.531;430.664;430.664;344.531;344.531;344.531;344.531;430.664;430.664;344.531;344.531;344.531;344.531	1378.125;1464.258;1550.391;1464.258;1291.992;1205.859;1205.859;1378.125;1550.391;1464.258;1291.992;1205.859;1205.859;1378.125;1550.391;1464.258;1378.125;1205.859;1205.859;1378.125;1550.391;1550.391;1378.125;1205.859;1205.859;1378.125;1464.258;1550.391;1378.125;1291.992;1205.859;1205.859;947.461	2842.383;2842.383;2756.250;2583.984;2411.719;2411.719;2583.984;2842.383;2756.250;2583.984;2411.719;2411.719;2583.984;2842.383;2842.383;2670.117;2411.719;2411.719;2583.984;2756.250;2842.383;2670.117;2497.852;2411.719;2411.719;2756.250;2842.383;2756.250;2497.852;2411.719;2411.719;2756.250;1894.922	4048.242;3962.109;3875.977;3703.711;3617.578;3789.844;3962.109;3962.109;3875.977;3789.844;3617.578;3789.844;3962.109;3962.109;3962.109;3789.844;3617.578;3789.844;3962.109;3962.109;3962.109;3789.844;3617.578;3789.844;3875.977;3962.109;3962.109;3789.844;3703.711;3617.578;3789.844;4048.242;3875.977	4909.570;4823.438;4823.438;4823.438;4823.438;4823.438;4823.438;4823.438;4823.438;4823.438;4823.438;4823.438;4823.438;4823.438;4823.438;4823.438;4823.438;4823.438;4823.438;4823.438;4823.438;4823.438;4823.438;4823.438;4823.438;4823.438;4823.438;4823.438;4823.438;4823.438;4823.438;4909.570;4909.570	-11.05	34				5.711	602.930	43.9670		5.686				602.930	1205.859;1205.859;602.930;602.930;4392.773;3789.844;2411.719;1808.789;602.930;602.930;4392.773;3789.844;2411.719;1808.789;1205.859;602.930;4392.773;3789.844;2411.719;1808.789;1205.859;602.930;4392.773;3789.844;3186.914;1808.789;1205.859;602.930;4392.773;4392.773;3186.914;3789.844;775.195	-2.318	4392.773	652.860	602.930	-519.320	12.000	0.000;-103.864;0.000;652.860;-103.864;-237.404;-103.864;-207.728;0.000;652.860;-103.864;-237.404;-103.864;-103.864;-103.864;652.860;-103.864;-237.404;-103.864;-103.864;-103.864;652.860;-103.864;-103.864;-237.404;-103.864;-103.864;652.860;0.000;-207.728;103.864;-519.320		-26.16	43.9670	0.8485			6.12	8821	43.8509	0.2424	43.8160	0.0606	43.9496	0.7576	43.9844	0.9394	042_f0-200_ncomp-25_pos.wav_1	f0 200	25_p
44	Spectrogram 1	1	44.800000000	45.000000000	200ms_schroeder_master.wav	/home/m/Dropbox/Projects/acoustic_fine_features_zebra_finch/data/processed/200ms_schroeder_master.wav	44.8000	250.000	1742.614	3.548		3.560	-23.87	602.930	1291.992	44.8000		44.8000	1975680	0	1975680	861.328	44.9016	0.5152	1492.614		0.2000	0.0929	0.1683	45.0000		200ms_schroeder_master.wav	1984500	/home/m/Dropbox/Projects/acoustic_fine_features_zebra_finch/data/processed/200ms_schroeder_master.wav	1984500	28.081		602.930	258.398	1205.859	1550.391	258.398;258.398;258.398;258.398;258.398;258.398;258.398;258.398;258.398;258.398;258.398;258.398;258.398;258.398;258.398;258.398;258.398;258.398;258.398;258.398;258.398;258.398;258.398;258.398;258.398;258.398;258.398;258.398;258.398;258.398;258.398;258.398;258.398	602.930;602.930;602.930;602.930;602.930;602.930;602.930;602.930;602.930;602.930;602.930;602.930;602.930;602.930;602.930;602.930;602.930;602.930;602.930;602.930;602.930;602.930;602.930;602.930;602.930;602.930;602.930;602.930;602.930;602.930;602.930;602.930;602.930	947.461;861.328;861.328;861.328;861.328;861.328;861.328;861.328;861.328;861.328;861.328;861.328;861.328;861.328;861.328;861.328;861.328;861.328;861.328;861.328;861.328;861.328;861.328;861.328;861.328;861.328;861.328;861.328;861.328;861.328;861.328;861.328;947.461	1205.859;1205.859;1205.859;1205.859;1205.859;1205.859;1205.859;1205.859;1205.859;1205.859;1205.859;1205.859;1205.859;1205.859;1205.859;1205.859;1205.859;1205.859;1205.859;1205.859;1205.859;1205.859;1205.859;1205.859;1205.859;1205.859;1205.859;1205.859;1205.859;1205.859;1205.859;1205.859;1205.859	1550.391;1550.391;1550.391;1550.391;1550.391;1550.391;1550.391;1550.391;1550.391;1550.391;1550.391;1550.391;1550.391;1550.391;1550.391;1550.391;1550.391;1550.391;1550.391;1550.391;1550.391;1550.391;1550.391;1550.391;1550.391;1550.391;1550.391;1550.391;1550.391;1550.391;1550.391;1550.391;1550.391	-11.32	34				3.928	602.930	44.8609		3.533				602.930	1205.859;602.930;602.930;1205.859;1205.859;602.930;602.930;1205.859;1205.859;602.930;602.930;1205.859;602.930;602.930;602.930;1205.859;602.930;602.930;1205.859;1205.859;602.930;602.930;1205.859;1205.859;602.930;602.930;1205.859;1205.859;602.930;602.930;1205.859;1205.859;602.930	-3.246	1205.859	103.864	602.930	-103.864	16.000	-103.864;0.000;103.864;0.000;-103.864;0.000;103.864;0.000;-103.864;0.000;103.864;-103.864;0.000;0.000;103.864;-103.864;0.000;103.864;0.000;-103.864;0.000;103.864;0.000;-103.864;0.000;103.864;0.000;-103.864;0.000;103.864;0.000;-103.864		-19.72	44.8609	0.3030			15.30	8821	44.8551	0.2727	44.8145	0.0606	44.9480	0.7576	44.9828	0.9394	043_f0-300_ncomp-5_neg.wav_1	f0 300	5_n
45	Spectrogram 1	1	45.800000000	46.000000000	200ms_schroeder_master.wav	/home/m/Dropbox/Projects/acoustic_fine_features_zebra_finch/data/processed/200ms_schroeder_master.wav	45.8000	250.000	1742.614	3.549		3.571	-23.99	602.930	1291.992	45.8000		45.8000	2019780	0	2019780	861.328	45.9000	0.5000	1492.614		0.2000	0.0929	0.1741	46.0000		200ms_schroeder_master.wav	2028600	/home/m/Dropbox/Projects/acoustic_fine_features_zebra_finch/data/processed/200ms_schroeder_master.wav	2028600	28.082		602.930	258.398	1205.859	1550.391	258.398;258.398;258.398;258.398;258.398;258.398;258.398;258.398;258.398;258.398;258.398;258.398;258.398;258.398;258.398;258.398;258.398;258.398;258.398;258.398;258.398;258.398;258.398;258.398;258.398;258.398;258.398;258.398;258.398;258.398;258.398;258.398;258.398;258.398	602.930;602.930;602.930;602.930;602.930;602.930;602.930;602.930;602.930;602.930;602.930;602.930;602.930;602.930;602.930;602.930;602.930;602.930;602.930;602.930;602.930;602.930;602.930;602.930;602.930;602.930;602.930;602.930;602.930;602.930;602.930;602.930;602.930;516.797	947.461;861.328;861.328;861.328;861.328;861.328;861.328;861.328;861.328;861.328;861.328;861.328;861.328;861.328;861.328;861.328;861.328;861.328;861.328;861.328;861.328;861.328;861.328;861.328;861.328;861.328;861.328;861.328;861.328;861.328;861.328;861.328;861.328;861.328	1205.859;1205.859;1205.859;1205.859;1205.859;1205.859;1205.859;1205.859;1205.859;1205.859;1205.859;1205.859;1205.859;1205.859;1205.859;1205.859;1205.859;1205.859;1205.859;1205.859;1205.859;1205.859;1205.859;1205.859;1205.859;1205.859;1205.859;1205.859;1205.859;1205.859;1205.859;1205.859;1205.859;1205.859	1550.391;1550.391;1550.391;1550.391;1550.391;1550.391;1550.391;1550.391;1550.391;1550.391;1550.391;1550.391;1550.391;1550.391;1550.391;1550.391;1550.391;1550.391;1550.391;1550.391;1550.391;1550.391;1550.391;1550.391;1550.391;1550.391;1550.391;1550.391;1550.391;1550.391;1550.391;1550.391;1550.391;1550.391	-11.44	35				3.931	602.930	45.9523		3.533				602.930	1205.859;602.930;602.930;1205.859;1205.859;602.930;602.930;1205.859;1205.859;602.930;602.930;1205.859;1205.859;602.930;602.930;1205.859;1205.859;602.930;602.930;1205.859;602.930;602.930;1205.859;1205.859;602.930;602.930;1205.859;1205.859;602.930;602.930;1205.859;1205.859;602.930;602.930	-3.147	1205.859	103.864	602.930	-103.864	16.000	-103.864;0.000;103.864;0.000;-103.864;0.000;103.864;0.000;-103.864;0.000;103.864;0.000;-103.864;0.000;103.864;0.000;-103.864;0.000;103.864;-103.864;0.000;103.864;0.000;-103.864;0.000;103.864;0.000;-103.864;0.000;103.864;0.000;-103.864;0.000		-19.72	45.9523	0.7647			16.59	8821	45.8536	0.2647	45.8130	0.0588	45.9465	0.7353	45.9871	0.9412	044_f0-300_ncomp-5_pos.wav_1	f0 300	5_p
46	Spectrogram 1	1	46.800000000	47.000000000	200ms_schroeder_master.wav	/home/m/Dropbox/Projects/acoustic_fine_features_zebra_finch/data/processed/200ms_schroeder_master.wav	46.8000	250.000	2010.466	3.816		3.828	-25.20	861.328	1550.391	46.8000		46.8000	2063880	0	2063880	1119.727	46.8985	0.4848	1760.466		0.2000	0.0929	0.1683	47.0000		200ms_schroeder_master.wav	2072700	/home/m/Dropbox/Projects/acoustic_fine_features_zebra_finch/data/processed/200ms_schroeder_master.wav	2072700	27.416		602.930	258.398	1464.258	1808.789	258.398;258.398;258.398;258.398;258.398;258.398;258.398;258.398;258.398;258.398;258.398;258.398;258.398;258.398;258.398;258.398;258.398;258.398;258.398;258.398;258.398;258.398;258.398;258.398;258.398;258.398;258.398;258.398;258.398;258.398;258.398;258.398;258.398	602.930;602.930;602.930;602.930;602.930;602.930;602.930;602.930;602.930;602.930;602.930;602.930;602.930;602.930;602.930;602.930;602.930;602.930;602.930;602.930;602.930;602.930;602.930;602.930;602.930;602.930;602.930;602.930;602.930;602.930;602.930;602.930;602.930	1119.727;1119.727;1119.727;1033.594;1119.727;1119.727;1119.727;1033.594;1119.727;1119.727;1119.727;1119.727;1119.727;1119.727;1033.594;1119.727;1119.727;1119.727;1033.594;1119.727;1119.727;1119.727;1033.594;1119.727;1119.727;1119.727;1033.594;1119.727;1119.727;1119.727;1033.594;1033.594;1119.727	1464.258;1464.258;1464.258;1464.258;1464.258;1464.258;1464.258;1464.258;1464.258;1464.258;1464.258;1464.258;1464.258;1464.258;1464.258;1464.258;1464.258;1464.258;1464.258;1464.258;1464.258;1464.258;1464.258;1464.258;1464.258;1464.258;1464.258;1464.258;1464.258;1464.258;1464.258;1464.258;1464.258	1808.789;1808.789;1808.789;1808.789;1808.789;1808.789;1808.789;1808.789;1808.789;1808.789;1808.789;1808.789;1808.789;1808.789;1808.789;1808.789;1808.789;1808.789;1808.789;1808.789;1808.789;1808.789;1808.789;1808.789;1808.789;1808.789;1808.789;1808.789;1808.789;1808.789;1808.789;1808.789;1808.789	-11.98	34				4.190	602.930	46.9275		3.799				602.930	1205.859;602.930;1808.789;1205.859;602.930;602.930;1808.789;1205.859;602.930;602.930;1808.789;1205.859;602.930;602.930;1808.789;1205.859;602.930;602.930;1205.859;1205.859;602.930;602.930;1205.859;1205.859;602.930;1808.789;1205.859;1205.859;602.930;1808.789;1205.859;602.930;602.930	-3.246	1808.789	207.728	602.930	-103.864	16.000	-103.864;207.728;-103.864;-103.864;0.000;207.728;-103.864;-103.864;0.000;207.728;-103.864;-103.864;0.000;207.728;-103.864;-103.864;0.000;103.864;0.000;-103.864;0.000;103.864;0.000;-103.864;207.728;-103.864;0.000;-103.864;207.728;-103.864;-103.864;0.000		-21.16	46.9275	0.6364			14.90	8821	46.8521	0.2424	46.8172	0.0606	46.9449	0.7273	46.9856	0.9394	045_f0-300_ncomp-6_neg.wav_1	f0 300	6_n
47	Spectrogram 1	1	47.800000000	48.000000000	200ms_schroeder_master.wav	/home/m/Dropbox/Projects/acoustic_fine_features_zebra_finch/data/processed/200ms_schroeder_master.wav	47.8000	250.000	2010.466	3.816		3.826	-25.20	861.328	1550.391	47.8000		47.8000	2107980	0	2107980	1119.727	47.9028	0.5152	1760.466		0.2000	0.0987	0.1683	48.0000		200ms_schroeder_master.wav	2116800	/home/m/Dropbox/Projects/acoustic_fine_features_zebra_finch/data/processed/200ms_schroeder_master.wav	2116800	27.416		602.930	258.398	1464.258	1808.789	258.398;258.398;258.398;258.398;258.398;258.398;258.398;258.398;258.398;258.398;258.398;258.398;258.398;258.398;258.398;258.398;258.398;258.398;258.398;258.398;258.398;258.398;258.398;258.398;258.398;258.398;258.398;258.398;258.398;258.398;258.398;258.398;258.398	602.930;602.930;602.930;602.930;602.930;602.930;602.930;602.930;602.930;602.930;602.930;602.930;602.930;602.930;602.930;602.930;602.930;602.930;602.930;602.930;602.930;602.930;602.930;602.930;602.930;602.930;602.930;602.930;602.930;602.930;602.930;602.930;602.930	1033.594;1119.727;1119.727;1033.594;1119.727;1119.727;1119.727;1119.727;1119.727;1119.727;1033.594;1119.727;1119.727;1119.727;1033.594;1119.727;1119.727;1119.727;1033.594;1119.727;1119.727;1119.727;1033.594;1119.727;1119.727;1119.727;1033.594;1119.727;1119.727;1119.727;1033.594;1119.727;1119.727	1464.258;1464.258;1464.258;1464.258;1464.258;1464.258;1464.258;1464.258;1464.258;1464.258;1464.258;1464.258;1464.258;1464.258;1464.258;1464.258;1464.258;1464.258;1464.258;1464.258;1464.258;1464.258;1464.258;1464.258;1464.258;1464.258;1464.258;1464.258;1464.258;1464.258;1464.258;1464.258;1550.391	1808.789;1808.789;1808.789;1808.789;1808.789;1808.789;1808.789;1808.789;1808.789;1808.789;1808.789;1808.789;1808.789;1808.789;1808.789;1808.789;1808.789;1808.789;1808.789;1808.789;1808.789;1808.789;1808.789;1808.789;1808.789;1808.789;1808.789;1808.789;1808.789;1808.789;1808.789;1808.789;1808.789	-11.98	34				4.085	602.930	47.9724		3.799				602.930	602.930;602.930;1205.859;1808.789;602.930;602.930;1205.859;1808.789;602.930;602.930;1205.859;1808.789;602.930;602.930;1205.859;1808.789;602.930;602.930;1205.859;1808.789;602.930;1205.859;1205.859;1808.789;602.930;1205.859;1205.859;602.930;602.930;1205.859;1205.859;602.930;602.930	0.000	1808.789	103.864	602.930	-207.728	15.000	0.000;103.864;103.864;-207.728;0.000;103.864;103.864;-207.728;0.000;103.864;103.864;-207.728;0.000;103.864;103.864;-207.728;0.000;103.864;103.864;-207.728;103.864;0.000;103.864;-207.728;103.864;0.000;-103.864;0.000;103.864;0.000;-103.864;0.000		-21.16	47.9724	0.8788			14.93	8821	47.8505	0.2424	47.8157	0.0606	47.9492	0.7576	47.9840	0.9394	046_f0-300_ncomp-6_pos.wav_1	f0 300	6_p
48	Spectrogram 1	1	48.800000000	49.000000000	200ms_schroeder_master.wav	/home/m/Dropbox/Projects/acoustic_fine_features_zebra_finch/data/processed/200ms_schroeder_master.wav	48.8000	250.000	2367.602	4.041		4.064	-26.21	1205.859	1894.922	48.8000		48.8000	2152080	0	2152080	1205.859	48.9012	0.5000	2117.602		0.2000	0.0929	0.1683	49.0000		200ms_schroeder_master.wav	2160900	/home/m/Dropbox/Projects/acoustic_fine_features_zebra_finch/data/processed/200ms_schroeder_master.wav	2160900	27.296		602.930	258.398	1808.789	2153.320	258.398;258.398;258.398;258.398;258.398;258.398;258.398;258.398;258.398;258.398;258.398;258.398;258.398;258.398;258.398;258.398;258.398;258.398;258.398;258.398;258.398;258.398;258.398;258.398;258.398;258.398;258.398;258.398;258.398;258.398;258.398;258.398;258.398;344.531	602.930;602.930;602.930;602.930;602.930;602.930;602.930;602.930;602.930;602.930;602.930;602.930;602.930;602.930;602.930;602.930;602.930;602.930;602.930;602.930;602.930;602.930;602.930;602.930;602.930;602.930;602.930;602.930;602.930;602.930;602.930;602.930;602.930;602.930	1205.859;1205.859;1205.859;1205.859;1205.859;1205.859;1205.859;1205.859;1205.859;1205.859;1205.859;1205.859;1205.859;1205.859;1205.859;1205.859;1205.859;1205.859;1205.859;1205.859;1205.859;1205.859;1205.859;1205.859;1205.859;1205.859;1205.859;1205.859;1205.859;1205.859;1205.859;1205.859;1205.859;1033.594	1722.656;1808.789;1808.789;1808.789;1808.789;1808.789;1808.789;1808.789;1808.789;1808.789;1808.789;1808.789;1808.789;1808.789;1808.789;1808.789;1808.789;1808.789;1808.789;1808.789;1808.789;1808.789;1808.789;1808.789;1808.789;1808.789;1808.789;1808.789;1808.789;1808.789;1808.789;1808.789;1808.789;1808.789	2153.320;2153.320;2153.320;2153.320;2153.320;2153.320;2153.320;2153.320;2153.320;2153.320;2153.320;2153.320;2153.320;2153.320;2153.320;2153.320;2153.320;2153.320;2153.320;2153.320;2153.320;2153.320;2153.320;2153.320;2153.320;2153.320;2153.320;2153.320;2153.320;2153.320;2153.320;2153.320;2153.320;2153.320	-12.23	35				4.453	602.930	48.8374		4.028				602.930	1205.859;602.930;602.930;1808.789;1205.859;602.930;1808.789;1808.789;1205.859;602.930;1808.789;1205.859;1205.859;602.930;1808.789;1205.859;1205.859;602.930;1808.789;1205.859;602.930;602.930;1808.789;1205.859;602.930;602.930;1808.789;1205.859;602.930;602.930;1808.789;1205.859;602.930;430.664	-4.047	1808.789	207.728	430.664	-103.864	16.000	-103.864;0.000;207.728;-103.864;-103.864;207.728;0.000;-103.864;-103.864;207.728;-103.864;0.000;-103.864;207.728;-103.864;0.000;-103.864;207.728;-103.864;-103.864;0.000;207.728;-103.864;-103.864;0.000;207.728;-103.864;-103.864;0.000;207.728;-103.864;-103.864;-29.675		-21.95	48.8374	0.1765			16.03	8821	48.8548	0.2647	48.8141	0.0588	48.9477	0.7353	48.9825	0.9118	047_f0-300_ncomp-7_neg.wav_1	f0 300	7_n
49	Spectrogram 1	1	49.800000000	50.000000000	200ms_schroeder_master.wav	/home/m/Dropbox/Projects/acoustic_fine_features_zebra_finch/data/processed/200ms_schroeder_master.wav	49.8000	250.000	2367.602	4.042		4.064	-26.21	1205.859	1894.922	49.8000		49.8000	2196180	0	2196180	1205.859	49.8997	0.5000	2117.602		0.2000	0.0929	0.1683	50.0000		200ms_schroeder_master.wav	2205000	/home/m/Dropbox/Projects/acoustic_fine_features_zebra_finch/data/processed/200ms_schroeder_master.wav	2205000	27.297		602.930	258.398	1808.789	2153.320	258.398;258.398;258.398;258.398;258.398;258.398;258.398;258.398;258.398;258.398;258.398;258.398;258.398;258.398;258.398;258.398;258.398;258.398;258.398;258.398;258.398;258.398;258.398;258.398;258.398;258.398;258.398;258.398;258.398;258.398;258.398;258.398;258.398;258.398	689.062;602.930;602.930;602.930;602.930;602.930;602.930;602.930;602.930;602.930;602.930;602.930;602.930;602.930;602.930;602.930;602.930;602.930;602.930;602.930;602.930;602.930;602.930;602.930;602.930;602.930;602.930;602.930;602.930;602.930;602.930;602.930;602.930;602.930	1205.859;1205.859;1205.859;1205.859;1205.859;1205.859;1205.859;1205.859;1205.859;1205.859;1205.859;1205.859;1205.859;1205.859;1205.859;1205.859;1205.859;1205.859;1205.859;1205.859;1205.859;1205.859;1205.859;1205.859;1205.859;1205.859;1205.859;1205.859;1205.859;1205.859;1205.859;1205.859;1205.859;1119.727	1808.789;1808.789;1808.789;1808.789;1808.789;1808.789;1808.789;1808.789;1808.789;1808.789;1808.789;1808.789;1808.789;1808.789;1808.789;1808.789;1808.789;1808.789;1808.789;1808.789;1808.789;1808.789;1808.789;1808.789;1808.789;1808.789;1808.789;1808.789;1808.789;1808.789;1808.789;1808.789;1722.656;1722.656	2153.320;2153.320;2153.320;2153.320;2153.320;2153.320;2153.320;2153.320;2153.320;2153.320;2153.320;2153.320;2153.320;2153.320;2153.320;2153.320;2153.320;2153.320;2153.320;2153.320;2153.320;2153.320;2153.320;2153.320;2153.320;2153.320;2153.320;2153.320;2153.320;2153.320;2153.320;2153.320;2153.320;2153.320	-12.23	35				4.441	602.930	49.9693		4.028				602.930	602.930;602.930;1205.859;1808.789;602.930;602.930;1205.859;1808.789;602.930;602.930;1205.859;1808.789;602.930;602.930;1205.859;1808.789;602.930;602.930;1205.859;1808.789;602.930;1205.859;1205.859;1808.789;602.930;1205.859;1808.789;1808.789;602.930;1205.859;1808.789;602.930;602.930;1205.859	3.147	1808.789	103.864	602.930	-207.728	16.000	0.000;103.864;103.864;-207.728;0.000;103.864;103.864;-207.728;0.000;103.864;103.864;-207.728;0.000;103.864;103.864;-207.728;0.000;103.864;103.864;-207.728;103.864;0.000;103.864;-207.728;103.864;103.864;0.000;-207.728;103.864;103.864;-207.728;0.000;103.864		-21.95	49.9693	0.8529			16.50	8821	49.8532	0.2647	49.8184	0.0882	49.9461	0.7353	49.9867	0.9412	048_f0-300_ncomp-7_pos.wav_1	f0 300	7_p
50	Spectrogram 1	1	50.800000000	51.000000000	200ms_schroeder_master.wav	/home/m/Dropbox/Projects/acoustic_fine_features_zebra_finch/data/processed/200ms_schroeder_master.wav	50.8000	250.000	2635.454	4.236		4.247	-25.76	1205.859	2153.320	50.8000		50.8000	2240280	0	2240280	1378.125	50.8981	0.4848	2385.454		0.2000	0.0929	0.1683	51.0000		200ms_schroeder_master.wav	2249100	/home/m/Dropbox/Projects/acoustic_fine_features_zebra_finch/data/processed/200ms_schroeder_master.wav	2249100	28.110		775.195	258.398	1981.055	2411.719	258.398;258.398;258.398;258.398;258.398;258.398;258.398;258.398;258.398;258.398;258.398;258.398;258.398;258.398;258.398;258.398;258.398;258.398;258.398;258.398;258.398;258.398;258.398;258.398;258.398;258.398;258.398;258.398;258.398;258.398;258.398;258.398;258.398	775.195;775.195;775.195;775.195;861.328;861.328;775.195;775.195;861.328;775.195;775.195;775.195;861.328;775.195;775.195;775.195;861.328;775.195;689.062;775.195;861.328;775.195;775.195;775.195;861.328;775.195;775.195;775.195;861.328;775.195;775.195;775.195;861.328	1378.125;1378.125;1291.992;1378.125;1378.125;1378.125;1291.992;1378.125;1378.125;1378.125;1291.992;1378.125;1378.125;1378.125;1291.992;1378.125;1378.125;1291.992;1291.992;1378.125;1378.125;1291.992;1291.992;1378.125;1378.125;1291.992;1378.125;1378.125;1378.125;1291.992;1378.125;1291.992;1291.992	1981.055;1981.055;1894.922;1981.055;1981.055;1894.922;1894.922;1981.055;1981.055;1894.922;1894.922;1981.055;1981.055;1894.922;1981.055;1981.055;1981.055;1894.922;1981.055;1981.055;1981.055;1894.922;1981.055;1981.055;1981.055;1894.922;1981.055;1981.055;1981.055;1894.922;1981.055;1894.922;1894.922	2411.719;2411.719;2411.719;2411.719;2411.719;2411.719;2411.719;2411.719;2411.719;2411.719;2411.719;2411.719;2411.719;2411.719;2411.719;2411.719;2411.719;2411.719;2411.719;2411.719;2411.719;2411.719;2411.719;2411.719;2411.719;2411.719;2411.719;2411.719;2411.719;2411.719;2411.719;2411.719;2411.719	-11.29	34				4.586	602.930	50.9039		4.220				602.930	1205.859;602.930;1808.789;1205.859;602.930;602.930;1808.789;1205.859;602.930;602.930;1808.789;1205.859;602.930;602.930;1808.789;1205.859;602.930;602.930;1808.789;1205.859;602.930;1808.789;1808.789;1205.859;602.930;1808.789;1808.789;1205.859;602.930;1808.789;1205.859;602.930;602.930	-3.246	1808.789	207.728	602.930	-103.864	16.000	-103.864;207.728;-103.864;-103.864;0.000;207.728;-103.864;-103.864;0.000;207.728;-103.864;-103.864;0.000;207.728;-103.864;-103.864;0.000;207.728;-103.864;-103.864;207.728;0.000;-103.864;-103.864;207.728;0.000;-103.864;-103.864;207.728;-103.864;-103.864;0.000		-21.72	50.9039	0.5152			15.04	8821	50.8517	0.2424	50.8169	0.0606	50.9446	0.7273	50.9852	0.9394	049_f0-300_ncomp-8_neg.wav_1	f0 300	8_n
51	Spectrogram 1	1	51.800000000	52.000000000	200ms_schroeder_master.wav	/home/m/Dropbox/Projects/acoustic_fine_features_zebra_finch/data/processed/200ms_schroeder_master.wav	51.8000	250.000	2635.454	4.236		4.246	-25.76	1205.859	2153.320	51.8000		51.8000	2284380	0	2284380	1378.125	51.9024	0.5152	2385.454		0.2000	0.0929	0.1683	52.0000		200ms_schroeder_master.wav	2293200	/home/m/Dropbox/Projects/acoustic_fine_features_zebra_finch/data/processed/200ms_schroeder_master.wav	2293200	28.110		775.195	258.398	1981.055	2411.719	258.398;258.398;258.398;258.398;258.398;258.398;258.398;258.398;258.398;258.398;258.398;258.398;258.398;258.398;258.398;258.398;258.398;258.398;258.398;258.398;258.398;258.398;258.398;258.398;258.398;258.398;258.398;258.398;258.398;258.398;258.398;258.398;258.398	775.195;775.195;775.195;775.195;861.328;775.195;689.062;775.195;861.328;775.195;775.195;775.195;861.328;775.195;775.195;775.195;861.328;775.195;775.195;861.328;861.328;775.195;775.195;861.328;775.195;775.195;775.195;861.328;775.195;775.195;775.195;861.328;775.195	1291.992;1291.992;1291.992;1291.992;1378.125;1378.125;1291.992;1378.125;1378.125;1378.125;1291.992;1378.125;1378.125;1378.125;1291.992;1378.125;1378.125;1378.125;1291.992;1378.125;1378.125;1378.125;1291.992;1378.125;1378.125;1378.125;1291.992;1378.125;1378.125;1291.992;1291.992;1464.258;1464.258	1894.922;1894.922;1981.055;1894.922;1981.055;1981.055;1981.055;1894.922;1981.055;1981.055;1894.922;1894.922;1981.055;1981.055;1894.922;1894.922;1981.055;1981.055;1894.922;1894.922;1981.055;1981.055;1894.922;1981.055;1981.055;1981.055;1894.922;1981.055;1981.055;1981.055;1894.922;1981.055;1981.055	2411.719;2411.719;2411.719;2411.719;2411.719;2411.719;2411.719;2411.719;2411.719;2411.719;2411.719;2411.719;2411.719;2411.719;2411.719;2411.719;2411.719;2411.719;2411.719;2411.719;2411.719;2411.719;2411.719;2411.719;2411.719;2411.719;2411.719;2411.719;2411.719;2411.719;2411.719;2411.719;2411.719	-11.29	34				4.539	602.930	51.8560		4.221				602.930	602.930;1205.859;1808.789;602.930;602.930;1205.859;1808.789;602.930;602.930;1205.859;1808.789;602.930;602.930;1205.859;1808.789;602.930;602.930;1205.859;1808.789;602.930;602.930;1205.859;1808.789;602.930;1205.859;1808.789;1808.789;602.930;1205.859;1808.789;1808.789;602.930;1205.859	3.246	1808.789	103.864	602.930	-207.728	16.000	103.864;103.864;-207.728;0.000;103.864;103.864;-207.728;0.000;103.864;103.864;-207.728;0.000;103.864;103.864;-207.728;0.000;103.864;103.864;-207.728;0.000;103.864;103.864;-207.728;103.864;103.864;0.000;-207.728;103.864;103.864;0.000;-207.728;103.864		-21.72	51.8560	0.2727			15.04	8821	51.8560	0.2727	51.8153	0.0606	51.9488	0.7576	51.9837	0.9394	050_f0-300_ncomp-8_pos.wav_1	f0 300	8_p
52	Spectrogram 1	1	52.800000000	53.000000000	200ms_schroeder_master.wav	/home/m/Dropbox/Projects/acoustic_fine_features_zebra_finch/data/processed/200ms_schroeder_master.wav	52.8000	250.000	2992.590	4.408		4.431	-26.87	1291.992	2411.719	52.8000		52.8000	2328480	0	2328480	1464.258	52.9009	0.5000	2742.590		0.2000	0.0929	0.1683	53.0000		200ms_schroeder_master.wav	2337300	/home/m/Dropbox/Projects/acoustic_fine_features_zebra_finch/data/processed/200ms_schroeder_master.wav	2337300	27.700		861.328	258.398	2153.320	2670.117	258.398;258.398;258.398;258.398;258.398;258.398;258.398;258.398;258.398;258.398;258.398;258.398;258.398;258.398;258.398;258.398;258.398;258.398;258.398;258.398;258.398;258.398;258.398;258.398;258.398;258.398;258.398;258.398;258.398;258.398;258.398;258.398;258.398;344.531	861.328;861.328;861.328;861.328;861.328;861.328;861.328;861.328;861.328;861.328;861.328;861.328;861.328;861.328;861.328;861.328;861.328;861.328;861.328;861.328;861.328;861.328;861.328;861.328;861.328;861.328;861.328;861.328;861.328;861.328;861.328;861.328;861.328;689.062	1464.258;1464.258;1464.258;1464.258;1464.258;1464.258;1464.258;1464.258;1464.258;1464.258;1464.258;1464.258;1464.258;1464.258;1464.258;1464.258;1464.258;1464.258;1464.258;1464.258;1464.258;1464.258;1464.258;1464.258;1464.258;1464.258;1464.258;1464.258;1464.258;1464.258;1464.258;1464.258;1550.391;1550.391	2153.320;2153.320;2153.320;2153.320;2153.320;2153.320;2153.320;2153.320;2153.320;2153.320;2153.320;2153.320;2153.320;2153.320;2153.320;2153.320;2153.320;2153.320;2153.320;2153.320;2153.320;2153.320;2153.320;2153.320;2153.320;2153.320;2153.320;2153.320;2153.320;2153.320;2153.320;2153.320;2153.320;2325.586	2670.117;2670.117;2670.117;2670.117;2670.117;2670.117;2670.117;2670.117;2670.117;2670.117;2670.117;2670.117;2670.117;2670.117;2670.117;2670.117;2670.117;2670.117;2670.117;2670.117;2670.117;2670.117;2670.117;2670.117;2670.117;2670.117;2670.117;2670.117;2670.117;2670.117;2670.117;2670.117;2670.117;2756.250	-11.82	35				4.823	602.930	52.9705		4.396				602.930	1205.859;602.930;2411.719;1808.789;1205.859;602.930;2411.719;1808.789;1205.859;602.930;2411.719;1808.789;1205.859;602.930;2411.719;1205.859;602.930;602.930;1808.789;1205.859;602.930;602.930;1808.789;1205.859;602.930;602.930;1808.789;1205.859;602.930;2411.719;1808.789;1205.859;602.930;2411.719	6.295	2411.719	311.592	602.930	-207.728	17.000	-103.864;311.592;-103.864;-103.864;-103.864;311.592;-103.864;-103.864;-103.864;311.592;-103.864;-103.864;-103.864;311.592;-207.728;-103.864;0.000;207.728;-103.864;-103.864;0.000;207.728;-103.864;-103.864;0.000;207.728;-103.864;-103.864;311.592;-103.864;-103.864;-103.864;311.592		-22.64	52.9705	0.8529			16.23	8821	52.8544	0.2647	52.8138	0.0588	52.9473	0.7353	52.9821	0.9118	051_f0-300_ncomp-9_neg.wav_1	f0 300	9_n
53	Spectrogram 1	1	53.800000000	54.000000000	200ms_schroeder_master.wav	/home/m/Dropbox/Projects/acoustic_fine_features_zebra_finch/data/processed/200ms_schroeder_master.wav	53.8000	250.000	2992.590	4.408		4.431	-26.87	1291.992	2411.719	53.8000		53.8000	2372580	0	2372580	1464.258	53.8993	0.5000	2742.590		0.2000	0.0929	0.1683	54.0000		200ms_schroeder_master.wav	2381400	/home/m/Dropbox/Projects/acoustic_fine_features_zebra_finch/data/processed/200ms_schroeder_master.wav	2381400	27.700		861.328	258.398	2153.320	2670.117	258.398;258.398;258.398;258.398;258.398;258.398;258.398;258.398;258.398;258.398;258.398;258.398;258.398;258.398;258.398;258.398;258.398;258.398;258.398;258.398;258.398;258.398;258.398;258.398;258.398;258.398;258.398;258.398;258.398;258.398;258.398;258.398;258.398;344.531	861.328;861.328;861.328;861.328;861.328;861.328;861.328;861.328;861.328;861.328;861.328;861.328;861.328;861.328;861.328;861.328;861.328;861.328;861.328;861.328;861.328;861.328;861.328;861.328;861.328;861.328;861.328;861.328;861.328;861.328;861.328;861.328;861.328;775.195	1550.391;1464.258;1464.258;1464.258;1464.258;1464.258;1464.258;1464.258;1464.258;1464.258;1464.258;1464.258;1464.258;1464.258;1464.258;1464.258;1464.258;1464.258;1464.258;1464.258;1464.258;1464.258;1464.258;1464.258;1464.258;1464.258;1464.258;1464.258;1464.258;1464.258;1464.258;1464.258;1464.258;1378.125	2153.320;2153.320;2153.320;2153.320;2153.320;2153.320;2153.320;2153.320;2153.320;2153.320;2153.320;2153.320;2153.320;2153.320;2153.320;2153.320;2153.320;2153.320;2153.320;2153.320;2153.320;2153.320;2153.320;2153.320;2153.320;2153.320;2153.320;2153.320;2153.320;2153.320;2153.320;2153.320;2153.320;2067.188	2670.117;2670.117;2670.117;2670.117;2670.117;2670.117;2670.117;2670.117;2670.117;2670.117;2670.117;2670.117;2670.117;2670.117;2670.117;2670.117;2670.117;2670.117;2670.117;2670.117;2670.117;2670.117;2670.117;2670.117;2670.117;2670.117;2670.117;2670.117;2670.117;2670.117;2670.117;2670.117;2670.117;2670.117	-11.82	35				4.822	602.930	53.8761		4.396				602.930	602.930;602.930;1808.789;2411.719;602.930;1205.859;1808.789;2411.719;602.930;1205.859;1808.789;2411.719;602.930;1205.859;1808.789;602.930;602.930;1205.859;1808.789;602.930;602.930;1205.859;1808.789;602.930;602.930;1205.859;2411.719;602.930;1205.859;1808.789;2411.719;602.930;1205.859;1808.789	6.295	2411.719	207.728	602.930	-311.592	16.000	0.000;207.728;103.864;-311.592;103.864;103.864;103.864;-311.592;103.864;103.864;103.864;-311.592;103.864;103.864;-207.728;0.000;103.864;103.864;-207.728;0.000;103.864;103.864;-207.728;0.000;103.864;207.728;-311.592;103.864;103.864;103.864;-311.592;103.864;103.864		-22.64	53.8761	0.3824			16.34	8821	53.8529	0.2647	53.8180	0.0882	53.9457	0.7353	53.9864	0.9412	052_f0-300_ncomp-9_pos.wav_1	f0 300	9_p
54	Spectrogram 1	1	54.800000000	55.000000000	200ms_schroeder_master.wav	/home/m/Dropbox/Projects/acoustic_fine_features_zebra_finch/data/processed/200ms_schroeder_master.wav	54.8000	250.000	3260.442	4.561		4.571	-27.34	1550.391	2670.117	54.8000		54.8000	2416680	0	2416680	1722.656	54.8978	0.4848	3010.442		0.2000	0.0929	0.1683	55.0000		200ms_schroeder_master.wav	2425500	/home/m/Dropbox/Projects/acoustic_fine_features_zebra_finch/data/processed/200ms_schroeder_master.wav	2425500	27.499		861.328	344.531	2411.719	3014.648	344.531;344.531;344.531;344.531;344.531;344.531;344.531;344.531;344.531;344.531;344.531;344.531;344.531;344.531;344.531;344.531;344.531;344.531;344.531;344.531;344.531;344.531;344.531;344.531;344.531;344.531;344.531;344.531;344.531;344.531;344.531;344.531;344.531	861.328;861.328;861.328;861.328;861.328;861.328;861.328;861.328;861.328;861.328;861.328;861.328;861.328;861.328;861.328;861.328;861.328;861.328;861.328;861.328;861.328;861.328;861.328;861.328;861.328;861.328;861.328;861.328;861.328;861.328;861.328;861.328;947.461	1722.656;1722.656;1550.391;1722.656;1722.656;1722.656;1636.523;1722.656;1722.656;1636.523;1636.523;1722.656;1722.656;1636.523;1636.523;1722.656;1722.656;1550.391;1636.523;1722.656;1722.656;1550.391;1722.656;1722.656;1722.656;1550.391;1722.656;1722.656;1722.656;1550.391;1722.656;1550.391;1550.391	2411.719;2411.719;2411.719;2411.719;2411.719;2411.719;2411.719;2411.719;2411.719;2411.719;2411.719;2411.719;2411.719;2411.719;2411.719;2411.719;2411.719;2411.719;2411.719;2411.719;2411.719;2411.719;2411.719;2411.719;2411.719;2411.719;2411.719;2411.719;2411.719;2411.719;2411.719;2411.719;2411.719	3014.648;3014.648;3014.648;3014.648;3014.648;3014.648;3014.648;3014.648;3014.648;3014.648;3014.648;3014.648;3014.648;3014.648;3014.648;3014.648;3014.648;3014.648;3014.648;3014.648;3014.648;3014.648;3014.648;3014.648;3014.648;3014.648;3014.648;3014.648;3014.648;3014.648;3014.648;3014.648;3014.648	-11.90	34				4.881	602.930	54.8571		4.546				602.930	602.930;602.930;2411.719;1205.859;602.930;602.930;1808.789;1205.859;602.930;602.930;1808.789;1205.859;602.930;2411.719;1808.789;1205.859;602.930;2411.719;1808.789;1205.859;602.930;2411.719;1808.789;1205.859;602.930;2411.719;1808.789;602.930;602.930;2411.719;1205.859;602.930;602.930	0.000	2411.719	311.592	602.930	-207.728	15.000	0.000;311.592;-207.728;-103.864;0.000;207.728;-103.864;-103.864;0.000;207.728;-103.864;-103.864;311.592;-103.864;-103.864;-103.864;311.592;-103.864;-103.864;-103.864;311.592;-103.864;-103.864;-103.864;311.592;-103.864;-207.728;0.000;311.592;-207.728;-103.864;0.000		-23.29	54.8571	0.2727			15.13	8821	54.8513	0.2424	54.8165	0.0606	54.9442	0.7273	54.9848	0.9394	053_f0-300_ncomp-10_neg.wav_1	f0 300	10_n
55	Spectrogram 1	1	55.800000000	56.000000000	200ms_schroeder_master.wav	/home/m/Dropbox/Projects/acoustic_fine_features_zebra_finch/data/processed/200ms_schroeder_master.wav	55.8000	250.000	3260.442	4.561		4.572	-27.34	1550.391	2670.117	55.8000		55.8000	2460780	0	2460780	1722.656	55.9020	0.5152	3010.442		0.2000	0.0929	0.1683	56.0000		200ms_schroeder_master.wav	2469600	/home/m/Dropbox/Projects/acoustic_fine_features_zebra_finch/data/processed/200ms_schroeder_master.wav	2469600	27.499		861.328	344.531	2411.719	3014.648	344.531;344.531;344.531;344.531;344.531;344.531;344.531;344.531;344.531;344.531;344.531;344.531;344.531;344.531;344.531;344.531;344.531;344.531;344.531;344.531;344.531;344.531;344.531;344.531;344.531;344.531;344.531;344.531;344.531;344.531;344.531;344.531;344.531	861.328;861.328;861.328;861.328;861.328;861.328;861.328;861.328;861.328;861.328;861.328;861.328;861.328;861.328;861.328;861.328;861.328;861.328;861.328;861.328;861.328;861.328;861.328;861.328;861.328;861.328;861.328;861.328;861.328;861.328;861.328;861.328;861.328	1550.391;1636.523;1550.391;1722.656;1722.656;1722.656;1550.391;1722.656;1722.656;1636.523;1636.523;1722.656;1722.656;1636.523;1636.523;1722.656;1722.656;1636.523;1636.523;1722.656;1722.656;1550.391;1722.656;1722.656;1722.656;1550.391;1722.656;1722.656;1722.656;1550.391;1722.656;1722.656;1722.656	2411.719;2411.719;2411.719;2411.719;2411.719;2411.719;2411.719;2411.719;2411.719;2411.719;2411.719;2411.719;2411.719;2411.719;2411.719;2411.719;2411.719;2411.719;2411.719;2411.719;2411.719;2411.719;2411.719;2411.719;2411.719;2411.719;2411.719;2411.719;2411.719;2411.719;2411.719;2411.719;2411.719	3014.648;3014.648;3014.648;3014.648;3014.648;3014.648;3014.648;3014.648;3014.648;3014.648;3014.648;3014.648;3014.648;3014.648;3014.648;3014.648;3014.648;3014.648;3014.648;3014.648;3014.648;3014.648;3014.648;3014.648;3014.648;3014.648;3014.648;3014.648;3014.648;3014.648;3014.648;3014.648;3014.648	-11.90	34				4.893	602.930	55.9194		4.546				602.930	602.930;1808.789;2411.719;602.930;1205.859;1808.789;2411.719;602.930;1205.859;1808.789;2411.719;602.930;1205.859;1808.789;2411.719;602.930;1205.859;1808.789;602.930;602.930;1205.859;1808.789;602.930;602.930;1205.859;2411.719;602.930;602.930;1808.789;2411.719;602.930;1205.859;1205.859	3.246	2411.719	207.728	602.930	-311.592	16.000	207.728;103.864;-311.592;103.864;103.864;103.864;-311.592;103.864;103.864;103.864;-311.592;103.864;103.864;103.864;-311.592;103.864;103.864;-207.728;0.000;103.864;103.864;-207.728;0.000;103.864;207.728;-311.592;0.000;207.728;103.864;-311.592;103.864;0.000		-23.29	55.9194	0.6061			15.14	8821	55.8556	0.2727	55.8150	0.0606	55.9485	0.7576	55.9833	0.9394	054_f0-300_ncomp-10_pos.wav_1	f0 300	10_p
56	Spectrogram 1	1	56.800000000	57.000000000	200ms_schroeder_master.wav	/home/m/Dropbox/Projects/acoustic_fine_features_zebra_finch/data/processed/200ms_schroeder_master.wav	56.8000	250.000	3617.578	4.700		4.723	-27.66	1722.656	2928.516	56.8000		56.8000	2504880	0	2504880	1808.789	56.9005	0.5000	3367.578		0.2000	0.0929	0.1683	57.0000		200ms_schroeder_master.wav	2513700	/home/m/Dropbox/Projects/acoustic_fine_features_zebra_finch/data/processed/200ms_schroeder_master.wav	2513700	27.888		947.461	344.531	2670.117	3273.047	344.531;344.531;344.531;344.531;344.531;344.531;344.531;344.531;344.531;344.531;344.531;344.531;344.531;344.531;344.531;344.531;344.531;344.531;344.531;344.531;344.531;344.531;344.531;344.531;344.531;344.531;344.531;344.531;344.531;344.531;344.531;344.531;344.531;344.531	947.461;947.461;947.461;947.461;947.461;947.461;947.461;947.461;947.461;947.461;947.461;947.461;947.461;947.461;947.461;947.461;947.461;947.461;947.461;947.461;947.461;947.461;947.461;947.461;947.461;947.461;947.461;947.461;947.461;947.461;947.461;947.461;947.461;947.461	1808.789;1808.789;1808.789;1808.789;1808.789;1808.789;1808.789;1808.789;1808.789;1808.789;1808.789;1808.789;1808.789;1808.789;1808.789;1808.789;1808.789;1808.789;1808.789;1808.789;1808.789;1808.789;1808.789;1808.789;1808.789;1808.789;1808.789;1808.789;1808.789;1808.789;1808.789;1808.789;1808.789;2067.188	2670.117;2670.117;2670.117;2670.117;2670.117;2670.117;2670.117;2670.117;2670.117;2670.117;2670.117;2670.117;2670.117;2670.117;2670.117;2670.117;2670.117;2670.117;2670.117;2670.117;2670.117;2670.117;2670.117;2670.117;2670.117;2670.117;2670.117;2670.117;2670.117;2670.117;2670.117;2670.117;2670.117;2842.383	3273.047;3273.047;3273.047;3273.047;3273.047;3273.047;3273.047;3273.047;3273.047;3273.047;3273.047;3273.047;3273.047;3273.047;3273.047;3273.047;3273.047;3273.047;3273.047;3273.047;3273.047;3273.047;3273.047;3273.047;3273.047;3273.047;3273.047;3273.047;3273.047;3273.047;3273.047;3273.047;3273.047;3273.047	-11.63	35				5.111	602.930	56.9237		4.688				602.930	1205.859;602.930;2411.719;1808.789;1205.859;602.930;2411.719;1808.789;602.930;602.930;2411.719;1808.789;602.930;602.930;2411.719;1205.859;602.930;602.930;2411.719;1205.859;602.930;602.930;1808.789;1205.859;602.930;2411.719;1808.789;1205.859;602.930;2411.719;1808.789;602.930;602.930;2411.719	6.295	2411.719	311.592	602.930	-207.728	17.000	-103.864;311.592;-103.864;-103.864;-103.864;311.592;-103.864;-207.728;0.000;311.592;-103.864;-207.728;0.000;311.592;-207.728;-103.864;0.000;311.592;-207.728;-103.864;0.000;207.728;-103.864;-103.864;311.592;-103.864;-103.864;-103.864;311.592;-103.864;-207.728;0.000;311.592		-23.32	56.9237	0.6176			17.22	8821	56.8540	0.2647	56.8134	0.0588	56.9469	0.7353	56.9818	0.9118	055_f0-300_ncomp-11_neg.wav_1	f0 300	11_n
57	Spectrogram 1	1	57.800000000	58.000000000	200ms_schroeder_master.wav	/home/m/Dropbox/Projects/acoustic_fine_features_zebra_finch/data/processed/200ms_schroeder_master.wav	57.8000	250.000	3617.578	4.700		4.722	-27.66	1722.656	2928.516	57.8000		57.8000	2548980	0	2548980	1808.789	57.8989	0.5000	3367.578		0.2000	0.0929	0.1683	58.0000		200ms_schroeder_master.wav	2557800	/home/m/Dropbox/Projects/acoustic_fine_features_zebra_finch/data/processed/200ms_schroeder_master.wav	2557800	27.888		947.461	344.531	2670.117	3273.047	344.531;344.531;344.531;344.531;344.531;344.531;344.531;344.531;344.531;344.531;344.531;344.531;344.531;344.531;344.531;344.531;344.531;344.531;344.531;344.531;344.531;344.531;344.531;344.531;344.531;344.531;344.531;344.531;344.531;344.531;344.531;344.531;344.531;344.531	947.461;947.461;947.461;947.461;947.461;947.461;947.461;947.461;947.461;947.461;947.461;947.461;947.461;947.461;947.461;947.461;947.461;947.461;947.461;947.461;947.461;947.461;947.461;947.461;947.461;947.461;947.461;947.461;947.461;947.461;947.461;947.461;947.461;947.461	1808.789;1808.789;1808.789;1808.789;1808.789;1808.789;1808.789;1808.789;1808.789;1808.789;1808.789;1808.789;1808.789;1808.789;1808.789;1808.789;1808.789;1808.789;1808.789;1808.789;1808.789;1808.789;1808.789;1808.789;1808.789;1808.789;1808.789;1808.789;1808.789;1808.789;1808.789;1808.789;1808.789;1722.656	2670.117;2670.117;2670.117;2670.117;2670.117;2670.117;2670.117;2670.117;2670.117;2670.117;2670.117;2670.117;2670.117;2670.117;2670.117;2670.117;2670.117;2670.117;2670.117;2670.117;2670.117;2670.117;2670.117;2670.117;2670.117;2670.117;2670.117;2670.117;2670.117;2670.117;2670.117;2670.117;2670.117;2497.852	3273.047;3273.047;3273.047;3273.047;3273.047;3273.047;3273.047;3273.047;3273.047;3273.047;3273.047;3273.047;3273.047;3273.047;3273.047;3273.047;3273.047;3273.047;3273.047;3273.047;3273.047;3273.047;3273.047;3273.047;3273.047;3273.047;3273.047;3273.047;3273.047;3273.047;3273.047;3273.047;3273.047;3273.047	-11.63	35				5.116	602.930	57.9628		4.688				602.930	602.930;1205.859;2411.719;602.930;602.930;1808.789;2411.719;602.930;602.930;1808.789;2411.719;602.930;1205.859;1808.789;2411.719;602.930;1205.859;1808.789;2411.719;602.930;1205.859;1808.789;602.930;602.930;1205.859;1808.789;602.930;602.930;1205.859;2411.719;602.930;602.930;1808.789;2411.719	9.442	2411.719	207.728	602.930	-311.592	16.000	103.864;207.728;-311.592;0.000;207.728;103.864;-311.592;0.000;207.728;103.864;-311.592;103.864;103.864;103.864;-311.592;103.864;103.864;103.864;-311.592;103.864;103.864;-207.728;0.000;103.864;103.864;-207.728;0.000;103.864;207.728;-311.592;0.000;207.728;103.864		-23.32	57.9628	0.8235			17.00	8821	57.8525	0.2647	57.8177	0.0882	57.9454	0.7353	57.9860	0.9412	056_f0-300_ncomp-11_pos.wav_1	f0 300	11_p
58	Spectrogram 1	1	58.800000000	59.000000000	200ms_schroeder_master.wav	/home/m/Dropbox/Projects/acoustic_fine_features_zebra_finch/data/processed/200ms_schroeder_master.wav	58.8000	250.000	3885.430	4.826		4.836	-27.81	1808.789	3273.047	58.8000		58.8000	2593080	0	2593080	1981.055	58.8974	0.4848	3635.430		0.2000	0.0987	0.1683	59.0000		200ms_schroeder_master.wav	2601900	/home/m/Dropbox/Projects/acoustic_fine_features_zebra_finch/data/processed/200ms_schroeder_master.wav	2601900	27.927		1119.727	344.531	2928.516	3617.578	344.531;344.531;344.531;344.531;344.531;344.531;344.531;344.531;344.531;344.531;344.531;344.531;344.531;344.531;344.531;344.531;344.531;344.531;344.531;344.531;344.531;344.531;344.531;344.531;344.531;344.531;344.531;344.531;344.531;344.531;344.531;344.531;344.531	1119.727;1119.727;1119.727;1119.727;1119.727;1119.727;1119.727;1119.727;1119.727;1119.727;1119.727;1119.727;1119.727;1119.727;1119.727;1119.727;1119.727;1119.727;1119.727;1119.727;1119.727;1119.727;1119.727;1119.727;1119.727;1033.594;1119.727;1119.727;1119.727;1033.594;1119.727;1033.594;1033.594	2067.188;1981.055;1894.922;2067.188;1981.055;1894.922;1981.055;2067.188;1981.055;1894.922;1981.055;2067.188;1981.055;1894.922;1981.055;2067.188;1981.055;1894.922;1981.055;1981.055;1894.922;1894.922;1981.055;1981.055;1894.922;1894.922;1981.055;1981.055;1894.922;1894.922;2067.188;1894.922;1808.789	2928.516;2928.516;2842.383;2928.516;2928.516;2756.250;2928.516;2928.516;2842.383;2756.250;2928.516;2928.516;2756.250;2756.250;2928.516;2928.516;2756.250;2842.383;2928.516;2928.516;2756.250;2842.383;2928.516;2928.516;2756.250;2842.383;2928.516;2928.516;2756.250;2928.516;2928.516;2756.250;2756.250	3617.578;3617.578;3617.578;3617.578;3617.578;3617.578;3617.578;3617.578;3617.578;3617.578;3617.578;3617.578;3617.578;3617.578;3617.578;3617.578;3617.578;3617.578;3617.578;3617.578;3617.578;3617.578;3617.578;3617.578;3617.578;3617.578;3617.578;3617.578;3617.578;3617.578;3617.578;3617.578;3617.578	-11.47	34				5.119	602.930	58.9671		4.811				602.930	602.930;602.930;2411.719;1205.859;602.930;3014.648;1808.789;1205.859;602.930;2411.719;1808.789;1205.859;602.930;2411.719;1808.789;1205.859;602.930;2411.719;1808.789;602.930;602.930;2411.719;1808.789;602.930;602.930;2411.719;1205.859;602.930;602.930;2411.719;1205.859;602.930;3014.648	12.983	3014.648	415.456	602.930	-207.728	16.000	0.000;311.592;-207.728;-103.864;415.456;-207.728;-103.864;-103.864;311.592;-103.864;-103.864;-103.864;311.592;-103.864;-103.864;-103.864;311.592;-103.864;-207.728;0.000;311.592;-103.864;-207.728;0.000;311.592;-207.728;-103.864;0.000;311.592;-207.728;-103.864;415.456		-23.66	58.9671	0.8485			15.84	8821	58.8510	0.2424	58.8161	0.0606	58.9496	0.7576	58.9845	0.9394	057_f0-300_ncomp-12_neg.wav_1	f0 300	12_n
59	Spectrogram 1	1	59.800000000	60.000000000	200ms_schroeder_master.wav	/home/m/Dropbox/Projects/acoustic_fine_features_zebra_finch/data/processed/200ms_schroeder_master.wav	59.8000	250.000	3885.430	4.826		4.837	-27.81	1808.789	3273.047	59.8000		59.8000	2637180	0	2637180	1981.055	59.9017	0.5152	3635.430		0.2000	0.0929	0.1683	60.0000		200ms_schroeder_master.wav	2646000	/home/m/Dropbox/Projects/acoustic_fine_features_zebra_finch/data/processed/200ms_schroeder_master.wav	2646000	27.927		1119.727	344.531	2928.516	3617.578	344.531;344.531;344.531;344.531;344.531;344.531;344.531;344.531;344.531;344.531;344.531;344.531;344.531;344.531;344.531;344.531;344.531;344.531;344.531;344.531;344.531;344.531;344.531;344.531;344.531;344.531;344.531;344.531;344.531;344.531;344.531;344.531;344.531	1119.727;1119.727;1119.727;1119.727;1119.727;1033.594;1119.727;1119.727;1119.727;1119.727;1119.727;1119.727;1119.727;1119.727;1119.727;1119.727;1119.727;1119.727;1119.727;1119.727;1119.727;1119.727;1119.727;1119.727;1119.727;1119.727;1119.727;1119.727;1033.594;1119.727;1119.727;1119.727;1033.594	1894.922;1894.922;1894.922;1981.055;1981.055;1894.922;1894.922;1981.055;1981.055;1894.922;1894.922;1981.055;1981.055;1894.922;1981.055;2067.188;1981.055;1894.922;1981.055;2067.188;1981.055;1894.922;1981.055;2067.188;1981.055;1894.922;1981.055;2067.188;1894.922;1894.922;1981.055;2067.188;1894.922	2756.250;2756.250;2756.250;2928.516;2928.516;2842.383;2756.250;2928.516;2928.516;2842.383;2756.250;2928.516;2928.516;2842.383;2756.250;2928.516;2928.516;2756.250;2756.250;2928.516;2928.516;2756.250;2842.383;2928.516;2928.516;2756.250;2928.516;2928.516;2928.516;2756.250;2928.516;2928.516;2928.516	3617.578;3617.578;3617.578;3617.578;3617.578;3617.578;3617.578;3617.578;3617.578;3617.578;3617.578;3617.578;3617.578;3617.578;3617.578;3617.578;3617.578;3617.578;3617.578;3617.578;3617.578;3617.578;3617.578;3617.578;3617.578;3617.578;3617.578;3617.578;3617.578;3617.578;3617.578;3617.578;3617.578	-11.47	34				5.180	602.930	59.8262		4.811				602.930	1205.859;2411.719;602.930;602.930;1205.859;2411.719;602.930;602.930;1808.789;2411.719;602.930;602.930;1808.789;2411.719;602.930;1205.859;1808.789;2411.719;602.930;1205.859;1808.789;2411.719;602.930;1205.859;1808.789;3014.648;602.930;1205.859;2411.719;602.930;602.930;1205.859;1808.789	3.246	3014.648	207.728	602.930	-415.456	16.000	207.728;-311.592;0.000;103.864;207.728;-311.592;0.000;207.728;103.864;-311.592;0.000;207.728;103.864;-311.592;103.864;103.864;103.864;-311.592;103.864;103.864;103.864;-311.592;103.864;103.864;207.728;-415.456;103.864;207.728;-311.592;0.000;103.864;103.864		-23.66	59.8262	0.1212			15.80	8821	59.8552	0.2727	59.8146	0.0606	59.9481	0.7576	59.9829	0.9394	058_f0-300_ncomp-12_pos.wav_1	f0 300	12_p
60	Spectrogram 1	1	60.800000000	61.000000000	200ms_schroeder_master.wav	/home/m/Dropbox/Projects/acoustic_fine_features_zebra_finch/data/processed/200ms_schroeder_master.wav	60.8000	250.000	4153.282	4.942		4.965	-28.44	1808.789	3531.445	60.8000		60.8000	2681280	0	2681280	2067.188	60.9001	0.5000	3903.282		0.2000	0.0929	0.1741	61.0000		200ms_schroeder_master.wav	2690100	/home/m/Dropbox/Projects/acoustic_fine_features_zebra_finch/data/processed/200ms_schroeder_master.wav	2690100	27.713		1205.859	344.531	3014.648	3875.977	344.531;344.531;344.531;344.531;344.531;344.531;344.531;344.531;344.531;344.531;344.531;344.531;344.531;344.531;344.531;344.531;344.531;344.531;344.531;344.531;344.531;344.531;344.531;344.531;344.531;344.531;344.531;344.531;344.531;344.531;344.531;344.531;344.531;344.531	1205.859;1205.859;1205.859;1205.859;1205.859;1205.859;1205.859;1205.859;1205.859;1205.859;1205.859;1205.859;1205.859;1205.859;1205.859;1205.859;1205.859;1205.859;1205.859;1205.859;1205.859;1205.859;1205.859;1205.859;1205.859;1205.859;1205.859;1205.859;1205.859;1205.859;1205.859;1205.859;1205.859;1205.859	2067.188;2067.188;2067.188;2067.188;2067.188;2067.188;2067.188;2067.188;2067.188;2067.188;2067.188;2067.188;2067.188;2067.188;2067.188;2067.188;2067.188;2067.188;2067.188;2067.188;2067.188;2067.188;2067.188;2067.188;2067.188;2067.188;2067.188;2067.188;2067.188;2067.188;2067.188;2067.188;2067.188;2411.719	3014.648;3014.648;3014.648;3014.648;3014.648;3014.648;3014.648;3014.648;3014.648;3014.648;3014.648;3014.648;3014.648;3014.648;3014.648;3014.648;3014.648;3014.648;3014.648;3014.648;3014.648;3014.648;3014.648;3014.648;3014.648;3014.648;3014.648;3014.648;3014.648;3014.648;3014.648;3014.648;3014.648;3273.047	3875.977;3875.977;3875.977;3875.977;3875.977;3875.977;3875.977;3875.977;3875.977;3875.977;3875.977;3875.977;3875.977;3875.977;3875.977;3875.977;3875.977;3875.977;3875.977;3875.977;3875.977;3875.977;3875.977;3875.977;3875.977;3875.977;3875.977;3875.977;3875.977;3875.977;3875.977;3875.977;3875.977;3875.977	-11.81	35				5.347	602.930	60.8537		4.931				602.930	602.930;602.930;2411.719;1808.789;602.930;602.930;2411.719;1205.859;602.930;602.930;2411.719;1205.859;602.930;602.930;2411.719;1205.859;602.930;3014.648;1808.789;1205.859;602.930;3014.648;1808.789;1205.859;602.930;2411.719;1808.789;602.930;602.930;2411.719;1808.789;602.930;602.930;2411.719	9.442	3014.648	415.456	602.930	-207.728	16.000	0.000;311.592;-103.864;-207.728;0.000;311.592;-207.728;-103.864;0.000;311.592;-207.728;-103.864;0.000;311.592;-207.728;-103.864;415.456;-207.728;-103.864;-103.864;415.456;-207.728;-103.864;-103.864;311.592;-103.864;-207.728;0.000;311.592;-103.864;-207.728;0.000;311.592		-24.22	60.8537	0.2647			17.13	8821	60.8537	0.2647	60.8130	0.0588	60.9466	0.7353	60.9872	0.9412	059_f0-300_ncomp-13_neg.wav_1	f0 300	13_n
61	Spectrogram 1	1	61.800000000	62.000000000	200ms_schroeder_master.wav	/home/m/Dropbox/Projects/acoustic_fine_features_zebra_finch/data/processed/200ms_schroeder_master.wav	61.8000	250.000	4153.282	4.942		4.953	-28.31	1808.789	3531.445	61.8000		61.8000	2725380	0	2725380	2067.188	61.8986	0.4848	3903.282		0.2000	0.0929	0.1683	62.0000		200ms_schroeder_master.wav	2734200	/home/m/Dropbox/Projects/acoustic_fine_features_zebra_finch/data/processed/200ms_schroeder_master.wav	2734200	27.712		1205.859	344.531	3014.648	3875.977	344.531;344.531;344.531;344.531;344.531;344.531;344.531;344.531;344.531;344.531;344.531;344.531;344.531;344.531;344.531;344.531;344.531;344.531;344.531;344.531;344.531;344.531;344.531;344.531;344.531;344.531;344.531;344.531;344.531;344.531;344.531;344.531;344.531	1205.859;1205.859;1205.859;1205.859;1205.859;1205.859;1205.859;1205.859;1205.859;1205.859;1205.859;1205.859;1205.859;1205.859;1205.859;1205.859;1205.859;1205.859;1205.859;1205.859;1205.859;1205.859;1205.859;1205.859;1205.859;1205.859;1205.859;1205.859;1205.859;1205.859;1205.859;1205.859;1205.859	2067.188;2067.188;2067.188;2067.188;2067.188;2067.188;2067.188;2067.188;2067.188;2067.188;2067.188;2067.188;2067.188;2067.188;2067.188;2067.188;2067.188;2067.188;2067.188;2067.188;2067.188;2067.188;2067.188;2067.188;2067.188;2067.188;2067.188;2067.188;2067.188;2067.188;2067.188;2067.188;2067.188	3014.648;3014.648;3014.648;3014.648;3014.648;3014.648;3014.648;3014.648;3014.648;3014.648;3014.648;3014.648;3014.648;3014.648;3014.648;3014.648;3014.648;3014.648;3014.648;3014.648;3014.648;3014.648;3014.648;3014.648;3014.648;3014.648;3014.648;3014.648;3014.648;3014.648;3014.648;3014.648;3014.648	3875.977;3875.977;3875.977;3875.977;3875.977;3875.977;3875.977;3875.977;3875.977;3875.977;3875.977;3875.977;3875.977;3875.977;3875.977;3875.977;3875.977;3875.977;3875.977;3875.977;3875.977;3875.977;3875.977;3875.977;3875.977;3875.977;3875.977;3875.977;3875.977;3875.977;3875.977;3875.977;3875.977	-11.69	34				5.311	602.930	61.8696		4.931				602.930	1808.789;3014.648;602.930;1205.859;2411.719;602.930;602.930;1205.859;2411.719;602.930;602.930;1205.859;2411.719;602.930;602.930;1808.789;2411.719;602.930;602.930;1808.789;2411.719;602.930;1205.859;1808.789;3014.648;602.930;1205.859;1808.789;3014.648;602.930;1205.859;2411.719;3014.648	6.492	3014.648	207.728	602.930	-415.456	16.000	207.728;-415.456;103.864;207.728;-311.592;0.000;103.864;207.728;-311.592;0.000;103.864;207.728;-311.592;0.000;207.728;103.864;-311.592;0.000;207.728;103.864;-311.592;103.864;103.864;207.728;-415.456;103.864;103.864;207.728;-415.456;103.864;207.728;103.864		-24.22	61.8696	0.3333			15.44	8821	61.8521	0.2424	61.8173	0.0606	61.9450	0.7273	61.9857	0.9394	060_f0-300_ncomp-13_pos.wav_1	f0 300	13_p
62	Spectrogram 1	1	62.800000000	63.000000000	200ms_schroeder_master.wav	/home/m/Dropbox/Projects/acoustic_fine_features_zebra_finch/data/processed/200ms_schroeder_master.wav	62.8000	250.000	4510.418	5.050		5.060	-28.36	2067.188	3789.844	62.8000		62.8000	2769480	0	2769480	2325.586	62.9028	0.5152	4260.418		0.2000	0.0987	0.1683	63.0000		200ms_schroeder_master.wav	2778300	/home/m/Dropbox/Projects/acoustic_fine_features_zebra_finch/data/processed/200ms_schroeder_master.wav	2778300	28.032		1205.859	344.531	3273.047	4134.375	344.531;344.531;344.531;344.531;344.531;344.531;344.531;344.531;344.531;344.531;344.531;344.531;344.531;344.531;344.531;344.531;344.531;344.531;344.531;344.531;344.531;344.531;344.531;344.531;344.531;344.531;344.531;344.531;344.531;344.531;344.531;344.531;344.531	1205.859;1205.859;1205.859;1205.859;1205.859;1205.859;1205.859;1205.859;1205.859;1205.859;1205.859;1205.859;1205.859;1205.859;1205.859;1205.859;1205.859;1205.859;1205.859;1205.859;1205.859;1205.859;1205.859;1205.859;1205.859;1205.859;1205.859;1205.859;1205.859;1205.859;1205.859;1205.859;1205.859	2325.586;2325.586;2239.453;2325.586;2325.586;2153.320;2325.586;2325.586;2239.453;2153.320;2325.586;2325.586;2153.320;2153.320;2325.586;2325.586;2153.320;2153.320;2325.586;2325.586;2153.320;2239.453;2325.586;2325.586;2153.320;2239.453;2325.586;2325.586;2153.320;2325.586;2325.586;2153.320;2153.320	3273.047;3273.047;3273.047;3273.047;3273.047;3273.047;3273.047;3273.047;3273.047;3273.047;3273.047;3273.047;3273.047;3273.047;3273.047;3273.047;3273.047;3273.047;3273.047;3273.047;3273.047;3273.047;3273.047;3273.047;3273.047;3273.047;3273.047;3273.047;3273.047;3273.047;3273.047;3273.047;3273.047	4134.375;4134.375;4134.375;4134.375;4134.375;4134.375;4134.375;4134.375;4134.375;4134.375;4134.375;4134.375;4134.375;4134.375;4134.375;4134.375;4134.375;4134.375;4134.375;4134.375;4134.375;4134.375;4134.375;4134.375;4134.375;4134.375;4134.375;4134.375;4134.375;4134.375;4134.375;4134.375;4134.375	-11.37	34				5.323	602.930	62.9203		5.035				602.930	602.930;3014.648;1808.789;1205.859;602.930;3014.648;1808.789;602.930;602.930;2411.719;1808.789;602.930;602.930;2411.719;1808.789;602.930;602.930;2411.719;1205.859;602.930;602.930;2411.719;1205.859;602.930;602.930;2411.719;1205.859;602.930;3014.648;1808.789;1205.859;602.930;3014.648	12.983	3014.648	415.456	602.930	-207.728	16.000	415.456;-207.728;-103.864;-103.864;415.456;-207.728;-207.728;0.000;311.592;-103.864;-207.728;0.000;311.592;-103.864;-207.728;0.000;311.592;-207.728;-103.864;0.000;311.592;-207.728;-103.864;0.000;311.592;-207.728;-103.864;415.456;-207.728;-103.864;-103.864;415.456		-24.23	62.9203	0.6061			15.74	8821	62.8506	0.2424	62.8158	0.0606	62.9493	0.7576	62.9841	0.9394	061_f0-300_ncomp-14_neg.wav_1	f0 300	14_n
63	Spectrogram 1	1	63.800000000	64.000000000	200ms_schroeder_master.wav	/home/m/Dropbox/Projects/acoustic_fine_features_zebra_finch/data/processed/200ms_schroeder_master.wav	63.8000	250.000	4510.418	5.050		5.072	-28.48	2067.188	3789.844	63.8000		63.8000	2813580	0	2813580	2325.586	63.9013	0.5000	4260.418		0.2000	0.0929	0.1683	64.0000		200ms_schroeder_master.wav	2822400	/home/m/Dropbox/Projects/acoustic_fine_features_zebra_finch/data/processed/200ms_schroeder_master.wav	2822400	28.032		1205.859	344.531	3273.047	4134.375	344.531;344.531;344.531;344.531;344.531;344.531;344.531;344.531;344.531;344.531;344.531;344.531;344.531;344.531;344.531;344.531;344.531;344.531;344.531;344.531;344.531;344.531;344.531;344.531;344.531;344.531;344.531;344.531;344.531;344.531;344.531;344.531;344.531;344.531	1205.859;1205.859;1205.859;1205.859;1205.859;1205.859;1205.859;1205.859;1205.859;1205.859;1205.859;1205.859;1205.859;1205.859;1205.859;1205.859;1205.859;1205.859;1205.859;1205.859;1205.859;1205.859;1205.859;1205.859;1205.859;1205.859;1205.859;1205.859;1205.859;1205.859;1205.859;1205.859;1205.859;1119.727	2239.453;2153.320;2325.586;2325.586;2325.586;2153.320;2325.586;2325.586;2239.453;2153.320;2325.586;2325.586;2239.453;2153.320;2325.586;2325.586;2153.320;2153.320;2325.586;2325.586;2153.320;2153.320;2325.586;2325.586;2153.320;2239.453;2325.586;2325.586;2153.320;2325.586;2325.586;2325.586;2153.320;2756.250	3273.047;3273.047;3273.047;3273.047;3273.047;3273.047;3273.047;3273.047;3273.047;3273.047;3273.047;3273.047;3273.047;3273.047;3273.047;3273.047;3273.047;3273.047;3273.047;3273.047;3273.047;3273.047;3273.047;3273.047;3273.047;3273.047;3273.047;3273.047;3273.047;3273.047;3273.047;3273.047;3273.047;3617.578	4134.375;4134.375;4134.375;4134.375;4134.375;4134.375;4134.375;4134.375;4134.375;4134.375;4134.375;4134.375;4134.375;4134.375;4134.375;4134.375;4134.375;4134.375;4134.375;4134.375;4134.375;4134.375;4134.375;4134.375;4134.375;4134.375;4134.375;4134.375;4134.375;4134.375;4134.375;4134.375;4134.375;4134.375	-11.49	35				5.456	602.930	63.9129		5.035				602.930	1808.789;3014.648;602.930;1205.859;1808.789;3014.648;602.930;1205.859;2411.719;602.930;602.930;1205.859;2411.719;602.930;602.930;1205.859;2411.719;602.930;602.930;1808.789;2411.719;602.930;602.930;1808.789;2411.719;602.930;602.930;1808.789;2411.719;602.930;1205.859;1808.789;2411.719;4134.375	12.140	4134.375	296.754	602.930	-415.456	16.000	207.728;-415.456;103.864;103.864;207.728;-415.456;103.864;207.728;-311.592;0.000;103.864;207.728;-311.592;0.000;103.864;207.728;-311.592;0.000;207.728;103.864;-311.592;0.000;207.728;103.864;-311.592;0.000;207.728;103.864;-311.592;103.864;103.864;103.864;296.754		-24.23	63.9129	0.5588			16.80	8821	63.8549	0.2647	63.8142	0.0588	63.9477	0.7353	63.9826	0.9118	062_f0-300_ncomp-14_pos.wav_1	f0 300	14_p
64	Spectrogram 1	1	64.800000000	65.000000000	200ms_schroeder_master.wav	/home/m/Dropbox/Projects/acoustic_fine_features_zebra_finch/data/processed/200ms_schroeder_master.wav	64.8000	250.000	4778.270	5.150		5.173	-28.67	2325.586	4134.375	64.8000		64.8000	2857680	0	2857680	2411.719	64.8998	0.5000	4528.270		0.2000	0.0929	0.1683	65.0000		200ms_schroeder_master.wav	2866500	/home/m/Dropbox/Projects/acoustic_fine_features_zebra_finch/data/processed/200ms_schroeder_master.wav	2866500	28.100		1205.859	344.531	3531.445	4478.906	344.531;344.531;344.531;344.531;344.531;344.531;344.531;344.531;344.531;344.531;344.531;344.531;344.531;344.531;344.531;344.531;344.531;344.531;344.531;344.531;344.531;344.531;344.531;344.531;344.531;344.531;344.531;344.531;344.531;344.531;344.531;344.531;344.531;430.664	1205.859;1205.859;1205.859;1205.859;1205.859;1205.859;1205.859;1205.859;1205.859;1205.859;1205.859;1205.859;1205.859;1205.859;1205.859;1205.859;1205.859;1205.859;1205.859;1205.859;1205.859;1205.859;1205.859;1205.859;1205.859;1205.859;1205.859;1205.859;1205.859;1205.859;1205.859;1205.859;1291.992;1464.258	2411.719;2411.719;2411.719;2411.719;2411.719;2411.719;2411.719;2411.719;2411.719;2411.719;2411.719;2411.719;2411.719;2411.719;2411.719;2411.719;2411.719;2411.719;2411.719;2411.719;2411.719;2411.719;2411.719;2411.719;2411.719;2411.719;2411.719;2411.719;2411.719;2411.719;2411.719;2411.719;2411.719;2756.250	3531.445;3531.445;3531.445;3531.445;3531.445;3531.445;3531.445;3531.445;3531.445;3531.445;3531.445;3531.445;3531.445;3531.445;3531.445;3531.445;3531.445;3531.445;3531.445;3531.445;3531.445;3531.445;3531.445;3531.445;3531.445;3531.445;3531.445;3531.445;3531.445;3531.445;3531.445;3531.445;3531.445;3703.711	4478.906;4478.906;4478.906;4478.906;4478.906;4478.906;4478.906;4478.906;4478.906;4478.906;4478.906;4478.906;4478.906;4478.906;4478.906;4478.906;4478.906;4478.906;4478.906;4478.906;4478.906;4478.906;4478.906;4478.906;4478.906;4478.906;4478.906;4478.906;4478.906;4478.906;4478.906;4478.906;4478.906;4478.906	-11.42	35				5.558	602.930	64.9636		5.138				602.930	602.930;602.930;2411.719;1205.859;602.930;602.930;2411.719;1205.859;602.930;3014.648;1808.789;1205.859;602.930;3014.648;1808.789;1205.859;602.930;3014.648;1808.789;602.930;602.930;2411.719;1808.789;602.930;602.930;2411.719;1808.789;602.930;602.930;2411.719;1205.859;602.930;602.930;2411.719	9.442	3014.648	415.456	602.930	-207.728	16.000	0.000;311.592;-207.728;-103.864;0.000;311.592;-207.728;-103.864;415.456;-207.728;-103.864;-103.864;415.456;-207.728;-103.864;-103.864;415.456;-207.728;-207.728;0.000;311.592;-103.864;-207.728;0.000;311.592;-103.864;-207.728;0.000;311.592;-207.728;-103.864;0.000;311.592		-24.46	64.9636	0.8235			17.22	8821	64.8533	0.2647	64.8185	0.0882	64.9462	0.7353	64.9868	0.9412	063_f0-300_ncomp-15_neg.wav_1	f0 300	15_n
65	Spectrogram 1	1	65.800000000	66.000000000	200ms_schroeder_master.wav	/home/m/Dropbox/Projects/acoustic_fine_features_zebra_finch/data/processed/200ms_schroeder_master.wav	65.8000	250.000	4778.270	5.150		5.160	-28.54	2325.586	4134.375	65.8000		65.8000	2901780	0	2901780	2411.719	65.8982	0.4848	4528.270		0.2000	0.0929	0.1683	66.0000		200ms_schroeder_master.wav	2910600	/home/m/Dropbox/Projects/acoustic_fine_features_zebra_finch/data/processed/200ms_schroeder_master.wav	2910600	28.100		1205.859	344.531	3531.445	4478.906	344.531;344.531;344.531;344.531;344.531;344.531;344.531;344.531;344.531;344.531;344.531;344.531;344.531;344.531;344.531;344.531;344.531;344.531;344.531;344.531;344.531;344.531;344.531;344.531;344.531;344.531;344.531;344.531;344.531;344.531;344.531;344.531;344.531	1205.859;1205.859;1205.859;1205.859;1205.859;1205.859;1205.859;1205.859;1205.859;1205.859;1205.859;1205.859;1205.859;1205.859;1205.859;1205.859;1205.859;1205.859;1205.859;1205.859;1205.859;1205.859;1205.859;1205.859;1205.859;1205.859;1205.859;1205.859;1205.859;1205.859;1205.859;1205.859;1378.125	2411.719;2411.719;2411.719;2411.719;2411.719;2411.719;2411.719;2411.719;2411.719;2411.719;2411.719;2411.719;2411.719;2411.719;2411.719;2411.719;2411.719;2411.719;2411.719;2411.719;2411.719;2411.719;2411.719;2411.719;2411.719;2411.719;2411.719;2411.719;2411.719;2411.719;2411.719;2411.719;2411.719	3531.445;3531.445;3531.445;3531.445;3531.445;3531.445;3531.445;3531.445;3531.445;3531.445;3531.445;3531.445;3531.445;3531.445;3531.445;3531.445;3531.445;3531.445;3531.445;3531.445;3531.445;3531.445;3531.445;3531.445;3531.445;3531.445;3531.445;3531.445;3531.445;3531.445;3531.445;3531.445;3531.445	4478.906;4478.906;4478.906;4478.906;4478.906;4478.906;4478.906;4478.906;4478.906;4478.906;4478.906;4478.906;4478.906;4478.906;4478.906;4478.906;4478.906;4478.906;4478.906;4478.906;4478.906;4478.906;4478.906;4478.906;4478.906;4478.906;4478.906;4478.906;4478.906;4478.906;4478.906;4478.906;4478.906	-11.30	34				5.502	602.930	65.9330		5.138				602.930	2411.719;602.930;602.930;1808.789;3014.648;602.930;1205.859;1808.789;3014.648;602.930;1205.859;1808.789;3014.648;602.930;1205.859;2411.719;602.930;602.930;1205.859;2411.719;602.930;602.930;1205.859;2411.719;602.930;602.930;1808.789;2411.719;602.930;602.930;1808.789;3014.648;4220.508	9.737	4220.508	207.728	602.930	-415.456	15.000	-311.592;0.000;207.728;207.728;-415.456;103.864;103.864;207.728;-415.456;103.864;103.864;207.728;-415.456;103.864;207.728;-311.592;0.000;103.864;207.728;-311.592;0.000;103.864;207.728;-311.592;0.000;207.728;103.864;-311.592;0.000;207.728;207.728;207.728		-24.46	65.9330	0.6667			15.53	8821	65.8518	0.2424	65.8170	0.0606	65.9447	0.7273	65.9853	0.9394	064_f0-300_ncomp-15_pos.wav_1	f0 300	15_p
66	Spectrogram 1	1	66.800000000	67.000000000	200ms_schroeder_master.wav	/home/m/Dropbox/Projects/acoustic_fine_features_zebra_finch/data/processed/200ms_schroeder_master.wav	66.8000	250.000	5135.406	5.243		5.253	-29.02	2411.719	4392.773	66.8000		66.8000	2945880	0	2945880	2583.984	66.9025	0.5152	4885.406		0.2000	0.0987	0.1683	67.0000		200ms_schroeder_master.wav	2954700	/home/m/Dropbox/Projects/acoustic_fine_features_zebra_finch/data/processed/200ms_schroeder_master.wav	2954700	27.939		1378.125	344.531	3789.844	4737.305	344.531;344.531;344.531;344.531;344.531;344.531;344.531;344.531;344.531;344.531;344.531;344.531;344.531;344.531;344.531;344.531;344.531;344.531;344.531;344.531;344.531;344.531;344.531;344.531;344.531;344.531;344.531;344.531;344.531;344.531;344.531;344.531;344.531	1464.258;1291.992;1378.125;1464.258;1378.125;1291.992;1378.125;1464.258;1378.125;1291.992;1464.258;1464.258;1291.992;1291.992;1464.258;1464.258;1291.992;1291.992;1464.258;1464.258;1291.992;1378.125;1464.258;1378.125;1291.992;1378.125;1464.258;1378.125;1291.992;1378.125;1464.258;1291.992;1291.992	2670.117;2497.852;2670.117;2583.984;2497.852;2497.852;2670.117;2583.984;2497.852;2497.852;2670.117;2583.984;2497.852;2583.984;2670.117;2583.984;2497.852;2583.984;2670.117;2583.984;2497.852;2583.984;2670.117;2497.852;2497.852;2583.984;2583.984;2497.852;2497.852;2583.984;2583.984;2497.852;2497.852	3789.844;3789.844;3789.844;3789.844;3703.711;3789.844;3789.844;3703.711;3703.711;3789.844;3789.844;3703.711;3703.711;3789.844;3789.844;3703.711;3703.711;3789.844;3789.844;3703.711;3703.711;3789.844;3789.844;3703.711;3703.711;3789.844;3789.844;3703.711;3703.711;3789.844;3789.844;3703.711;3789.844	4737.305;4737.305;4737.305;4737.305;4737.305;4737.305;4737.305;4737.305;4737.305;4737.305;4737.305;4737.305;4737.305;4737.305;4737.305;4737.305;4737.305;4737.305;4737.305;4737.305;4737.305;4737.305;4737.305;4737.305;4737.305;4737.305;4737.305;4737.305;4737.305;4737.305;4737.305;4737.305;4737.305	-11.46	34				5.544	602.930	66.8502		5.229				602.930	602.930;2411.719;1808.789;602.930;602.930;2411.719;1808.789;602.930;602.930;2411.719;1205.859;602.930;602.930;2411.719;1205.859;602.930;602.930;2411.719;1205.859;602.930;3014.648;1808.789;1205.859;602.930;3014.648;1808.789;602.930;602.930;3014.648;1808.789;602.930;602.930;3014.648	12.983	3014.648	415.456	602.930	-207.728	16.000	311.592;-103.864;-207.728;0.000;311.592;-103.864;-207.728;0.000;311.592;-207.728;-103.864;0.000;311.592;-207.728;-103.864;0.000;311.592;-207.728;-103.864;415.456;-207.728;-103.864;-103.864;415.456;-207.728;-207.728;0.000;415.456;-207.728;-207.728;0.000;415.456		-24.90	66.8502	0.2424			15.66	8821	66.8502	0.2424	66.8154	0.0606	66.9489	0.7576	66.9838	0.9394	065_f0-300_ncomp-16_neg.wav_1	f0 300	16_n
67	Spectrogram 1	1	67.800000000	68.000000000	200ms_schroeder_master.wav	/home/m/Dropbox/Projects/acoustic_fine_features_zebra_finch/data/processed/200ms_schroeder_master.wav	67.8000	250.000	5135.406	5.243		5.266	-29.14	2411.719	4392.773	67.8000		67.8000	2989980	0	2989980	2583.984	67.9009	0.5000	4885.406		0.2000	0.0929	0.1683	68.0000		200ms_schroeder_master.wav	2998800	/home/m/Dropbox/Projects/acoustic_fine_features_zebra_finch/data/processed/200ms_schroeder_master.wav	2998800	27.940		1378.125	344.531	3789.844	4737.305	344.531;344.531;344.531;344.531;344.531;344.531;344.531;344.531;344.531;344.531;344.531;344.531;344.531;344.531;344.531;344.531;344.531;344.531;344.531;344.531;344.531;344.531;344.531;344.531;344.531;344.531;344.531;344.531;344.531;344.531;344.531;344.531;344.531;430.664	1378.125;1378.125;1464.258;1378.125;1291.992;1378.125;1464.258;1378.125;1291.992;1378.125;1464.258;1378.125;1291.992;1378.125;1464.258;1378.125;1291.992;1378.125;1464.258;1378.125;1291.992;1464.258;1464.258;1291.992;1291.992;1464.258;1464.258;1291.992;1378.125;1464.258;1378.125;1291.992;1291.992;1119.727	2497.852;2497.852;2583.984;2670.117;2497.852;2497.852;2583.984;2583.984;2497.852;2497.852;2583.984;2583.984;2497.852;2497.852;2670.117;2583.984;2497.852;2583.984;2670.117;2583.984;2497.852;2583.984;2670.117;2583.984;2497.852;2583.984;2670.117;2497.852;2497.852;2583.984;2670.117;2497.852;2497.852;2670.117	3703.711;3703.711;3789.844;3789.844;3789.844;3703.711;3789.844;3789.844;3789.844;3703.711;3789.844;3789.844;3703.711;3703.711;3789.844;3789.844;3703.711;3703.711;3789.844;3789.844;3703.711;3703.711;3789.844;3789.844;3703.711;3703.711;3789.844;3789.844;3703.711;3703.711;3789.844;3789.844;3703.711;4048.242	4737.305;4737.305;4737.305;4737.305;4737.305;4737.305;4737.305;4737.305;4737.305;4737.305;4737.305;4737.305;4737.305;4737.305;4737.305;4737.305;4737.305;4737.305;4737.305;4737.305;4737.305;4737.305;4737.305;4737.305;4737.305;4737.305;4737.305;4737.305;4737.305;4737.305;4737.305;4737.305;4737.305;4737.305	-11.58	35				5.659	602.930	67.8197		5.229				602.930	1808.789;602.930;602.930;1808.789;2411.719;602.930;602.930;1808.789;2411.719;602.930;602.930;1808.789;3014.648;602.930;1205.859;1808.789;3014.648;602.930;1205.859;1808.789;3014.648;602.930;1205.859;2411.719;602.930;602.930;1205.859;2411.719;602.930;602.930;1205.859;2411.719;602.930;4737.305	15.287	4737.305	712.211	602.930	-415.456	17.000	-207.728;0.000;207.728;103.864;-311.592;0.000;207.728;103.864;-311.592;0.000;207.728;207.728;-415.456;103.864;103.864;207.728;-415.456;103.864;103.864;207.728;-415.456;103.864;207.728;-311.592;0.000;103.864;207.728;-311.592;0.000;103.864;207.728;-311.592;712.211		-24.90	67.8197	0.0882			16.99	8821	67.8545	0.2647	67.8139	0.0588	67.9474	0.7353	67.9822	0.9118	066_f0-300_ncomp-16_pos.wav_1	f0 300	16_p
68	Spectrogram 1	1	68.800000000	69.000000000	200ms_schroeder_master.wav	/home/m/Dropbox/Projects/acoustic_fine_features_zebra_finch/data/processed/200ms_schroeder_master.wav	68.8000	250.000	5403.258	5.331		5.354	-29.13	2497.852	4737.305	68.8000		68.8000	3034080	0	3034080	2670.117	68.8994	0.5000	5153.258		0.2000	0.0929	0.1683	69.0000		200ms_schroeder_master.wav	3042900	/home/m/Dropbox/Projects/acoustic_fine_features_zebra_finch/data/processed/200ms_schroeder_master.wav	3042900	28.178		1464.258	344.531	3962.109	5081.836	344.531;344.531;344.531;344.531;344.531;344.531;344.531;344.531;344.531;344.531;344.531;344.531;344.531;344.531;344.531;344.531;344.531;344.531;344.531;344.531;344.531;344.531;344.531;344.531;344.531;344.531;344.531;344.531;344.531;344.531;344.531;344.531;344.531;516.797	1464.258;1464.258;1464.258;1464.258;1464.258;1464.258;1464.258;1464.258;1464.258;1464.258;1464.258;1464.258;1464.258;1464.258;1464.258;1464.258;1464.258;1464.258;1464.258;1464.258;1464.258;1464.258;1464.258;1464.258;1464.258;1464.258;1464.258;1464.258;1464.258;1464.258;1464.258;1464.258;1464.258;1722.656	2670.117;2670.117;2670.117;2670.117;2670.117;2670.117;2670.117;2670.117;2670.117;2670.117;2670.117;2670.117;2670.117;2670.117;2670.117;2670.117;2670.117;2670.117;2670.117;2670.117;2670.117;2670.117;2670.117;2670.117;2670.117;2670.117;2670.117;2670.117;2670.117;2670.117;2670.117;2670.117;2670.117;3014.648	3962.109;3962.109;3962.109;3962.109;3962.109;3962.109;3962.109;3962.109;3962.109;3962.109;3962.109;3962.109;3962.109;3962.109;3962.109;3962.109;3962.109;3962.109;3962.109;3962.109;3962.109;3962.109;3962.109;3962.109;3962.109;3962.109;3962.109;3962.109;3962.109;3962.109;3962.109;3962.109;3962.109;4048.242	5081.836;5081.836;5081.836;5081.836;5081.836;5081.836;5081.836;5081.836;5081.836;5081.836;5081.836;5081.836;5081.836;5081.836;5081.836;5081.836;5081.836;5081.836;5081.836;5081.836;5081.836;5081.836;5081.836;5081.836;5081.836;5081.836;5081.836;5081.836;5081.836;5081.836;5081.836;5081.836;5081.836;4995.703	-11.34	35				5.747	602.930	68.8936		5.320				602.930	602.930;602.930;1808.789;1205.859;602.930;3014.648;1808.789;602.930;602.930;3014.648;1808.789;602.930;602.930;2411.719;1808.789;602.930;602.930;2411.719;1205.859;602.930;602.930;2411.719;1205.859;602.930;602.930;2411.719;1205.859;602.930;602.930;1808.789;1205.859;602.930;2411.719;1808.789	6.295	3014.648	415.456	602.930	-207.728	17.000	0.000;207.728;-103.864;-103.864;415.456;-207.728;-207.728;0.000;415.456;-207.728;-207.728;0.000;311.592;-103.864;-207.728;0.000;311.592;-207.728;-103.864;0.000;311.592;-207.728;-103.864;0.000;311.592;-207.728;-103.864;0.000;207.728;-103.864;-103.864;311.592;-103.864		-24.93	68.8936	0.4706			16.96	8821	68.8530	0.2647	68.8181	0.0882	68.9458	0.7353	68.9865	0.9412	067_f0-300_ncomp-17_neg.wav_1	f0 300	17_n
69	Spectrogram 1	1	69.800000000	70.000000000	200ms_schroeder_master.wav	/home/m/Dropbox/Projects/acoustic_fine_features_zebra_finch/data/processed/200ms_schroeder_master.wav	69.8000	250.000	5403.258	5.331		5.341	-29.00	2497.852	4737.305	69.8000		69.8000	3078180	0	3078180	2670.117	69.8979	0.4848	5153.258		0.2000	0.0929	0.1683	70.0000		200ms_schroeder_master.wav	3087000	/home/m/Dropbox/Projects/acoustic_fine_features_zebra_finch/data/processed/200ms_schroeder_master.wav	3087000	28.178		1464.258	344.531	3962.109	5081.836	344.531;344.531;344.531;344.531;344.531;344.531;344.531;344.531;344.531;344.531;344.531;344.531;344.531;344.531;344.531;344.531;344.531;344.531;344.531;344.531;344.531;344.531;344.531;344.531;344.531;344.531;344.531;344.531;344.531;344.531;344.531;344.531;430.664	1464.258;1464.258;1464.258;1464.258;1464.258;1464.258;1464.258;1464.258;1464.258;1464.258;1464.258;1464.258;1464.258;1464.258;1464.258;1464.258;1464.258;1464.258;1464.258;1464.258;1464.258;1464.258;1464.258;1464.258;1464.258;1464.258;1464.258;1464.258;1464.258;1464.258;1464.258;1464.258;1550.391	2670.117;2670.117;2670.117;2670.117;2670.117;2670.117;2670.117;2670.117;2670.117;2670.117;2670.117;2670.117;2670.117;2670.117;2670.117;2670.117;2670.117;2670.117;2670.117;2670.117;2670.117;2670.117;2670.117;2670.117;2670.117;2670.117;2670.117;2670.117;2670.117;2670.117;2670.117;2670.117;2756.250	3962.109;3962.109;3962.109;3962.109;3962.109;3962.109;3962.109;3962.109;3962.109;3962.109;3962.109;3962.109;3962.109;3962.109;3962.109;3962.109;3962.109;3962.109;3962.109;3962.109;3962.109;3962.109;3962.109;3962.109;3962.109;3962.109;3962.109;3962.109;3962.109;3962.109;3962.109;3962.109;3962.109	5081.836;5081.836;5081.836;5081.836;5081.836;5081.836;5081.836;5081.836;5081.836;5081.836;5081.836;5081.836;5081.836;5081.836;5081.836;5081.836;5081.836;5081.836;5081.836;5081.836;5081.836;5081.836;5081.836;5081.836;5081.836;5081.836;5081.836;5081.836;5081.836;5081.836;5081.836;5081.836;5081.836	-11.22	34				5.660	602.930	69.8630		5.320				602.930	602.930;602.930;602.930;2411.719;602.930;602.930;1205.859;2411.719;602.930;602.930;1808.789;2411.719;602.930;602.930;1808.789;3014.648;602.930;602.930;1808.789;3014.648;602.930;1205.859;1808.789;3014.648;602.930;1205.859;2411.719;602.930;602.930;1205.859;2411.719;602.930;602.930	0.000	3014.648	311.592	602.930	-415.456	15.000	0.000;0.000;311.592;-311.592;0.000;103.864;207.728;-311.592;0.000;207.728;103.864;-311.592;0.000;207.728;207.728;-415.456;0.000;207.728;207.728;-415.456;103.864;103.864;207.728;-415.456;103.864;207.728;-311.592;0.000;103.864;207.728;-311.592;0.000		-24.93	69.8630	0.3030			15.46	8821	69.8514	0.2424	69.8166	0.0606	69.9443	0.7273	69.9849	0.9394	068_f0-300_ncomp-17_pos.wav_1	f0 300	17_p
70	Spectrogram 1	1	70.800000000	71.000000000	200ms_schroeder_master.wav	/home/m/Dropbox/Projects/acoustic_fine_features_zebra_finch/data/processed/200ms_schroeder_master.wav	70.8000	250.000	5760.394	5.414		5.424	-29.50	2756.250	4995.703	70.8000		70.8000	3122280	0	3122280	2928.516	70.9021	0.5152	5510.394		0.2000	0.0929	0.1683	71.0000		200ms_schroeder_master.wav	3131100	/home/m/Dropbox/Projects/acoustic_fine_features_zebra_finch/data/processed/200ms_schroeder_master.wav	3131100	27.963		1464.258	344.531	4220.508	5340.234	344.531;344.531;344.531;344.531;344.531;344.531;344.531;344.531;344.531;344.531;344.531;344.531;344.531;344.531;344.531;344.531;344.531;344.531;344.531;344.531;344.531;344.531;344.531;344.531;344.531;344.531;344.531;344.531;344.531;344.531;344.531;344.531;430.664	1550.391;1464.258;1464.258;1464.258;1464.258;1464.258;1464.258;1464.258;1464.258;1464.258;1464.258;1464.258;1464.258;1464.258;1464.258;1464.258;1464.258;1464.258;1464.258;1464.258;1464.258;1464.258;1464.258;1464.258;1464.258;1464.258;1464.258;1464.258;1464.258;1464.258;1464.258;1464.258;1464.258	2928.516;2928.516;2928.516;2928.516;2756.250;2928.516;2928.516;2928.516;2756.250;2928.516;2928.516;2756.250;2756.250;2928.516;2928.516;2756.250;2756.250;2928.516;2928.516;2756.250;2756.250;2928.516;2928.516;2756.250;2756.250;2928.516;2928.516;2756.250;2842.383;2928.516;2928.516;2756.250;2756.250	4220.508;4220.508;4220.508;4220.508;4220.508;4220.508;4220.508;4220.508;4220.508;4220.508;4220.508;4220.508;4220.508;4220.508;4220.508;4220.508;4220.508;4220.508;4220.508;4220.508;4220.508;4220.508;4220.508;4220.508;4220.508;4220.508;4220.508;4220.508;4220.508;4220.508;4220.508;4220.508;4220.508	5340.234;5340.234;5340.234;5340.234;5340.234;5340.234;5340.234;5340.234;5340.234;5340.234;5340.234;5340.234;5340.234;5340.234;5340.234;5340.234;5340.234;5340.234;5340.234;5340.234;5340.234;5340.234;5340.234;5340.234;5340.234;5340.234;5340.234;5340.234;5340.234;5340.234;5340.234;5340.234;5340.234	-11.43	34				5.738	602.930	70.9602		5.401				602.930	602.930;2411.719;1205.859;602.930;602.930;2411.719;1205.859;602.930;602.930;1808.789;1205.859;602.930;3014.648;1808.789;602.930;602.930;3014.648;1808.789;602.930;602.930;3014.648;1808.789;602.930;602.930;2411.719;1808.789;602.930;602.930;2411.719;1205.859;602.930;602.930;3014.648	12.983	3014.648	415.456	602.930	-207.728	16.000	311.592;-207.728;-103.864;0.000;311.592;-207.728;-103.864;0.000;207.728;-103.864;-103.864;415.456;-207.728;-207.728;0.000;415.456;-207.728;-207.728;0.000;415.456;-207.728;-207.728;0.000;311.592;-103.864;-207.728;0.000;311.592;-207.728;-103.864;0.000;415.456		-25.39	70.9602	0.8182			15.57	8821	70.8557	0.2727	70.8150	0.0606	70.9486	0.7576	70.9834	0.9394	069_f0-300_ncomp-18_neg.wav_1	f0 300	18_n
71	Spectrogram 1	1	71.800000000	72.000000000	200ms_schroeder_master.wav	/home/m/Dropbox/Projects/acoustic_fine_features_zebra_finch/data/processed/200ms_schroeder_master.wav	71.8000	250.000	5760.394	5.414		5.437	-29.62	2756.250	4995.703	71.8000		71.8000	3166380	0	3166380	2928.516	71.9006	0.5000	5510.394		0.2000	0.0929	0.1683	72.0000		200ms_schroeder_master.wav	3175200	/home/m/Dropbox/Projects/acoustic_fine_features_zebra_finch/data/processed/200ms_schroeder_master.wav	3175200	27.963		1464.258	344.531	4220.508	5340.234	344.531;344.531;344.531;344.531;344.531;344.531;344.531;344.531;344.531;344.531;344.531;344.531;344.531;344.531;344.531;344.531;344.531;344.531;344.531;344.531;344.531;344.531;344.531;344.531;344.531;344.531;344.531;344.531;344.531;344.531;344.531;344.531;344.531;430.664	1550.391;1464.258;1464.258;1464.258;1464.258;1464.258;1464.258;1464.258;1464.258;1464.258;1464.258;1464.258;1464.258;1464.258;1464.258;1464.258;1464.258;1464.258;1464.258;1464.258;1464.258;1464.258;1464.258;1464.258;1464.258;1464.258;1464.258;1464.258;1464.258;1464.258;1464.258;1464.258;1464.258;1205.859	2928.516;2842.383;2928.516;2928.516;2756.250;2928.516;2928.516;2928.516;2756.250;2928.516;2928.516;2842.383;2756.250;2928.516;2928.516;2842.383;2756.250;2928.516;2928.516;2756.250;2756.250;2928.516;2928.516;2756.250;2756.250;2928.516;2928.516;2756.250;2756.250;2928.516;2928.516;2756.250;2756.250;2670.117	4220.508;4220.508;4220.508;4220.508;4220.508;4220.508;4220.508;4220.508;4220.508;4220.508;4220.508;4220.508;4220.508;4220.508;4220.508;4220.508;4220.508;4220.508;4220.508;4220.508;4220.508;4220.508;4220.508;4220.508;4220.508;4220.508;4220.508;4220.508;4220.508;4220.508;4220.508;4220.508;4220.508;4392.773	5340.234;5340.234;5340.234;5340.234;5340.234;5340.234;5340.234;5340.234;5340.234;5340.234;5340.234;5340.234;5340.234;5340.234;5340.234;5340.234;5340.234;5340.234;5340.234;5340.234;5340.234;5340.234;5340.234;5340.234;5340.234;5340.234;5340.234;5340.234;5340.234;5340.234;5340.234;5340.234;5340.234;5340.234	-11.56	35				5.831	602.930	71.9064		5.401				602.930	2411.719;602.930;1205.859;1808.789;602.930;602.930;1205.859;2411.719;602.930;602.930;1205.859;2411.719;602.930;602.930;1205.859;2411.719;602.930;602.930;1808.789;2411.719;602.930;602.930;1808.789;3014.648;602.930;602.930;1808.789;3014.648;602.930;1205.859;1808.789;602.930;602.930;344.531	-10.791	3014.648	207.728	344.531	-415.456	16.000	-311.592;103.864;103.864;-207.728;0.000;103.864;207.728;-311.592;0.000;103.864;207.728;-311.592;0.000;103.864;207.728;-311.592;0.000;207.728;103.864;-311.592;0.000;207.728;207.728;-415.456;0.000;207.728;207.728;-415.456;103.864;103.864;-207.728;0.000;-44.513		-25.39	71.9064	0.5294			17.07	8821	71.8541	0.2647	71.8135	0.0588	71.9470	0.7353	71.9818	0.9118	070_f0-300_ncomp-18_pos.wav_1	f0 300	18_p
72	Spectrogram 1	1	72.800000000	73.000000000	200ms_schroeder_master.wav	/home/m/Dropbox/Projects/acoustic_fine_features_zebra_finch/data/processed/200ms_schroeder_master.wav	72.8000	250.000	6028.246	5.493		5.515	-29.53	2928.516	5254.102	72.8000		72.8000	3210480	0	3210480	3014.648	72.8990	0.5000	5778.246		0.2000	0.0929	0.1683	73.0000		200ms_schroeder_master.wav	3219300	/home/m/Dropbox/Projects/acoustic_fine_features_zebra_finch/data/processed/200ms_schroeder_master.wav	3219300	28.252		1550.391	344.531	4478.906	5598.633	430.664;430.664;344.531;344.531;344.531;344.531;344.531;344.531;344.531;344.531;344.531;344.531;344.531;344.531;344.531;344.531;344.531;344.531;344.531;344.531;344.531;344.531;344.531;344.531;344.531;344.531;344.531;344.531;344.531;344.531;344.531;344.531;430.664;516.797	1550.391;1550.391;1550.391;1550.391;1550.391;1550.391;1550.391;1550.391;1550.391;1550.391;1550.391;1550.391;1550.391;1550.391;1550.391;1550.391;1550.391;1550.391;1550.391;1550.391;1550.391;1550.391;1550.391;1550.391;1550.391;1550.391;1550.391;1550.391;1550.391;1550.391;1550.391;1550.391;1550.391;1808.789	3014.648;3014.648;3014.648;3014.648;3014.648;3014.648;3014.648;3014.648;3014.648;3014.648;3014.648;3014.648;3014.648;3014.648;3014.648;3014.648;3014.648;3014.648;3014.648;3014.648;3014.648;3014.648;3014.648;3014.648;3014.648;3014.648;3014.648;3014.648;3014.648;3014.648;3014.648;3014.648;3014.648;3273.047	4478.906;4478.906;4478.906;4478.906;4478.906;4478.906;4478.906;4478.906;4478.906;4478.906;4478.906;4478.906;4478.906;4478.906;4478.906;4478.906;4478.906;4478.906;4478.906;4478.906;4478.906;4478.906;4478.906;4478.906;4478.906;4478.906;4478.906;4478.906;4478.906;4478.906;4478.906;4478.906;4478.906;4478.906	5598.633;5598.633;5598.633;5598.633;5598.633;5598.633;5598.633;5598.633;5598.633;5598.633;5598.633;5598.633;5598.633;5598.633;5598.633;5598.633;5598.633;5598.633;5598.633;5598.633;5598.633;5598.633;5598.633;5598.633;5598.633;5598.633;5598.633;5598.633;5598.633;5598.633;5598.633;5598.633;5598.633;5598.633	-11.27	35				5.908	602.930	72.8236		5.481				602.930	602.930;3014.648;1808.789;602.930;602.930;2411.719;1205.859;602.930;602.930;2411.719;1205.859;602.930;602.930;2411.719;1205.859;602.930;602.930;2411.719;1205.859;602.930;3014.648;1808.789;602.930;602.930;3014.648;1808.789;602.930;602.930;3014.648;1808.789;602.930;602.930;2411.719;1808.789	6.295	3014.648	415.456	602.930	-207.728	17.000	415.456;-207.728;-207.728;0.000;311.592;-207.728;-103.864;0.000;311.592;-207.728;-103.864;0.000;311.592;-207.728;-103.864;0.000;311.592;-207.728;-103.864;415.456;-207.728;-207.728;0.000;415.456;-207.728;-207.728;0.000;415.456;-207.728;-207.728;0.000;311.592;-103.864		-25.34	72.8236	0.1176			16.87	8821	72.8526	0.2647	72.8178	0.0882	72.9455	0.7353	72.9861	0.9412	071_f0-300_ncomp-19_neg.wav_1	f0 300	19_n
73	Spectrogram 1	1	73.800000000	74.000000000	200ms_schroeder_master.wav	/home/m/Dropbox/Projects/acoustic_fine_features_zebra_finch/data/processed/200ms_schroeder_master.wav	73.8000	250.000	6028.246	5.493		5.502	-29.41	2928.516	5254.102	73.8000		73.8000	3254580	0	3254580	3014.648	73.8975	0.4848	5778.246		0.2000	0.0987	0.1683	74.0000		200ms_schroeder_master.wav	3263400	/home/m/Dropbox/Projects/acoustic_fine_features_zebra_finch/data/processed/200ms_schroeder_master.wav	3263400	28.251		1550.391	344.531	4478.906	5598.633	430.664;344.531;344.531;344.531;344.531;344.531;344.531;344.531;344.531;344.531;344.531;344.531;344.531;344.531;344.531;344.531;344.531;344.531;344.531;344.531;344.531;344.531;344.531;344.531;344.531;344.531;344.531;344.531;344.531;344.531;344.531;430.664;516.797	1550.391;1550.391;1550.391;1550.391;1550.391;1550.391;1550.391;1550.391;1550.391;1550.391;1550.391;1550.391;1550.391;1550.391;1550.391;1550.391;1550.391;1550.391;1550.391;1550.391;1550.391;1550.391;1550.391;1550.391;1550.391;1550.391;1550.391;1550.391;1550.391;1550.391;1550.391;1550.391;1722.656	3014.648;3014.648;3014.648;3014.648;3014.648;3014.648;3014.648;3014.648;3014.648;3014.648;3014.648;3014.648;3014.648;3014.648;3014.648;3014.648;3014.648;3014.648;3014.648;3014.648;3014.648;3014.648;3014.648;3014.648;3014.648;3014.648;3014.648;3014.648;3014.648;3014.648;3014.648;3014.648;3100.781	4478.906;4478.906;4478.906;4478.906;4478.906;4478.906;4478.906;4478.906;4478.906;4478.906;4478.906;4478.906;4478.906;4478.906;4478.906;4478.906;4478.906;4478.906;4478.906;4478.906;4478.906;4478.906;4478.906;4478.906;4478.906;4478.906;4478.906;4478.906;4478.906;4478.906;4478.906;4478.906;4478.906	5598.633;5598.633;5598.633;5598.633;5598.633;5598.633;5598.633;5598.633;5598.633;5598.633;5598.633;5598.633;5598.633;5598.633;5598.633;5598.633;5598.633;5598.633;5598.633;5598.633;5598.633;5598.633;5598.633;5598.633;5598.633;5598.633;5598.633;5598.633;5598.633;5598.633;5598.633;5598.633;5598.633	-11.15	34				5.796	602.930	73.9497		5.481				602.930	602.930;602.930;1808.789;3014.648;602.930;602.930;1808.789;3014.648;602.930;1205.859;2411.719;602.930;602.930;1205.859;2411.719;602.930;602.930;1205.859;2411.719;602.930;602.930;1205.859;2411.719;602.930;602.930;1808.789;2411.719;602.930;602.930;1808.789;3014.648;602.930;602.930	0.000	3014.648	207.728	602.930	-415.456	15.000	0.000;207.728;207.728;-415.456;0.000;207.728;207.728;-415.456;103.864;207.728;-311.592;0.000;103.864;207.728;-311.592;0.000;103.864;207.728;-311.592;0.000;103.864;207.728;-311.592;0.000;207.728;103.864;-311.592;0.000;207.728;207.728;-415.456;0.000		-25.34	73.9497	0.7576			15.43	8821	73.8511	0.2424	73.8162	0.0606	73.9497	0.7576	73.9846	0.9394	072_f0-300_ncomp-19_pos.wav_1	f0 300	19_p
74	Spectrogram 1	1	74.800000000	75.000000000	200ms_schroeder_master.wav	/home/m/Dropbox/Projects/acoustic_fine_features_zebra_finch/data/processed/200ms_schroeder_master.wav	74.8000	250.000	6385.383	5.567		5.577	-29.75	3014.648	5340.234	74.8000		74.8000	3298680	0	3298680	3186.914	74.9018	0.5152	6135.383		0.2000	0.0929	0.1683	75.0000		200ms_schroeder_master.wav	3307500	/home/m/Dropbox/Projects/acoustic_fine_features_zebra_finch/data/processed/200ms_schroeder_master.wav	3307500	28.217		1722.656	516.797	4737.305	5857.031	516.797;516.797;516.797;516.797;516.797;516.797;516.797;516.797;516.797;516.797;516.797;516.797;516.797;516.797;516.797;516.797;516.797;516.797;516.797;516.797;516.797;516.797;516.797;516.797;516.797;516.797;516.797;516.797;516.797;516.797;516.797;516.797;516.797	1722.656;1722.656;1722.656;1722.656;1550.391;1722.656;1722.656;1722.656;1550.391;1722.656;1722.656;1722.656;1550.391;1722.656;1722.656;1722.656;1550.391;1722.656;1722.656;1636.523;1636.523;1722.656;1722.656;1550.391;1636.523;1722.656;1722.656;1550.391;1722.656;1722.656;1722.656;1550.391;1636.523	3273.047;3186.914;3186.914;3100.781;3100.781;3186.914;3186.914;3100.781;3100.781;3273.047;3186.914;3100.781;3100.781;3273.047;3186.914;3100.781;3186.914;3273.047;3186.914;3100.781;3186.914;3273.047;3186.914;3100.781;3186.914;3273.047;3100.781;3100.781;3186.914;3273.047;3100.781;3100.781;3273.047	4651.172;4737.305;4737.305;4565.039;4651.172;4737.305;4737.305;4565.039;4737.305;4737.305;4565.039;4565.039;4737.305;4737.305;4565.039;4565.039;4737.305;4737.305;4565.039;4565.039;4737.305;4737.305;4565.039;4565.039;4737.305;4737.305;4565.039;4565.039;4737.305;4737.305;4565.039;4737.305;4737.305	5857.031;5857.031;5857.031;5857.031;5857.031;5857.031;5857.031;5857.031;5857.031;5857.031;5857.031;5857.031;5857.031;5857.031;5857.031;5857.031;5857.031;5857.031;5857.031;5857.031;5857.031;5857.031;5857.031;5857.031;5857.031;5857.031;5857.031;5857.031;5857.031;5857.031;5857.031;5857.031;5857.031	-11.18	34				5.912	602.930	74.8901		5.554				602.930	602.930;1808.789;602.930;602.930;3014.648;1808.789;602.930;602.930;3014.648;1808.789;602.930;602.930;2411.719;1808.789;602.930;602.930;2411.719;1205.859;602.930;602.930;2411.719;1205.859;602.930;602.930;2411.719;1205.859;602.930;602.930;2411.719;1205.859;602.930;2411.719;2411.719	9.737	3014.648	415.456	602.930	-207.728	16.000	207.728;-207.728;0.000;415.456;-207.728;-207.728;0.000;415.456;-207.728;-207.728;0.000;311.592;-103.864;-207.728;0.000;311.592;-207.728;-103.864;0.000;311.592;-207.728;-103.864;0.000;311.592;-207.728;-103.864;0.000;311.592;-207.728;-103.864;311.592;0.000		-25.59	74.8901	0.4545			16.39	8821	74.8553	0.2727	74.8147	0.0606	74.9482	0.7576	74.9830	0.9394	073_f0-300_ncomp-20_neg.wav_1	f0 300	20_n
75	Spectrogram 1	1	75.800000000	76.000000000	200ms_schroeder_master.wav	/home/m/Dropbox/Projects/acoustic_fine_features_zebra_finch/data/processed/200ms_schroeder_master.wav	75.8000	250.000	6385.383	5.567		5.589	-29.88	2928.516	5340.234	75.8000		75.8000	3342780	0	3342780	3186.914	75.9002	0.5000	6135.383		0.2000	0.0929	0.1683	76.0000		200ms_schroeder_master.wav	3351600	/home/m/Dropbox/Projects/acoustic_fine_features_zebra_finch/data/processed/200ms_schroeder_master.wav	3351600	28.218		1722.656	516.797	4651.172	5857.031	516.797;516.797;516.797;516.797;516.797;516.797;516.797;516.797;516.797;516.797;516.797;516.797;516.797;516.797;516.797;516.797;516.797;516.797;516.797;516.797;516.797;516.797;516.797;516.797;516.797;516.797;516.797;516.797;516.797;516.797;516.797;516.797;516.797;430.664	1722.656;1722.656;1722.656;1550.391;1722.656;1722.656;1722.656;1550.391;1722.656;1722.656;1722.656;1550.391;1722.656;1722.656;1722.656;1550.391;1722.656;1722.656;1722.656;1550.391;1722.656;1722.656;1636.523;1636.523;1722.656;1722.656;1636.523;1636.523;1722.656;1722.656;1550.391;1636.523;1722.656;1378.125	3186.914;3186.914;3273.047;3100.781;3100.781;3186.914;3273.047;3100.781;3100.781;3186.914;3273.047;3100.781;3100.781;3186.914;3186.914;3100.781;3100.781;3273.047;3186.914;3100.781;3100.781;3273.047;3186.914;3100.781;3186.914;3273.047;3186.914;3100.781;3186.914;3273.047;3100.781;3100.781;3100.781;2670.117	4565.039;4565.039;4737.305;4737.305;4565.039;4565.039;4737.305;4737.305;4565.039;4737.305;4737.305;4651.172;4565.039;4737.305;4737.305;4651.172;4565.039;4737.305;4737.305;4565.039;4565.039;4737.305;4737.305;4565.039;4565.039;4737.305;4737.305;4565.039;4565.039;4737.305;4737.305;4565.039;4565.039;4651.172	5770.898;5857.031;5857.031;5857.031;5857.031;5857.031;5857.031;5857.031;5857.031;5857.031;5857.031;5857.031;5857.031;5857.031;5857.031;5857.031;5857.031;5857.031;5857.031;5857.031;5857.031;5857.031;5857.031;5857.031;5857.031;5857.031;5857.031;5857.031;5857.031;5857.031;5857.031;5857.031;5770.898;5857.031	-11.31	35				5.978	602.930	75.8364		5.554				602.930	602.930;602.930;1808.789;2411.719;602.930;602.930;1808.789;3014.648;602.930;602.930;1808.789;3014.648;602.930;602.930;1808.789;3014.648;602.930;1205.859;2411.719;602.930;602.930;1205.859;2411.719;602.930;602.930;1205.859;2411.719;602.930;602.930;1205.859;2411.719;602.930;602.930;2411.719	9.442	3014.648	311.592	602.930	-415.456	16.000	0.000;207.728;103.864;-311.592;0.000;207.728;207.728;-415.456;0.000;207.728;207.728;-415.456;0.000;207.728;207.728;-415.456;103.864;207.728;-311.592;0.000;103.864;207.728;-311.592;0.000;103.864;207.728;-311.592;0.000;103.864;207.728;-311.592;0.000;311.592		-25.59	75.8364	0.1765			17.83	8821	75.8538	0.2647	75.8131	0.0588	75.9467	0.7353	75.9815	0.9118	074_f0-300_ncomp-20_pos.wav_1	f0 300	20_p
76	Spectrogram 1	1	76.800000000	77.000000000	200ms_schroeder_master.wav	/home/m/Dropbox/Projects/acoustic_fine_features_zebra_finch/data/processed/200ms_schroeder_master.wav	76.8000	250.000	6653.235	5.637		5.648	-30.16	3014.648	5512.500	76.8000		76.8000	3386880	0	3386880	3273.047	76.8987	0.4848	6403.235		0.2000	0.0929	0.1683	77.0000		200ms_schroeder_master.wav	3395700	/home/m/Dropbox/Projects/acoustic_fine_features_zebra_finch/data/processed/200ms_schroeder_master.wav	3395700	27.985		1808.789	516.797	4823.438	6029.297	516.797;516.797;516.797;516.797;516.797;516.797;516.797;516.797;516.797;516.797;516.797;516.797;516.797;516.797;516.797;516.797;516.797;516.797;516.797;516.797;516.797;516.797;516.797;516.797;516.797;516.797;516.797;516.797;516.797;516.797;516.797;516.797;602.930	1722.656;1808.789;1808.789;1808.789;1808.789;1808.789;1808.789;1722.656;1808.789;1808.789;1808.789;1722.656;1808.789;1808.789;1808.789;1808.789;1808.789;1808.789;1808.789;1808.789;1808.789;1808.789;1808.789;1808.789;1808.789;1808.789;1808.789;1808.789;1808.789;1808.789;1808.789;1808.789;1894.922	3273.047;3273.047;3273.047;3273.047;3273.047;3273.047;3273.047;3273.047;3273.047;3273.047;3273.047;3273.047;3273.047;3273.047;3273.047;3273.047;3273.047;3273.047;3273.047;3273.047;3273.047;3273.047;3273.047;3273.047;3273.047;3273.047;3273.047;3273.047;3273.047;3273.047;3273.047;3273.047;3359.180	4823.438;4823.438;4823.438;4823.438;4823.438;4823.438;4823.438;4823.438;4823.438;4823.438;4823.438;4823.438;4823.438;4823.438;4823.438;4823.438;4823.438;4823.438;4823.438;4823.438;4823.438;4823.438;4823.438;4823.438;4823.438;4823.438;4823.438;4823.438;4823.438;4823.438;4823.438;4823.438;4823.438	6115.430;6115.430;6029.297;6029.297;6115.430;6029.297;6029.297;6029.297;6115.430;6029.297;6029.297;6115.430;6115.430;6029.297;6029.297;6115.430;6115.430;6029.297;6029.297;6115.430;6115.430;6029.297;6029.297;6115.430;6115.430;6029.297;6029.297;6115.430;6115.430;6029.297;6029.297;6115.430;6029.297	-11.41	34				6.007	602.930	76.9335		5.626				602.930	2411.719;1205.859;602.930;602.930;2411.719;1205.859;602.930;6287.695;1808.789;602.930;602.930;3014.648;1808.789;602.930;602.930;3014.648;1808.789;602.930;602.930;3014.648;1808.789;602.930;602.930;2411.719;1205.859;602.930;602.930;2411.719;1205.859;602.930;602.930;1808.789;1205.859	-6.492	6287.695	979.290	602.930	-771.562	16.000	-207.728;-103.864;0.000;311.592;-207.728;-103.864;979.290;-771.562;-207.728;0.000;415.456;-207.728;-207.728;0.000;415.456;-207.728;-207.728;0.000;415.456;-207.728;-207.728;0.000;311.592;-207.728;-103.864;0.000;311.592;-207.728;-103.864;0.000;207.728;-103.864		-26.04	76.9335	0.6667			16.12	8821	76.8522	0.2424	76.8174	0.0606	76.9451	0.7273	76.9857	0.9394	075_f0-300_ncomp-21_neg.wav_1	f0 300	21_n
77	Spectrogram 1	1	77.800000000	78.000000000	200ms_schroeder_master.wav	/home/m/Dropbox/Projects/acoustic_fine_features_zebra_finch/data/processed/200ms_schroeder_master.wav	77.8000	250.000	6653.235	5.638		5.647	-30.16	3014.648	5512.500	77.8000		77.8000	3430980	0	3430980	3273.047	77.8971	0.4848	6403.235		0.2000	0.0987	0.1683	78.0000		200ms_schroeder_master.wav	3439800	/home/m/Dropbox/Projects/acoustic_fine_features_zebra_finch/data/processed/200ms_schroeder_master.wav	3439800	27.985		1808.789	516.797	4823.438	6029.297	516.797;516.797;516.797;516.797;516.797;516.797;516.797;516.797;516.797;516.797;516.797;516.797;516.797;516.797;516.797;516.797;516.797;516.797;516.797;516.797;516.797;516.797;516.797;516.797;516.797;516.797;516.797;516.797;516.797;516.797;516.797;516.797;516.797	1722.656;1808.789;1808.789;1808.789;1808.789;1808.789;1808.789;1808.789;1808.789;1808.789;1808.789;1808.789;1808.789;1808.789;1808.789;1808.789;1808.789;1808.789;1722.656;1808.789;1808.789;1808.789;1722.656;1808.789;1808.789;1808.789;1722.656;1808.789;1808.789;1808.789;1808.789;1808.789;1808.789	3273.047;3273.047;3273.047;3273.047;3273.047;3273.047;3273.047;3273.047;3273.047;3273.047;3273.047;3273.047;3273.047;3273.047;3273.047;3273.047;3273.047;3273.047;3273.047;3273.047;3273.047;3273.047;3273.047;3273.047;3273.047;3273.047;3273.047;3273.047;3273.047;3273.047;3273.047;3359.180;3359.180	4823.438;4823.438;4823.438;4823.438;4823.438;4823.438;4823.438;4823.438;4823.438;4823.438;4823.438;4823.438;4823.438;4823.438;4823.438;4823.438;4823.438;4823.438;4823.438;4823.438;4823.438;4823.438;4823.438;4823.438;4823.438;4823.438;4823.438;4823.438;4823.438;4823.438;4823.438;4823.438;4909.570	6115.430;6115.430;6115.430;6029.297;6029.297;6115.430;6115.430;6029.297;6029.297;6115.430;6115.430;6029.297;6029.297;6115.430;6115.430;6029.297;6029.297;6115.430;6115.430;6029.297;6029.297;6115.430;6115.430;6029.297;6029.297;6115.430;6029.297;6029.297;6029.297;6115.430;6029.297;6115.430;6115.430	-11.41	34				5.916	602.930	77.8797		5.626				602.930	602.930;1205.859;1205.859;602.930;602.930;1205.859;2411.719;602.930;602.930;1808.789;2411.719;602.930;602.930;1808.789;3014.648;602.930;602.930;1808.789;3014.648;602.930;602.930;1808.789;6287.695;602.930;1205.859;2411.719;602.930;602.930;1205.859;2411.719;602.930;602.930;1205.859	3.246	6287.695	771.562	602.930	-979.290	16.000	103.864;0.000;-103.864;0.000;103.864;207.728;-311.592;0.000;207.728;103.864;-311.592;0.000;207.728;207.728;-415.456;0.000;207.728;207.728;-415.456;0.000;207.728;771.562;-979.290;103.864;207.728;-311.592;0.000;103.864;207.728;-311.592;0.000;103.864		-26.04	77.8797	0.3939			15.91	8821	77.8507	0.2424	77.8159	0.0606	77.9494	0.7576	77.9842	0.9394	076_f0-300_ncomp-21_pos.wav_1	f0 300	21_p
78	Spectrogram 1	1	78.800000000	79.000000000	200ms_schroeder_master.wav	/home/m/Dropbox/Projects/acoustic_fine_features_zebra_finch/data/processed/200ms_schroeder_master.wav	78.8000	250.000	7010.371	5.705		5.715	-30.17	3273.047	5857.031	78.8000		78.8000	3475080	0	3475080	3531.445	78.9014	0.5152	6760.371		0.2000	0.0929	0.1683	79.0000		200ms_schroeder_master.wav	3483900	/home/m/Dropbox/Projects/acoustic_fine_features_zebra_finch/data/processed/200ms_schroeder_master.wav	3483900	28.199		1808.789	516.797	5081.836	6373.828	516.797;516.797;516.797;516.797;516.797;516.797;516.797;516.797;516.797;516.797;516.797;516.797;516.797;516.797;516.797;516.797;516.797;516.797;516.797;516.797;516.797;516.797;516.797;516.797;516.797;516.797;516.797;516.797;516.797;516.797;516.797;516.797;516.797	1808.789;1808.789;1808.789;1808.789;1808.789;1808.789;1808.789;1808.789;1808.789;1808.789;1808.789;1808.789;1808.789;1808.789;1808.789;1808.789;1808.789;1808.789;1808.789;1808.789;1808.789;1808.789;1808.789;1808.789;1808.789;1808.789;1808.789;1808.789;1808.789;1808.789;1808.789;1808.789;1808.789	3531.445;3531.445;3531.445;3359.180;3445.312;3531.445;3531.445;3359.180;3531.445;3531.445;3531.445;3359.180;3531.445;3531.445;3359.180;3359.180;3531.445;3531.445;3359.180;3359.180;3531.445;3531.445;3359.180;3359.180;3531.445;3531.445;3359.180;3359.180;3531.445;3531.445;3359.180;3445.312;3531.445	5081.836;5081.836;5081.836;5081.836;5081.836;5081.836;5081.836;5081.836;5081.836;5081.836;5081.836;5081.836;5081.836;5081.836;5081.836;5081.836;5081.836;5081.836;5081.836;5081.836;5081.836;5081.836;5081.836;5081.836;5081.836;5081.836;5081.836;5081.836;5081.836;5081.836;5081.836;5081.836;5081.836	6373.828;6373.828;6373.828;6373.828;6373.828;6373.828;6373.828;6373.828;6373.828;6373.828;6373.828;6373.828;6373.828;6373.828;6373.828;6373.828;6373.828;6373.828;6373.828;6373.828;6373.828;6373.828;6373.828;6373.828;6373.828;6373.828;6373.828;6373.828;6373.828;6373.828;6373.828;6373.828;6373.828	-11.20	34				6.067	602.930	78.9769		5.693				602.930	3014.648;1808.789;602.930;602.930;2411.719;1205.859;602.930;6287.695;2411.719;1205.859;602.930;6287.695;2411.719;1205.859;602.930;6287.695;2411.719;1205.859;602.930;5684.766;1808.789;602.930;602.930;3014.648;1808.789;602.930;602.930;3014.648;1808.789;602.930;602.930;2411.719;1808.789	-6.492	6287.695	979.290	602.930	-667.698	16.000	-207.728;-207.728;0.000;311.592;-207.728;-103.864;979.290;-667.698;-207.728;-103.864;979.290;-667.698;-207.728;-103.864;979.290;-667.698;-207.728;-103.864;875.426;-667.698;-207.728;0.000;415.456;-207.728;-207.728;0.000;415.456;-207.728;-207.728;0.000;311.592;-103.864		-26.03	78.9769	0.9091			16.39	8821	78.8550	0.2727	78.8143	0.0606	78.9478	0.7576	78.9827	0.9394	077_f0-300_ncomp-22_neg.wav_1	f0 300	22_n
79	Spectrogram 1	1	79.800000000	80.000000000	200ms_schroeder_master.wav	/home/m/Dropbox/Projects/acoustic_fine_features_zebra_finch/data/processed/200ms_schroeder_master.wav	79.8000	250.000	7010.371	5.705		5.727	-30.30	3273.047	5857.031	79.8000		79.8000	3519180	0	3519180	3531.445	79.8999	0.5000	6760.371		0.2000	0.0929	0.1741	80.0000		200ms_schroeder_master.wav	3528000	/home/m/Dropbox/Projects/acoustic_fine_features_zebra_finch/data/processed/200ms_schroeder_master.wav	3528000	28.200		1808.789	516.797	5081.836	6373.828	516.797;516.797;516.797;516.797;516.797;516.797;516.797;516.797;516.797;516.797;516.797;516.797;516.797;516.797;516.797;516.797;516.797;516.797;516.797;516.797;516.797;516.797;516.797;516.797;516.797;516.797;516.797;516.797;516.797;516.797;516.797;516.797;516.797;516.797	1808.789;1808.789;1808.789;1808.789;1808.789;1808.789;1808.789;1808.789;1808.789;1808.789;1808.789;1808.789;1808.789;1808.789;1808.789;1808.789;1808.789;1808.789;1808.789;1808.789;1808.789;1808.789;1808.789;1808.789;1808.789;1808.789;1808.789;1808.789;1808.789;1808.789;1808.789;1808.789;1808.789;1550.391	3531.445;3531.445;3531.445;3359.180;3359.180;3531.445;3531.445;3359.180;3531.445;3531.445;3531.445;3359.180;3531.445;3531.445;3531.445;3359.180;3531.445;3531.445;3445.312;3359.180;3531.445;3531.445;3359.180;3359.180;3531.445;3531.445;3359.180;3359.180;3531.445;3531.445;3359.180;3359.180;3445.312;3014.648	5081.836;5081.836;5081.836;5081.836;5081.836;5081.836;5081.836;5081.836;5081.836;5081.836;5081.836;5081.836;5081.836;5081.836;5081.836;5081.836;5081.836;5081.836;5081.836;5081.836;5081.836;5081.836;5081.836;5081.836;5081.836;5081.836;5081.836;5081.836;5081.836;5081.836;5081.836;5081.836;5081.836;4823.438	6373.828;6373.828;6373.828;6373.828;6373.828;6373.828;6373.828;6373.828;6373.828;6373.828;6373.828;6373.828;6373.828;6373.828;6373.828;6373.828;6373.828;6373.828;6373.828;6373.828;6373.828;6373.828;6373.828;6373.828;6373.828;6373.828;6373.828;6373.828;6373.828;6373.828;6373.828;6373.828;6373.828;6373.828	-11.32	35				6.114	602.930	79.9231		5.693				602.930	602.930;602.930;602.930;6287.695;602.930;1205.859;2411.719;6287.695;602.930;1205.859;2411.719;6287.695;602.930;1205.859;2411.719;6287.695;602.930;1808.789;2411.719;602.930;602.930;1808.789;3014.648;602.930;602.930;1808.789;3014.648;602.930;602.930;1808.789;5684.766;602.930;602.930;3014.648	12.590	6287.695	979.290	602.930	-979.290	16.000	0.000;0.000;979.290;-979.290;103.864;207.728;667.698;-979.290;103.864;207.728;667.698;-979.290;103.864;207.728;667.698;-979.290;207.728;103.864;-311.592;0.000;207.728;207.728;-415.456;0.000;207.728;207.728;-415.456;0.000;207.728;667.698;-875.426;0.000;415.456		-26.03	79.9231	0.6176			17.90	8821	79.8534	0.2647	79.8128	0.0588	79.9463	0.7353	79.9869	0.9412	078_f0-300_ncomp-22_pos.wav_1	f0 300	22_p
80	Spectrogram 1	1	80.800000000	81.000000000	200ms_schroeder_master.wav	/home/m/Dropbox/Projects/acoustic_fine_features_zebra_finch/data/processed/200ms_schroeder_master.wav	80.8000	250.000	7278.223	5.769		5.780	-30.28	3531.445	6115.430	80.8000		80.8000	3563280	0	3563280	3617.578	80.8983	0.4848	7028.223		0.2000	0.0929	0.1683	81.0000		200ms_schroeder_master.wav	3572100	/home/m/Dropbox/Projects/acoustic_fine_features_zebra_finch/data/processed/200ms_schroeder_master.wav	3572100	28.258		1808.789	516.797	5340.234	6632.227	516.797;602.930;516.797;516.797;516.797;602.930;516.797;516.797;516.797;602.930;516.797;516.797;516.797;602.930;516.797;516.797;516.797;602.930;516.797;516.797;516.797;602.930;516.797;516.797;516.797;602.930;516.797;516.797;602.930;516.797;516.797;516.797;602.930	1808.789;1808.789;1808.789;1808.789;1808.789;1808.789;1808.789;1808.789;1808.789;1808.789;1808.789;1808.789;1808.789;1808.789;1808.789;1808.789;1808.789;1808.789;1808.789;1808.789;1808.789;1808.789;1808.789;1808.789;1808.789;1808.789;1808.789;1808.789;1808.789;1808.789;1808.789;1808.789;2067.188	3617.578;3617.578;3617.578;3617.578;3617.578;3617.578;3617.578;3617.578;3617.578;3617.578;3617.578;3617.578;3617.578;3617.578;3617.578;3617.578;3617.578;3617.578;3617.578;3617.578;3617.578;3617.578;3617.578;3617.578;3617.578;3617.578;3617.578;3617.578;3617.578;3617.578;3617.578;3617.578;3617.578	5340.234;5340.234;5340.234;5340.234;5340.234;5340.234;5340.234;5340.234;5340.234;5340.234;5340.234;5340.234;5340.234;5340.234;5340.234;5340.234;5340.234;5340.234;5340.234;5340.234;5340.234;5340.234;5340.234;5340.234;5340.234;5340.234;5340.234;5340.234;5340.234;5340.234;5340.234;5340.234;5167.969	6632.227;6632.227;6632.227;6632.227;6632.227;6632.227;6632.227;6632.227;6632.227;6632.227;6632.227;6632.227;6632.227;6632.227;6632.227;6632.227;6632.227;6632.227;6632.227;6632.227;6632.227;6632.227;6632.227;6632.227;6632.227;6632.227;6632.227;6632.227;6632.227;6632.227;6632.227;6632.227;6632.227	-11.14	34				6.122	602.930	80.8635		5.758				602.930	1808.789;602.930;602.930;6890.625;1808.789;602.930;602.930;3014.648;1808.789;602.930;6287.695;2411.719;1205.859;602.930;6287.695;2411.719;1205.859;602.930;6287.695;2411.719;1205.859;602.930;6890.625;2411.719;1205.859;602.930;6890.625;1808.789;602.930;602.930;6890.625;1808.789;602.930	-6.492	6890.625	1083.154	602.930	-875.426	16.000	-207.728;0.000;1083.154;-875.426;-207.728;0.000;415.456;-207.728;-207.728;979.290;-667.698;-207.728;-103.864;979.290;-667.698;-207.728;-103.864;979.290;-667.698;-207.728;-103.864;1083.154;-771.562;-207.728;-103.864;1083.154;-875.426;-207.728;0.000;1083.154;-875.426;-207.728		-26.16	80.8635	0.3030			15.98	8821	80.8519	0.2424	80.8170	0.0606	80.9448	0.7273	80.9854	0.9394	079_f0-300_ncomp-23_neg.wav_1	f0 300	23_n
81	Spectrogram 1	1	81.800000000	82.000000000	200ms_schroeder_master.wav	/home/m/Dropbox/Projects/acoustic_fine_features_zebra_finch/data/processed/200ms_schroeder_master.wav	81.8000	250.000	7278.223	5.769		5.779	-30.28	3531.445	6115.430	81.8000		81.8000	3607380	0	3607380	3617.578	81.9026	0.5152	7028.223		0.2000	0.0987	0.1683	82.0000		200ms_schroeder_master.wav	3616200	/home/m/Dropbox/Projects/acoustic_fine_features_zebra_finch/data/processed/200ms_schroeder_master.wav	3616200	28.258		1808.789	516.797	5340.234	6632.227	516.797;516.797;516.797;516.797;602.930;516.797;516.797;516.797;602.930;516.797;516.797;602.930;516.797;516.797;516.797;602.930;516.797;516.797;516.797;602.930;516.797;516.797;516.797;602.930;516.797;516.797;516.797;602.930;516.797;516.797;516.797;516.797;516.797	1808.789;1808.789;1808.789;1808.789;1808.789;1808.789;1808.789;1808.789;1808.789;1808.789;1808.789;1808.789;1808.789;1808.789;1808.789;1808.789;1808.789;1808.789;1808.789;1808.789;1808.789;1808.789;1808.789;1808.789;1808.789;1808.789;1808.789;1808.789;1808.789;1808.789;1808.789;1808.789;1808.789	3617.578;3617.578;3617.578;3617.578;3617.578;3617.578;3617.578;3617.578;3617.578;3617.578;3617.578;3617.578;3617.578;3617.578;3617.578;3617.578;3617.578;3617.578;3617.578;3617.578;3617.578;3617.578;3617.578;3617.578;3617.578;3617.578;3617.578;3617.578;3617.578;3617.578;3617.578;3617.578;3617.578	5340.234;5340.234;5340.234;5340.234;5340.234;5340.234;5340.234;5340.234;5340.234;5340.234;5340.234;5340.234;5340.234;5340.234;5340.234;5340.234;5340.234;5340.234;5340.234;5340.234;5340.234;5340.234;5340.234;5340.234;5340.234;5340.234;5340.234;5340.234;5340.234;5340.234;5340.234;5340.234;5426.367	6632.227;6632.227;6632.227;6632.227;6632.227;6632.227;6632.227;6632.227;6632.227;6632.227;6632.227;6632.227;6632.227;6632.227;6632.227;6632.227;6632.227;6632.227;6632.227;6632.227;6632.227;6632.227;6632.227;6632.227;6632.227;6632.227;6632.227;6632.227;6632.227;6632.227;6632.227;6632.227;6718.359	-11.14	34				6.063	602.930	81.9664		5.758				602.930	602.930;1808.789;6890.625;602.930;602.930;1808.789;6890.625;602.930;602.930;2411.719;6890.625;602.930;1205.859;2411.719;6890.625;602.930;1205.859;2411.719;6287.695;602.930;1205.859;2411.719;6287.695;602.930;1808.789;2411.719;6287.695;602.930;1808.789;3014.648;602.930;602.930;1808.789	6.492	6890.625	875.426	602.930	-1083.154	16.000	207.728;875.426;-1083.154;0.000;207.728;875.426;-1083.154;0.000;311.592;771.562;-1083.154;103.864;207.728;771.562;-1083.154;103.864;207.728;667.698;-979.290;103.864;207.728;667.698;-979.290;207.728;103.864;667.698;-979.290;207.728;207.728;-415.456;0.000;207.728		-26.16	81.9664	0.8485			15.92	8821	81.8503	0.2424	81.8155	0.0606	81.9490	0.7576	81.9838	0.9394	080_f0-300_ncomp-23_pos.wav_1	f0 300	23_p
82	Spectrogram 1	1	82.800000000	83.000000000	200ms_schroeder_master.wav	/home/m/Dropbox/Projects/acoustic_fine_features_zebra_finch/data/processed/200ms_schroeder_master.wav	82.8000	250.000	7635.359	5.831		5.853	-30.73	3617.578	6373.828	82.8000		82.8000	3651480	0	3651480	3789.844	82.9010	0.5000	7385.359		0.2000	0.0929	0.1683	83.0000		200ms_schroeder_master.wav	3660300	/home/m/Dropbox/Projects/acoustic_fine_features_zebra_finch/data/processed/200ms_schroeder_master.wav	3660300	28.142		1981.055	602.930	5598.633	6976.758	602.930;602.930;602.930;602.930;602.930;602.930;602.930;602.930;602.930;602.930;602.930;602.930;602.930;602.930;602.930;602.930;602.930;602.930;602.930;602.930;602.930;602.930;602.930;602.930;602.930;602.930;602.930;602.930;602.930;602.930;602.930;602.930;602.930;430.664	2067.188;2067.188;1981.055;1894.922;1981.055;2067.188;1981.055;1894.922;1981.055;2067.188;1981.055;1894.922;1981.055;2067.188;1981.055;1894.922;2067.188;2067.188;1894.922;1894.922;2067.188;2067.188;1894.922;1894.922;2067.188;2067.188;1894.922;1894.922;2067.188;1981.055;1894.922;1894.922;2067.188;1464.258	3789.844;3875.977;3703.711;3703.711;3789.844;3789.844;3703.711;3703.711;3789.844;3789.844;3703.711;3703.711;3875.977;3789.844;3703.711;3703.711;3875.977;3789.844;3703.711;3703.711;3875.977;3789.844;3703.711;3789.844;3875.977;3789.844;3703.711;3789.844;3875.977;3703.711;3703.711;3789.844;3875.977;3445.312	5512.500;5598.633;5512.500;5512.500;5598.633;5598.633;5512.500;5512.500;5598.633;5598.633;5512.500;5598.633;5598.633;5512.500;5512.500;5598.633;5598.633;5512.500;5512.500;5598.633;5598.633;5512.500;5512.500;5598.633;5598.633;5512.500;5512.500;5598.633;5598.633;5512.500;5512.500;5598.633;5598.633;5943.164	6976.758;6976.758;6976.758;6976.758;6976.758;6976.758;6976.758;6976.758;6976.758;6976.758;6976.758;6976.758;6976.758;6976.758;6976.758;6976.758;6976.758;6976.758;6976.758;6976.758;6976.758;6976.758;6976.758;6976.758;6976.758;6976.758;6976.758;6976.758;6976.758;6976.758;6976.758;6976.758;6976.758;7062.891	-11.38	35				6.245	602.930	82.9068		5.819				602.930	2411.719;1205.859;602.930;6287.695;2411.719;1205.859;602.930;6287.695;1808.789;602.930;6890.625;6287.695;1808.789;602.930;6890.625;3014.648;1808.789;602.930;6890.625;2411.719;1808.789;602.930;6890.625;2411.719;1205.859;602.930;6287.695;2411.719;1205.859;602.930;6287.695;1808.789;1205.859;430.664	-10.341	6890.625	1083.154	430.664	-771.562	16.000	-207.728;-103.864;979.290;-667.698;-207.728;-103.864;979.290;-771.562;-207.728;1083.154;-103.864;-771.562;-207.728;1083.154;-667.698;-207.728;-207.728;1083.154;-771.562;-103.864;-207.728;1083.154;-771.562;-207.728;-103.864;979.290;-667.698;-207.728;-103.864;979.290;-771.562;-103.864;-133.540		-26.46	82.9068	0.5294			17.00	8821	82.8546	0.2647	82.8140	0.0588	82.9475	0.7353	82.9823	0.9118	081_f0-300_ncomp-24_neg.wav_1	f0 300	24_n
83	Spectrogram 1	1	83.800000000	84.000000000	200ms_schroeder_master.wav	/home/m/Dropbox/Projects/acoustic_fine_features_zebra_finch/data/processed/200ms_schroeder_master.wav	83.8000	250.000	7635.359	5.831		5.853	-30.73	3617.578	6373.828	83.8000		83.8000	3695580	0	3695580	3789.844	83.8995	0.5000	7385.359		0.2000	0.0929	0.1683	84.0000		200ms_schroeder_master.wav	3704400	/home/m/Dropbox/Projects/acoustic_fine_features_zebra_finch/data/processed/200ms_schroeder_master.wav	3704400	28.142		1981.055	602.930	5598.633	6976.758	602.930;602.930;602.930;602.930;602.930;602.930;602.930;602.930;602.930;602.930;602.930;602.930;602.930;602.930;602.930;602.930;602.930;602.930;602.930;602.930;602.930;602.930;602.930;602.930;602.930;602.930;602.930;602.930;602.930;602.930;602.930;602.930;602.930;516.797	2067.188;2067.188;1894.922;1894.922;2067.188;2067.188;1894.922;1894.922;2067.188;1981.055;1894.922;1981.055;2067.188;1981.055;1894.922;1981.055;2067.188;1981.055;1894.922;1981.055;2067.188;1981.055;1894.922;1981.055;2067.188;1894.922;1894.922;2067.188;2067.188;1894.922;1894.922;2067.188;2067.188;1808.789	3875.977;3875.977;3789.844;3703.711;3789.844;3875.977;3703.711;3703.711;3789.844;3875.977;3703.711;3703.711;3789.844;3875.977;3703.711;3703.711;3789.844;3789.844;3703.711;3703.711;3875.977;3789.844;3703.711;3703.711;3875.977;3789.844;3703.711;3789.844;3875.977;3789.844;3703.711;3789.844;3789.844;3359.180	5598.633;5598.633;5598.633;5512.500;5512.500;5598.633;5598.633;5512.500;5512.500;5598.633;5598.633;5512.500;5598.633;5598.633;5598.633;5512.500;5598.633;5598.633;5512.500;5512.500;5598.633;5598.633;5512.500;5512.500;5598.633;5598.633;5512.500;5512.500;5598.633;5598.633;5512.500;5512.500;5512.500;5167.969	6976.758;6976.758;6976.758;6976.758;6976.758;6976.758;6976.758;6976.758;6976.758;6976.758;6976.758;6976.758;6976.758;6976.758;6976.758;6976.758;6976.758;6976.758;6976.758;6976.758;6976.758;6976.758;6976.758;6976.758;6976.758;6976.758;6976.758;6976.758;6976.758;6976.758;6976.758;6976.758;6976.758;6976.758	-11.38	35				6.247	602.930	83.8530		5.819				602.930	602.930;1205.859;2411.719;6890.625;602.930;1808.789;2411.719;6890.625;602.930;1808.789;3014.648;6890.625;602.930;1808.789;6287.695;602.930;602.930;1808.789;6287.695;602.930;1205.859;2411.719;6287.695;602.930;1205.859;2411.719;6287.695;602.930;1205.859;2411.719;6890.625;602.930;1205.859;4478.906	20.233	6890.625	771.562	602.930	-1083.154	16.000	103.864;207.728;771.562;-1083.154;207.728;103.864;771.562;-1083.154;207.728;207.728;667.698;-1083.154;207.728;771.562;-979.290;0.000;207.728;771.562;-979.290;103.864;207.728;667.698;-979.290;103.864;207.728;667.698;-979.290;103.864;207.728;771.562;-1083.154;103.864;563.833		-26.46	83.8530	0.2647			17.26	8821	83.8530	0.2647	83.8182	0.0882	83.9459	0.7353	83.9866	0.9412	082_f0-300_ncomp-24_pos.wav_1	f0 300	24_p
84	Spectrogram 1	1	84.800000000	85.000000000	200ms_schroeder_master.wav	/home/m/Dropbox/Projects/acoustic_fine_features_zebra_finch/data/processed/200ms_schroeder_master.wav	84.8000	250.000	7903.211	5.890		5.900	-30.39	3703.711	6632.227	84.8000		84.8000	3739680	0	3739680	3875.977	84.8979	0.4848	7653.211		0.2000	0.0929	0.1683	85.0000		200ms_schroeder_master.wav	3748500	/home/m/Dropbox/Projects/acoustic_fine_features_zebra_finch/data/processed/200ms_schroeder_master.wav	3748500	28.496		2067.188	602.930	5770.898	7235.156	602.930;602.930;602.930;602.930;602.930;602.930;602.930;602.930;602.930;602.930;602.930;602.930;602.930;602.930;602.930;602.930;602.930;602.930;602.930;602.930;602.930;602.930;602.930;602.930;602.930;602.930;602.930;602.930;602.930;602.930;602.930;602.930;602.930	2067.188;2067.188;2067.188;2067.188;2067.188;2067.188;2067.188;2067.188;2067.188;2067.188;2067.188;2067.188;2067.188;2067.188;2067.188;2067.188;2067.188;2067.188;2067.188;2067.188;2067.188;2067.188;2067.188;2067.188;2067.188;2067.188;2067.188;2067.188;2067.188;2067.188;2067.188;2067.188;2067.188	3875.977;3875.977;3875.977;3875.977;3875.977;3875.977;3875.977;3875.977;3875.977;3875.977;3875.977;3875.977;3875.977;3875.977;3875.977;3875.977;3875.977;3875.977;3875.977;3875.977;3875.977;3875.977;3875.977;3875.977;3875.977;3875.977;3875.977;3875.977;3875.977;3875.977;3875.977;3875.977;3789.844	5770.898;5770.898;5684.766;5770.898;5770.898;5684.766;5684.766;5770.898;5770.898;5684.766;5684.766;5770.898;5770.898;5684.766;5770.898;5770.898;5770.898;5684.766;5770.898;5770.898;5770.898;5684.766;5770.898;5770.898;5770.898;5684.766;5770.898;5770.898;5770.898;5684.766;5770.898;5684.766;5684.766	7235.156;7235.156;7235.156;7235.156;7235.156;7235.156;7235.156;7235.156;7235.156;7235.156;7235.156;7235.156;7235.156;7235.156;7235.156;7235.156;7235.156;7235.156;7235.156;7235.156;7235.156;7235.156;7235.156;7235.156;7235.156;7235.156;7235.156;7235.156;7235.156;7235.156;7235.156;7235.156;7235.156	-10.90	34				6.222	602.930	84.9502		5.879				602.930	1205.859;602.930;602.930;6890.625;1205.859;602.930;6890.625;2411.719;1205.859;602.930;6287.695;2411.719;1205.859;602.930;6287.695;1808.789;602.930;6890.625;7493.555;1808.789;602.930;6890.625;7493.555;1808.789;602.930;6890.625;7493.555;1808.789;602.930;6890.625;2411.719;1205.859;602.930	-3.246	7493.555	1083.154	602.930	-979.290	16.000	-103.864;0.000;1083.154;-979.290;-103.864;1083.154;-771.562;-207.728;-103.864;979.290;-667.698;-207.728;-103.864;979.290;-771.562;-207.728;1083.154;103.864;-979.290;-207.728;1083.154;103.864;-979.290;-207.728;1083.154;103.864;-979.290;-207.728;1083.154;-771.562;-207.728;-103.864		-26.29	84.9502	0.7576			15.78	8821	84.8515	0.2424	84.8167	0.0606	84.9444	0.7273	84.9850	0.9394	083_f0-300_ncomp-25_neg.wav_1	f0 300	25_n
85	Spectrogram 1	1	85.800000000	86.000000000	200ms_schroeder_master.wav	/home/m/Dropbox/Projects/acoustic_fine_features_zebra_finch/data/processed/200ms_schroeder_master.wav	85.8000	250.000	7903.211	5.890		5.900	-30.39	3703.711	6632.227	85.8000		85.8000	3783780	0	3783780	3875.977	85.9022	0.5152	7653.211		0.2000	0.0929	0.1683	86.0000		200ms_schroeder_master.wav	3792600	/home/m/Dropbox/Projects/acoustic_fine_features_zebra_finch/data/processed/200ms_schroeder_master.wav	3792600	28.496		2067.188	602.930	5770.898	7235.156	602.930;602.930;602.930;602.930;602.930;602.930;602.930;602.930;602.930;602.930;602.930;602.930;602.930;602.930;602.930;602.930;602.930;602.930;602.930;602.930;602.930;602.930;602.930;602.930;602.930;602.930;602.930;602.930;602.930;602.930;602.930;602.930;602.930	2067.188;2067.188;2067.188;2067.188;2067.188;2067.188;2067.188;2067.188;2067.188;2067.188;2067.188;2067.188;2067.188;2067.188;2067.188;2067.188;2067.188;2067.188;2067.188;2067.188;2067.188;2067.188;2067.188;2067.188;2067.188;2067.188;2067.188;2067.188;2067.188;2067.188;2067.188;2067.188;2067.188	3875.977;3875.977;3875.977;3875.977;3875.977;3875.977;3875.977;3875.977;3875.977;3875.977;3875.977;3875.977;3875.977;3875.977;3875.977;3875.977;3875.977;3875.977;3875.977;3875.977;3875.977;3875.977;3875.977;3875.977;3875.977;3875.977;3875.977;3875.977;3875.977;3875.977;3875.977;3875.977;3962.109	5684.766;5770.898;5770.898;5684.766;5770.898;5770.898;5684.766;5684.766;5770.898;5770.898;5684.766;5770.898;5770.898;5770.898;5684.766;5770.898;5770.898;5770.898;5684.766;5770.898;5770.898;5770.898;5684.766;5770.898;5770.898;5770.898;5684.766;5770.898;5770.898;5684.766;5684.766;5770.898;5857.031	7235.156;7235.156;7235.156;7235.156;7235.156;7235.156;7235.156;7235.156;7235.156;7235.156;7235.156;7235.156;7235.156;7235.156;7235.156;7235.156;7235.156;7235.156;7235.156;7235.156;7235.156;7235.156;7235.156;7235.156;7235.156;7235.156;7235.156;7235.156;7235.156;7235.156;7235.156;7235.156;7235.156	-10.90	34				6.209	602.930	85.8964		5.879				602.930	1205.859;2411.719;6890.625;602.930;1205.859;2411.719;6890.625;602.930;1205.859;2411.719;6890.625;602.930;1808.789;7493.555;6890.625;602.930;1808.789;7493.555;6890.625;602.930;1808.789;7493.555;6890.625;602.930;1808.789;6287.695;602.930;1205.859;2411.719;6287.695;602.930;1205.859;2411.719	6.492	7493.555	979.290	602.930	-1083.154	16.000	207.728;771.562;-1083.154;103.864;207.728;771.562;-1083.154;103.864;207.728;771.562;-1083.154;207.728;979.290;-103.864;-1083.154;207.728;979.290;-103.864;-1083.154;207.728;979.290;-103.864;-1083.154;207.728;771.562;-979.290;103.864;207.728;667.698;-979.290;103.864;207.728		-26.29	85.8964	0.4848			15.87	8821	85.8558	0.2727	85.8151	0.0606	85.9487	0.7576	85.9835	0.9394	084_f0-300_ncomp-25_pos.wav_1	f0 300	25_p
86	Spectrogram 1	1	86.800000000	87.000000000	200ms_schroeder_master.wav	/home/m/Dropbox/Projects/acoustic_fine_features_zebra_finch/data/processed/200ms_schroeder_master.wav	86.8000	350.000	2189.034	3.441		3.480	-25.00	861.328	1636.523	86.8000		86.8000	3827880	0	3827880	1205.859	86.9007	0.5000	1839.034		0.2000	0.0929	0.1683	87.0000		200ms_schroeder_master.wav	3836700	/home/m/Dropbox/Projects/acoustic_fine_features_zebra_finch/data/processed/200ms_schroeder_master.wav	3836700	27.744		775.195	430.664	1636.523	2067.188	430.664;430.664;430.664;430.664;430.664;430.664;430.664;430.664;430.664;430.664;430.664;430.664;430.664;430.664;430.664;430.664;430.664;430.664;430.664;430.664;430.664;430.664;430.664;430.664;430.664;430.664;430.664;430.664;430.664;430.664;430.664;430.664;430.664;430.664	775.195;775.195;775.195;775.195;775.195;775.195;775.195;775.195;775.195;775.195;775.195;775.195;775.195;775.195;775.195;775.195;775.195;775.195;775.195;775.195;775.195;775.195;775.195;775.195;775.195;775.195;775.195;775.195;775.195;775.195;775.195;775.195;775.195;861.328	1205.859;1205.859;1205.859;1205.859;1205.859;1205.859;1205.859;1205.859;1205.859;1205.859;1205.859;1205.859;1205.859;1205.859;1205.859;1205.859;1205.859;1205.859;1205.859;1205.859;1205.859;1205.859;1205.859;1205.859;1205.859;1205.859;1205.859;1205.859;1205.859;1205.859;1205.859;1205.859;1205.859;1291.992	1636.523;1636.523;1636.523;1636.523;1636.523;1636.523;1636.523;1636.523;1636.523;1636.523;1636.523;1636.523;1636.523;1636.523;1636.523;1636.523;1636.523;1636.523;1636.523;1636.523;1636.523;1636.523;1636.523;1636.523;1636.523;1636.523;1636.523;1636.523;1636.523;1636.523;1636.523;1636.523;1636.523;1722.656	2067.188;2067.188;2067.188;2067.188;2067.188;2067.188;2067.188;2067.188;2067.188;2067.188;2067.188;2067.188;2067.188;2067.188;2067.188;2067.188;2067.188;2067.188;2067.188;2067.188;2067.188;2067.188;2067.188;2067.188;2067.188;2067.188;2067.188;2067.188;2067.188;2067.188;2067.188;2067.188;2067.188;2067.188	-11.78	35				4.193	1205.859	86.8600		3.430				1205.859	1205.859;1205.859;1205.859;1205.859;1205.859;1205.859;1205.859;1205.859;1205.859;1205.859;1205.859;1205.859;1205.859;1205.859;1205.859;1205.859;1205.859;1205.859;1205.859;1205.859;1205.859;1205.859;1205.859;1205.859;1205.859;1205.859;1205.859;1205.859;1205.859;1205.859;1205.859;1205.859;1205.859;775.195	-2.248	1205.859	0.000	775.195	-74.189	0.000	0.000;0.000;0.000;0.000;0.000;0.000;0.000;0.000;0.000;0.000;0.000;0.000;0.000;0.000;0.000;0.000;0.000;0.000;0.000;0.000;0.000;0.000;0.000;0.000;0.000;0.000;0.000;0.000;0.000;0.000;0.000;0.000;-74.189		-19.81	86.8600	0.2941			27.08	8821	86.8542	0.2647	86.8136	0.0588	86.9471	0.7353	86.9819	0.9118	085_f0-400_ncomp-5_neg.wav_1	f0 400	5_n
87	Spectrogram 1	1	87.800000000	88.000000000	200ms_schroeder_master.wav	/home/m/Dropbox/Projects/acoustic_fine_features_zebra_finch/data/processed/200ms_schroeder_master.wav	87.8000	350.000	2189.034	3.441		3.479	-25.00	861.328	1636.523	87.8000		87.8000	3871980	0	3871980	1205.859	87.8991	0.5000	1839.034		0.2000	0.0929	0.1683	88.0000		200ms_schroeder_master.wav	3880800	/home/m/Dropbox/Projects/acoustic_fine_features_zebra_finch/data/processed/200ms_schroeder_master.wav	3880800	27.744		775.195	430.664	1636.523	2067.188	430.664;430.664;430.664;430.664;430.664;430.664;430.664;430.664;430.664;430.664;430.664;430.664;430.664;430.664;430.664;430.664;430.664;430.664;430.664;430.664;430.664;430.664;430.664;430.664;430.664;430.664;430.664;430.664;430.664;430.664;430.664;430.664;430.664;430.664	775.195;775.195;775.195;775.195;775.195;775.195;775.195;775.195;775.195;775.195;775.195;775.195;775.195;775.195;775.195;775.195;775.195;775.195;775.195;775.195;775.195;775.195;775.195;775.195;775.195;775.195;775.195;775.195;775.195;775.195;775.195;775.195;775.195;775.195	1205.859;1205.859;1205.859;1205.859;1205.859;1205.859;1205.859;1205.859;1205.859;1205.859;1205.859;1205.859;1205.859;1205.859;1205.859;1205.859;1205.859;1205.859;1205.859;1205.859;1205.859;1205.859;1205.859;1205.859;1205.859;1205.859;1205.859;1205.859;1205.859;1205.859;1205.859;1205.859;1205.859;1205.859	1636.523;1636.523;1636.523;1636.523;1636.523;1636.523;1636.523;1636.523;1636.523;1636.523;1636.523;1636.523;1636.523;1636.523;1636.523;1636.523;1636.523;1636.523;1636.523;1636.523;1636.523;1636.523;1636.523;1636.523;1636.523;1636.523;1636.523;1636.523;1636.523;1636.523;1636.523;1636.523;1636.523;1722.656	2067.188;2067.188;2067.188;2067.188;2067.188;2067.188;2067.188;2067.188;2067.188;2067.188;2067.188;2067.188;2067.188;2067.188;2067.188;2067.188;2067.188;2067.188;2067.188;2067.188;2067.188;2067.188;2067.188;2067.188;2067.188;2067.188;2067.188;2067.188;2067.188;2067.188;2067.188;2067.188;2067.188;2067.188	-11.78	35				4.200	1205.859	87.9049		3.430				1205.859	1205.859;1205.859;1205.859;1205.859;1205.859;1205.859;1205.859;1205.859;1205.859;1205.859;1205.859;1205.859;1205.859;1205.859;1205.859;1205.859;1205.859;1205.859;1205.859;1205.859;1205.859;1205.859;1205.859;1205.859;1205.859;1205.859;1205.859;1205.859;1205.859;1205.859;1205.859;1205.859;1205.859;1205.859	0.000	1205.859	0.000	1205.859	0.000	0.000	0.000;0.000;0.000;0.000;0.000;0.000;0.000;0.000;0.000;0.000;0.000;0.000;0.000;0.000;0.000;0.000;0.000;0.000;0.000;0.000;0.000;0.000;0.000;0.000;0.000;0.000;0.000;0.000;0.000;0.000;0.000;0.000;0.000		-19.81	87.9049	0.5294			27.22	8821	87.8527	0.2647	87.8179	0.0882	87.9456	0.7353	87.9862	0.9412	086_f0-400_ncomp-5_pos.wav_1	f0 400	5_p
88	Spectrogram 1	1	88.800000000	89.000000000	200ms_schroeder_master.wav	/home/m/Dropbox/Projects/acoustic_fine_features_zebra_finch/data/processed/200ms_schroeder_master.wav	88.8000	350.000	2635.454	3.729		3.743	-26.43	1119.727	1981.055	88.8000		88.8000	3916080	0	3916080	1550.391	88.8976	0.4848	2285.454		0.2000	0.0929	0.1683	89.0000		200ms_schroeder_master.wav	3924900	/home/m/Dropbox/Projects/acoustic_fine_features_zebra_finch/data/processed/200ms_schroeder_master.wav	3924900	27.118		861.328	430.664	1981.055	2411.719	430.664;430.664;430.664;430.664;430.664;430.664;430.664;430.664;430.664;430.664;430.664;430.664;430.664;430.664;430.664;430.664;430.664;430.664;430.664;430.664;430.664;430.664;430.664;430.664;430.664;430.664;430.664;430.664;430.664;430.664;430.664;430.664;430.664	861.328;861.328;861.328;861.328;861.328;861.328;861.328;861.328;861.328;861.328;861.328;861.328;861.328;861.328;861.328;861.328;861.328;861.328;861.328;861.328;861.328;861.328;861.328;861.328;861.328;861.328;861.328;861.328;861.328;861.328;861.328;861.328;861.328	1550.391;1550.391;1550.391;1550.391;1550.391;1550.391;1550.391;1550.391;1550.391;1550.391;1550.391;1550.391;1550.391;1550.391;1550.391;1550.391;1550.391;1550.391;1550.391;1550.391;1550.391;1550.391;1550.391;1550.391;1550.391;1550.391;1550.391;1550.391;1550.391;1550.391;1550.391;1550.391;1550.391	1981.055;1981.055;1981.055;1981.055;1981.055;1981.055;1981.055;1981.055;1981.055;1981.055;1981.055;1981.055;1981.055;1981.055;1981.055;1981.055;1981.055;1981.055;1981.055;1981.055;1981.055;1981.055;1981.055;1981.055;1981.055;1981.055;1981.055;1981.055;1981.055;1981.055;1981.055;1981.055;1981.055	2411.719;2411.719;2411.719;2411.719;2411.719;2411.719;2411.719;2411.719;2411.719;2411.719;2411.719;2411.719;2411.719;2411.719;2411.719;2411.719;2411.719;2411.719;2411.719;2411.719;2411.719;2411.719;2411.719;2411.719;2411.719;2411.719;2411.719;2411.719;2411.719;2411.719;2411.719;2411.719;2411.719	-12.28	34				4.120	1205.859	88.9498		3.716				1205.859	1205.859;1205.859;1205.859;1205.859;1205.859;1205.859;1205.859;1205.859;1205.859;1205.859;1205.859;1205.859;1205.859;1205.859;1205.859;1205.859;1205.859;1205.859;1205.859;1205.859;1205.859;1205.859;1205.859;1205.859;1205.859;1205.859;1205.859;1205.859;1205.859;1205.859;1205.859;1205.859;2411.719	6.492	2411.719	207.728	1205.859	0.000	0.000	0.000;0.000;0.000;0.000;0.000;0.000;0.000;0.000;0.000;0.000;0.000;0.000;0.000;0.000;0.000;0.000;0.000;0.000;0.000;0.000;0.000;0.000;0.000;0.000;0.000;0.000;0.000;0.000;0.000;0.000;0.000;207.728		-21.29	88.9498	0.7576			29.67	8821	88.8511	0.2424	88.8163	0.0606	88.9440	0.7273	88.9847	0.9394	087_f0-400_ncomp-6_neg.wav_1	f0 400	6_n
89	Spectrogram 1	1	89.800000000	90.000000000	200ms_schroeder_master.wav	/home/m/Dropbox/Projects/acoustic_fine_features_zebra_finch/data/processed/200ms_schroeder_master.wav	89.8000	350.000	2635.454	3.729		3.744	-26.43	1119.727	1981.055	89.8000		89.8000	3960180	0	3960180	1550.391	89.9018	0.5152	2285.454		0.2000	0.0929	0.1683	90.0000		200ms_schroeder_master.wav	3969000	/home/m/Dropbox/Projects/acoustic_fine_features_zebra_finch/data/processed/200ms_schroeder_master.wav	3969000	27.118		861.328	430.664	1981.055	2411.719	430.664;430.664;430.664;430.664;430.664;430.664;430.664;430.664;430.664;430.664;430.664;430.664;430.664;430.664;430.664;430.664;430.664;430.664;430.664;430.664;430.664;430.664;430.664;430.664;430.664;430.664;430.664;430.664;430.664;430.664;430.664;430.664;430.664	861.328;861.328;861.328;861.328;861.328;861.328;861.328;861.328;861.328;861.328;861.328;861.328;861.328;861.328;861.328;861.328;861.328;861.328;861.328;861.328;861.328;861.328;861.328;861.328;861.328;861.328;861.328;861.328;861.328;861.328;861.328;861.328;861.328	1550.391;1550.391;1550.391;1550.391;1550.391;1550.391;1550.391;1550.391;1550.391;1550.391;1550.391;1550.391;1550.391;1550.391;1550.391;1550.391;1550.391;1550.391;1550.391;1550.391;1550.391;1550.391;1550.391;1550.391;1550.391;1550.391;1550.391;1550.391;1550.391;1550.391;1550.391;1550.391;1550.391	1981.055;1981.055;1981.055;1981.055;1981.055;1981.055;1981.055;1981.055;1981.055;1981.055;1981.055;1981.055;1981.055;1981.055;1981.055;1981.055;1981.055;1981.055;1981.055;1981.055;1981.055;1981.055;1981.055;1981.055;1981.055;1981.055;1981.055;1981.055;1981.055;1981.055;1981.055;1981.055;1981.055	2411.719;2411.719;2411.719;2411.719;2411.719;2411.719;2411.719;2411.719;2411.719;2411.719;2411.719;2411.719;2411.719;2411.719;2411.719;2411.719;2411.719;2411.719;2411.719;2411.719;2411.719;2411.719;2411.719;2411.719;2411.719;2411.719;2411.719;2411.719;2411.719;2411.719;2411.719;2411.719;2411.719	-12.28	34				4.168	1205.859	89.9077		3.716				1205.859	1205.859;1205.859;1205.859;1205.859;1205.859;1205.859;1205.859;1205.859;1205.859;1205.859;1205.859;1205.859;1205.859;1205.859;1205.859;1205.859;1205.859;1205.859;1205.859;1205.859;1205.859;1205.859;1205.859;1205.859;1205.859;1205.859;1205.859;1205.859;1205.859;1205.859;1205.859;1205.859;1205.859	0.000	1205.859	0.000	1205.859	0.000	0.000	0.000;0.000;0.000;0.000;0.000;0.000;0.000;0.000;0.000;0.000;0.000;0.000;0.000;0.000;0.000;0.000;0.000;0.000;0.000;0.000;0.000;0.000;0.000;0.000;0.000;0.000;0.000;0.000;0.000;0.000;0.000;0.000		-21.29	89.9077	0.5455			29.75	8821	89.8554	0.2727	89.8148	0.0606	89.9483	0.7576	89.9831	0.9394	088_f0-400_ncomp-6_pos.wav_1	f0 400	6_p
90	Spectrogram 1	1	90.800000000	91.000000000	200ms_schroeder_master.wav	/home/m/Dropbox/Projects/acoustic_fine_features_zebra_finch/data/processed/200ms_schroeder_master.wav	90.8000	350.000	3081.874	3.968		4.007	-27.39	1291.992	2411.719	90.8000		90.8000	4004280	0	4004280	1636.523	90.9003	0.5000	2731.874		0.2000	0.0929	0.1683	91.0000		200ms_schroeder_master.wav	4013100	/home/m/Dropbox/Projects/acoustic_fine_features_zebra_finch/data/processed/200ms_schroeder_master.wav	4013100	27.043		1119.727	430.664	2411.719	2842.383	430.664;430.664;430.664;430.664;430.664;430.664;430.664;430.664;430.664;430.664;430.664;430.664;430.664;430.664;430.664;430.664;430.664;430.664;430.664;430.664;430.664;430.664;430.664;430.664;430.664;430.664;430.664;430.664;430.664;430.664;430.664;430.664;430.664;430.664	1119.727;1119.727;1119.727;1119.727;1119.727;1119.727;1119.727;1119.727;1119.727;1119.727;1119.727;1119.727;1119.727;1119.727;1119.727;1119.727;1119.727;1119.727;1119.727;1119.727;1119.727;1119.727;1119.727;1119.727;1119.727;1119.727;1119.727;1119.727;1119.727;1119.727;1119.727;1119.727;1119.727;1119.727	1636.523;1636.523;1636.523;1636.523;1636.523;1636.523;1636.523;1636.523;1636.523;1636.523;1636.523;1636.523;1636.523;1636.523;1636.523;1636.523;1636.523;1636.523;1636.523;1636.523;1636.523;1636.523;1636.523;1636.523;1636.523;1636.523;1636.523;1636.523;1636.523;1636.523;1636.523;1636.523;1636.523;1636.523	2411.719;2411.719;2411.719;2411.719;2411.719;2411.719;2411.719;2411.719;2411.719;2411.719;2411.719;2411.719;2411.719;2411.719;2411.719;2411.719;2411.719;2411.719;2411.719;2411.719;2411.719;2411.719;2411.719;2411.719;2411.719;2411.719;2411.719;2411.719;2411.719;2411.719;2411.719;2411.719;2411.719;2325.586	2842.383;2842.383;2842.383;2842.383;2842.383;2842.383;2842.383;2842.383;2842.383;2842.383;2842.383;2842.383;2842.383;2842.383;2842.383;2842.383;2842.383;2842.383;2842.383;2842.383;2842.383;2842.383;2842.383;2842.383;2842.383;2842.383;2842.383;2842.383;2842.383;2842.383;2842.383;2842.383;2842.383;2842.383	-12.48	35				4.690	1205.859	90.8597		3.956				1205.859	1205.859;2411.719;1205.859;1205.859;2411.719;1205.859;1205.859;1205.859;1205.859;1205.859;1205.859;1205.859;1205.859;1205.859;1205.859;1205.859;1205.859;1205.859;1205.859;1205.859;1205.859;1205.859;1205.859;2411.719;1205.859;1205.859;2411.719;1205.859;1205.859;2411.719;1205.859;1205.859;1205.859;775.195	-2.248	2411.719	207.728	775.195	-207.728	9.000	207.728;-207.728;0.000;207.728;-207.728;0.000;0.000;0.000;0.000;0.000;0.000;0.000;0.000;0.000;0.000;0.000;0.000;0.000;0.000;0.000;0.000;0.000;207.728;-207.728;0.000;207.728;-207.728;0.000;207.728;-207.728;0.000;0.000;-74.189		-22.07	90.8597	0.2941			28.93	8821	90.8539	0.2647	90.8132	0.0588	90.9467	0.7353	90.9816	0.9118	089_f0-400_ncomp-7_neg.wav_1	f0 400	7_n
91	Spectrogram 1	1	91.800000000	92.000000000	200ms_schroeder_master.wav	/home/m/Dropbox/Projects/acoustic_fine_features_zebra_finch/data/processed/200ms_schroeder_master.wav	91.8000	350.000	3081.874	3.968		4.006	-27.39	1291.992	2411.719	91.8000		91.8000	4048380	0	4048380	1636.523	91.8988	0.5000	2731.874		0.2000	0.0929	0.1683	92.0000		200ms_schroeder_master.wav	4057200	/home/m/Dropbox/Projects/acoustic_fine_features_zebra_finch/data/processed/200ms_schroeder_master.wav	4057200	27.043		1119.727	430.664	2411.719	2842.383	430.664;430.664;430.664;430.664;430.664;430.664;430.664;430.664;430.664;430.664;430.664;430.664;430.664;430.664;430.664;430.664;430.664;430.664;430.664;430.664;430.664;430.664;430.664;430.664;430.664;430.664;430.664;430.664;430.664;430.664;430.664;430.664;430.664;430.664	1119.727;1119.727;1119.727;1119.727;1119.727;1119.727;1119.727;1119.727;1119.727;1119.727;1119.727;1119.727;1119.727;1119.727;1119.727;1119.727;1119.727;1119.727;1119.727;1119.727;1119.727;1119.727;1119.727;1119.727;1119.727;1119.727;1119.727;1119.727;1119.727;1119.727;1119.727;1119.727;1119.727;1119.727	1636.523;1636.523;1636.523;1636.523;1636.523;1636.523;1636.523;1636.523;1636.523;1636.523;1636.523;1636.523;1636.523;1636.523;1636.523;1636.523;1636.523;1636.523;1636.523;1636.523;1636.523;1636.523;1636.523;1636.523;1636.523;1636.523;1636.523;1636.523;1636.523;1636.523;1636.523;1636.523;1636.523;1636.523	2411.719;2411.719;2411.719;2411.719;2411.719;2411.719;2411.719;2411.719;2411.719;2411.719;2411.719;2411.719;2411.719;2411.719;2411.719;2411.719;2411.719;2411.719;2411.719;2411.719;2411.719;2411.719;2411.719;2411.719;2411.719;2411.719;2411.719;2411.719;2411.719;2411.719;2411.719;2411.719;2411.719;2411.719	2842.383;2842.383;2842.383;2842.383;2842.383;2842.383;2842.383;2842.383;2842.383;2842.383;2842.383;2842.383;2842.383;2842.383;2842.383;2842.383;2842.383;2842.383;2842.383;2842.383;2842.383;2842.383;2842.383;2842.383;2842.383;2842.383;2842.383;2842.383;2842.383;2842.383;2842.383;2842.383;2842.383;2842.383	-12.48	35				4.753	1205.859	91.9278		3.956				1205.859	1205.859;1205.859;1205.859;1205.859;2411.719;1205.859;1205.859;2411.719;1205.859;1205.859;2411.719;1205.859;1205.859;1205.859;1205.859;1205.859;1205.859;1205.859;1205.859;1205.859;1205.859;1205.859;1205.859;1205.859;1205.859;1205.859;1205.859;1205.859;1205.859;2411.719;1205.859;1205.859;2411.719;1981.055	4.047	2411.719	207.728	1205.859	-207.728	9.000	0.000;0.000;0.000;207.728;-207.728;0.000;207.728;-207.728;0.000;207.728;-207.728;0.000;0.000;0.000;0.000;0.000;0.000;0.000;0.000;0.000;0.000;0.000;0.000;0.000;0.000;0.000;0.000;0.000;207.728;-207.728;0.000;207.728;-74.189		-22.07	91.9278	0.6471			29.16	8821	91.8523	0.2647	91.8175	0.0882	91.9452	0.7353	91.9858	0.9412	090_f0-400_ncomp-7_pos.wav_1	f0 400	7_p
92	Spectrogram 1	1	92.800000000	93.000000000	200ms_schroeder_master.wav	/home/m/Dropbox/Projects/acoustic_fine_features_zebra_finch/data/processed/200ms_schroeder_master.wav	92.8000	350.000	3439.010	4.173		4.187	-26.94	1550.391	2756.250	92.8000		92.8000	4092480	0	4092480	1981.055	92.8972	0.4848	3089.010		0.2000	0.0987	0.1683	93.0000		200ms_schroeder_master.wav	4101300	/home/m/Dropbox/Projects/acoustic_fine_features_zebra_finch/data/processed/200ms_schroeder_master.wav	4101300	27.901		1205.859	430.664	2756.250	3186.914	430.664;430.664;430.664;430.664;430.664;430.664;430.664;430.664;430.664;430.664;430.664;430.664;430.664;430.664;430.664;430.664;430.664;430.664;430.664;430.664;430.664;430.664;430.664;430.664;430.664;430.664;430.664;430.664;430.664;430.664;430.664;430.664;430.664	1205.859;1205.859;1205.859;1205.859;1205.859;1205.859;1205.859;1205.859;1205.859;1205.859;1205.859;1205.859;1205.859;1205.859;1205.859;1205.859;1205.859;1205.859;1205.859;1205.859;1205.859;1205.859;1205.859;1205.859;1205.859;1205.859;1205.859;1205.859;1205.859;1205.859;1205.859;1205.859;1205.859	1981.055;1981.055;1981.055;1981.055;1981.055;1981.055;1981.055;1981.055;1981.055;1981.055;1981.055;1981.055;1981.055;1981.055;1981.055;1981.055;1981.055;1981.055;1981.055;1981.055;1981.055;1981.055;1981.055;1981.055;1981.055;1981.055;1981.055;1981.055;1981.055;1981.055;1981.055;1981.055;1981.055	2756.250;2756.250;2756.250;2756.250;2756.250;2756.250;2756.250;2756.250;2756.250;2756.250;2756.250;2756.250;2756.250;2756.250;2756.250;2756.250;2756.250;2756.250;2756.250;2756.250;2756.250;2756.250;2756.250;2756.250;2756.250;2756.250;2756.250;2756.250;2756.250;2756.250;2756.250;2756.250;2756.250	3186.914;3186.914;3186.914;3186.914;3186.914;3186.914;3186.914;3186.914;3186.914;3186.914;3186.914;3186.914;3186.914;3186.914;3186.914;3186.914;3186.914;3186.914;3186.914;3186.914;3186.914;3186.914;3186.914;3186.914;3186.914;3186.914;3186.914;3186.914;3186.914;3186.914;3186.914;3186.914;3186.914	-11.50	34				4.530	1205.859	92.9321		4.162				1205.859	1205.859;1205.859;1205.859;1205.859;1205.859;1205.859;1205.859;2411.719;1205.859;1205.859;2411.719;1205.859;1205.859;2411.719;1205.859;1205.859;2411.719;1205.859;1205.859;1205.859;1205.859;1205.859;1205.859;1205.859;1205.859;1205.859;1205.859;1205.859;1205.859;1205.859;1205.859;1205.859;2411.719	6.492	2411.719	207.728	1205.859	-207.728	8.000	0.000;0.000;0.000;0.000;0.000;0.000;207.728;-207.728;0.000;207.728;-207.728;0.000;207.728;-207.728;0.000;207.728;-207.728;0.000;0.000;0.000;0.000;0.000;0.000;0.000;0.000;0.000;0.000;0.000;0.000;0.000;0.000;207.728		-21.82	92.9321	0.6667			28.72	8821	92.8508	0.2424	92.8160	0.0606	92.9495	0.7576	92.9843	0.9394	091_f0-400_ncomp-8_neg.wav_1	f0 400	8_n
93	Spectrogram 1	1	93.800000000	94.000000000	200ms_schroeder_master.wav	/home/m/Dropbox/Projects/acoustic_fine_features_zebra_finch/data/processed/200ms_schroeder_master.wav	93.8000	350.000	3439.010	4.173		4.188	-26.94	1550.391	2756.250	93.8000		93.8000	4136580	0	4136580	1981.055	93.9015	0.5152	3089.010		0.2000	0.0929	0.1683	94.0000		200ms_schroeder_master.wav	4145400	/home/m/Dropbox/Projects/acoustic_fine_features_zebra_finch/data/processed/200ms_schroeder_master.wav	4145400	27.901		1205.859	430.664	2756.250	3186.914	430.664;430.664;430.664;430.664;430.664;430.664;430.664;430.664;430.664;430.664;430.664;430.664;430.664;430.664;430.664;430.664;430.664;430.664;430.664;430.664;430.664;430.664;430.664;430.664;430.664;430.664;430.664;430.664;430.664;430.664;430.664;430.664;430.664	1205.859;1205.859;1205.859;1205.859;1205.859;1205.859;1205.859;1205.859;1205.859;1205.859;1205.859;1205.859;1205.859;1205.859;1205.859;1205.859;1205.859;1205.859;1205.859;1205.859;1205.859;1205.859;1205.859;1205.859;1205.859;1205.859;1205.859;1205.859;1205.859;1205.859;1205.859;1205.859;1205.859	1981.055;1981.055;1981.055;1981.055;1981.055;1981.055;1981.055;1981.055;1981.055;1981.055;1981.055;1981.055;1981.055;1981.055;1981.055;1981.055;1981.055;1981.055;1981.055;1981.055;1981.055;1981.055;1981.055;1981.055;1981.055;1981.055;1981.055;1981.055;1981.055;1981.055;1981.055;1981.055;1981.055	2756.250;2756.250;2756.250;2756.250;2756.250;2756.250;2756.250;2756.250;2756.250;2756.250;2756.250;2756.250;2756.250;2756.250;2756.250;2756.250;2756.250;2756.250;2756.250;2756.250;2756.250;2756.250;2756.250;2756.250;2756.250;2756.250;2756.250;2756.250;2756.250;2756.250;2756.250;2756.250;2756.250	3186.914;3186.914;3186.914;3186.914;3186.914;3186.914;3186.914;3186.914;3186.914;3186.914;3186.914;3186.914;3186.914;3186.914;3186.914;3186.914;3186.914;3186.914;3186.914;3186.914;3186.914;3186.914;3186.914;3186.914;3186.914;3186.914;3186.914;3186.914;3186.914;3186.914;3186.914;3186.914;3186.914	-11.50	34				4.646	1205.859	93.9479		4.162				1205.859	1205.859;2411.719;1205.859;1205.859;2411.719;1205.859;1205.859;2411.719;1205.859;1205.859;2411.719;1205.859;1205.859;1205.859;1205.859;1205.859;1205.859;1205.859;1205.859;1205.859;1205.859;1205.859;1205.859;1205.859;1205.859;1205.859;1205.859;1205.859;1205.859;2411.719;1205.859;1205.859;2411.719	6.492	2411.719	207.728	1205.859	-207.728	10.000	207.728;-207.728;0.000;207.728;-207.728;0.000;207.728;-207.728;0.000;207.728;-207.728;0.000;0.000;0.000;0.000;0.000;0.000;0.000;0.000;0.000;0.000;0.000;0.000;0.000;0.000;0.000;0.000;0.000;207.728;-207.728;0.000;207.728		-21.82	93.9479	0.7576			28.65	8821	93.8550	0.2727	93.8144	0.0606	93.9479	0.7576	93.9828	0.9394	092_f0-400_ncomp-8_pos.wav_1	f0 400	8_p
94	Spectrogram 1	1	94.800000000	95.000000000	200ms_schroeder_master.wav	/home/m/Dropbox/Projects/acoustic_fine_features_zebra_finch/data/processed/200ms_schroeder_master.wav	94.8000	350.000	3885.430	4.353		4.392	-28.13	1636.523	3186.914	94.8000		94.8000	4180680	0	4180680	1981.055	94.8999	0.5000	3535.430		0.2000	0.0929	0.1741	95.0000		200ms_schroeder_master.wav	4189500	/home/m/Dropbox/Projects/acoustic_fine_features_zebra_finch/data/processed/200ms_schroeder_master.wav	4189500	27.518		1205.859	430.664	2842.383	3617.578	430.664;430.664;430.664;430.664;430.664;430.664;430.664;430.664;430.664;430.664;430.664;430.664;430.664;430.664;430.664;430.664;430.664;430.664;430.664;430.664;430.664;430.664;430.664;430.664;430.664;430.664;430.664;430.664;430.664;430.664;430.664;430.664;430.664;516.797	1205.859;1205.859;1205.859;1205.859;1205.859;1205.859;1205.859;1205.859;1205.859;1205.859;1205.859;1205.859;1205.859;1205.859;1205.859;1205.859;1205.859;1205.859;1205.859;1205.859;1205.859;1205.859;1205.859;1205.859;1205.859;1205.859;1205.859;1205.859;1205.859;1205.859;1205.859;1205.859;1205.859;1205.859	2067.188;2067.188;1981.055;1981.055;1981.055;1981.055;1981.055;1981.055;1981.055;1981.055;1981.055;1981.055;1981.055;1981.055;1981.055;1981.055;1981.055;1981.055;1981.055;1981.055;1981.055;1981.055;1981.055;1981.055;1981.055;1981.055;1981.055;1981.055;1981.055;1981.055;1981.055;1981.055;2067.188;2067.188	2842.383;2842.383;2842.383;2842.383;2842.383;2842.383;2842.383;2842.383;2842.383;2842.383;2842.383;2842.383;2842.383;2842.383;2842.383;2842.383;2842.383;2842.383;2842.383;2842.383;2842.383;2842.383;2842.383;2842.383;2842.383;2842.383;2842.383;2842.383;2842.383;2842.383;2842.383;2842.383;2842.383;2842.383	3617.578;3617.578;3617.578;3617.578;3617.578;3617.578;3617.578;3617.578;3617.578;3617.578;3617.578;3617.578;3617.578;3617.578;3617.578;3617.578;3617.578;3617.578;3617.578;3617.578;3617.578;3617.578;3617.578;3617.578;3617.578;3617.578;3617.578;3617.578;3617.578;3617.578;3617.578;3617.578;3617.578;3617.578	-12.01	35				5.032	1205.859	94.8419		4.341				1205.859	1205.859;2411.719;1205.859;1205.859;1205.859;1205.859;1205.859;1205.859;1205.859;1205.859;1205.859;1205.859;1205.859;1205.859;1205.859;1205.859;1205.859;1205.859;1205.859;1205.859;1205.859;1205.859;1205.859;2411.719;1205.859;1205.859;2411.719;1205.859;1205.859;2411.719;1205.859;1205.859;1205.859;3186.914	10.341	3186.914	341.268	1205.859	-207.728	8.000	207.728;-207.728;0.000;0.000;0.000;0.000;0.000;0.000;0.000;0.000;0.000;0.000;0.000;0.000;0.000;0.000;0.000;0.000;0.000;0.000;0.000;0.000;207.728;-207.728;0.000;207.728;-207.728;0.000;207.728;-207.728;0.000;0.000;341.268		-22.74	94.8419	0.2059			29.70	8821	94.8535	0.2647	94.8129	0.0588	94.9464	0.7353	94.9870	0.9412	093_f0-400_ncomp-9_neg.wav_1	f0 400	9_n
95	Spectrogram 1	1	95.800000000	96.000000000	200ms_schroeder_master.wav	/home/m/Dropbox/Projects/acoustic_fine_features_zebra_finch/data/processed/200ms_schroeder_master.wav	95.8000	350.000	3885.430	4.353		4.368	-28.01	1636.523	3186.914	95.8000		95.8000	4224780	0	4224780	1981.055	95.8984	0.4848	3535.430		0.2000	0.0929	0.1683	96.0000		200ms_schroeder_master.wav	4233600	/home/m/Dropbox/Projects/acoustic_fine_features_zebra_finch/data/processed/200ms_schroeder_master.wav	4233600	27.517		1205.859	430.664	2842.383	3617.578	430.664;430.664;430.664;430.664;430.664;430.664;430.664;430.664;430.664;430.664;430.664;430.664;430.664;430.664;430.664;430.664;430.664;430.664;430.664;430.664;430.664;430.664;430.664;430.664;430.664;430.664;430.664;430.664;430.664;430.664;430.664;430.664;430.664	1205.859;1205.859;1205.859;1205.859;1205.859;1205.859;1205.859;1205.859;1205.859;1205.859;1205.859;1205.859;1205.859;1205.859;1205.859;1205.859;1205.859;1205.859;1205.859;1205.859;1205.859;1205.859;1205.859;1205.859;1205.859;1205.859;1205.859;1205.859;1205.859;1205.859;1205.859;1205.859;1205.859	2067.188;1981.055;1981.055;1981.055;1981.055;1981.055;1981.055;1981.055;1981.055;1981.055;1981.055;1981.055;1981.055;1981.055;1981.055;1981.055;1981.055;1981.055;1981.055;1981.055;1981.055;1981.055;1981.055;1981.055;1981.055;1981.055;1981.055;1981.055;1981.055;1981.055;1981.055;2067.188;2067.188	2842.383;2842.383;2842.383;2842.383;2842.383;2842.383;2842.383;2842.383;2842.383;2842.383;2842.383;2842.383;2842.383;2842.383;2842.383;2842.383;2842.383;2842.383;2842.383;2842.383;2842.383;2842.383;2842.383;2842.383;2842.383;2842.383;2842.383;2842.383;2842.383;2842.383;2842.383;2842.383;2842.383	3617.578;3617.578;3617.578;3617.578;3617.578;3617.578;3617.578;3617.578;3617.578;3617.578;3617.578;3617.578;3617.578;3617.578;3617.578;3617.578;3617.578;3617.578;3617.578;3617.578;3617.578;3617.578;3617.578;3617.578;3617.578;3617.578;3617.578;3617.578;3617.578;3617.578;3617.578;3617.578;3617.578	-11.88	34				4.820	1205.859	95.9855		4.341				1205.859	1205.859;1205.859;1205.859;1205.859;2411.719;1205.859;1205.859;2411.719;1205.859;1205.859;2411.719;1205.859;1205.859;1205.859;1205.859;1205.859;1205.859;1205.859;1205.859;1205.859;1205.859;1205.859;1205.859;1205.859;1205.859;1205.859;1205.859;1205.859;1205.859;1205.859;1205.859;1205.859;3186.914	10.665	3186.914	341.268	1205.859	-207.728	6.000	0.000;0.000;0.000;207.728;-207.728;0.000;207.728;-207.728;0.000;207.728;-207.728;0.000;0.000;0.000;0.000;0.000;0.000;0.000;0.000;0.000;0.000;0.000;0.000;0.000;0.000;0.000;0.000;0.000;0.000;0.000;0.000;341.268		-22.74	95.9855	0.9394			29.80	8821	95.8520	0.2424	95.8171	0.0606	95.9448	0.7273	95.9855	0.9394	094_f0-400_ncomp-9_pos.wav_1	f0 400	9_p
96	Spectrogram 1	1	96.800000000	97.000000000	200ms_schroeder_master.wav	/home/m/Dropbox/Projects/acoustic_fine_features_zebra_finch/data/processed/200ms_schroeder_master.wav	96.8000	350.000	4331.850	4.512		4.527	-28.69	1981.055	3531.445	96.8000		96.8000	4268880	0	4268880	2325.586	96.9027	0.5152	3981.850		0.2000	0.0987	0.1683	97.0000		200ms_schroeder_master.wav	4277700	/home/m/Dropbox/Projects/acoustic_fine_features_zebra_finch/data/processed/200ms_schroeder_master.wav	4277700	27.335		1205.859	430.664	3186.914	3962.109	430.664;430.664;430.664;430.664;430.664;430.664;430.664;430.664;430.664;430.664;430.664;430.664;430.664;430.664;430.664;430.664;430.664;430.664;430.664;430.664;430.664;430.664;430.664;430.664;430.664;430.664;430.664;430.664;430.664;430.664;430.664;430.664;516.797	1205.859;1205.859;1205.859;1205.859;1205.859;1205.859;1205.859;1205.859;1205.859;1205.859;1205.859;1205.859;1205.859;1205.859;1205.859;1205.859;1205.859;1205.859;1205.859;1205.859;1205.859;1205.859;1205.859;1205.859;1205.859;1205.859;1205.859;1205.859;1205.859;1205.859;1205.859;1205.859;1291.992	2325.586;2325.586;2325.586;2325.586;2325.586;2325.586;2325.586;2325.586;2325.586;2325.586;2325.586;2325.586;2325.586;2325.586;2325.586;2325.586;2325.586;2325.586;2325.586;2325.586;2325.586;2325.586;2325.586;2325.586;2325.586;2325.586;2325.586;2325.586;2325.586;2325.586;2325.586;2325.586;2325.586	3186.914;3186.914;3186.914;3186.914;3186.914;3186.914;3186.914;3186.914;3186.914;3186.914;3186.914;3186.914;3186.914;3186.914;3186.914;3186.914;3186.914;3186.914;3186.914;3186.914;3186.914;3186.914;3186.914;3186.914;3186.914;3186.914;3186.914;3186.914;3186.914;3186.914;3186.914;3186.914;3186.914	3962.109;3962.109;3962.109;3962.109;3962.109;3962.109;3962.109;3962.109;3962.109;3962.109;3962.109;3962.109;3962.109;3962.109;3962.109;3962.109;3962.109;3962.109;3962.109;3962.109;3962.109;3962.109;3962.109;3962.109;3962.109;3962.109;3962.109;3962.109;3962.109;3962.109;3962.109;3962.109;3962.109	-12.06	34				4.876	1205.859	96.8969		4.501				1205.859	1205.859;1205.859;1205.859;1205.859;1205.859;1205.859;1205.859;1205.859;1205.859;1205.859;1205.859;1205.859;1205.859;1205.859;1205.859;1205.859;1205.859;1205.859;1205.859;1205.859;1205.859;1205.859;1205.859;1205.859;1205.859;1205.859;1205.859;1205.859;1205.859;1205.859;1205.859;1205.859;2411.719	6.492	2411.719	207.728	1205.859	0.000	0.000	0.000;0.000;0.000;0.000;0.000;0.000;0.000;0.000;0.000;0.000;0.000;0.000;0.000;0.000;0.000;0.000;0.000;0.000;0.000;0.000;0.000;0.000;0.000;0.000;0.000;0.000;0.000;0.000;0.000;0.000;0.000;207.728		-23.40	96.8969	0.4848			29.29	8821	96.8504	0.2424	96.8156	0.0606	96.9491	0.7576	96.9839	0.9394	095_f0-400_ncomp-10_neg.wav_1	f0 400	10_n
97	Spectrogram 1	1	97.800000000	98.000000000	200ms_schroeder_master.wav	/home/m/Dropbox/Projects/acoustic_fine_features_zebra_finch/data/processed/200ms_schroeder_master.wav	97.8000	350.000	4331.850	4.512		4.550	-28.82	1981.055	3531.445	97.8000		97.8000	4312980	0	4312980	2325.586	97.9011	0.5000	3981.850		0.2000	0.0929	0.1683	98.0000		200ms_schroeder_master.wav	4321800	/home/m/Dropbox/Projects/acoustic_fine_features_zebra_finch/data/processed/200ms_schroeder_master.wav	4321800	27.335		1205.859	430.664	3186.914	3962.109	430.664;430.664;430.664;430.664;430.664;430.664;430.664;430.664;430.664;430.664;430.664;430.664;430.664;430.664;430.664;430.664;430.664;430.664;430.664;430.664;430.664;430.664;430.664;430.664;430.664;430.664;430.664;430.664;430.664;430.664;430.664;430.664;430.664;516.797	1205.859;1205.859;1205.859;1205.859;1205.859;1205.859;1205.859;1205.859;1205.859;1205.859;1205.859;1205.859;1205.859;1205.859;1205.859;1205.859;1205.859;1205.859;1205.859;1205.859;1205.859;1205.859;1205.859;1205.859;1205.859;1205.859;1205.859;1205.859;1205.859;1205.859;1205.859;1205.859;1205.859;1291.992	2325.586;2325.586;2325.586;2325.586;2325.586;2325.586;2325.586;2325.586;2325.586;2325.586;2325.586;2325.586;2325.586;2325.586;2325.586;2325.586;2325.586;2325.586;2325.586;2325.586;2325.586;2325.586;2325.586;2325.586;2325.586;2325.586;2325.586;2325.586;2325.586;2325.586;2325.586;2325.586;2325.586;2153.320	3186.914;3186.914;3186.914;3186.914;3186.914;3186.914;3186.914;3186.914;3186.914;3186.914;3186.914;3186.914;3186.914;3186.914;3186.914;3186.914;3186.914;3186.914;3186.914;3186.914;3186.914;3186.914;3186.914;3186.914;3186.914;3186.914;3186.914;3186.914;3186.914;3186.914;3186.914;3186.914;3186.914;3186.914	3962.109;3962.109;3962.109;3962.109;3962.109;3962.109;3962.109;3962.109;3962.109;3962.109;3962.109;3962.109;3962.109;3962.109;3962.109;3962.109;3962.109;3962.109;3962.109;3962.109;3962.109;3962.109;3962.109;3962.109;3962.109;3962.109;3962.109;3962.109;3962.109;3962.109;3962.109;3962.109;3962.109;4048.242	-12.19	35				5.291	1205.859	97.8431		4.501				1205.859	1205.859;1205.859;1205.859;1205.859;1205.859;1205.859;1205.859;1205.859;1205.859;1205.859;1205.859;1205.859;1205.859;1205.859;1205.859;1205.859;1205.859;1205.859;1205.859;1205.859;1205.859;1205.859;1205.859;1205.859;1205.859;1205.859;1205.859;1205.859;1205.859;1205.859;1205.859;1205.859;1205.859;3186.914	10.341	3186.914	341.268	1205.859	0.000	0.000	0.000;0.000;0.000;0.000;0.000;0.000;0.000;0.000;0.000;0.000;0.000;0.000;0.000;0.000;0.000;0.000;0.000;0.000;0.000;0.000;0.000;0.000;0.000;0.000;0.000;0.000;0.000;0.000;0.000;0.000;0.000;0.000;341.268		-23.40	97.8431	0.2059			29.28	8821	97.8547	0.2647	97.8140	0.0588	97.9476	0.7353	97.9824	0.9118	096_f0-400_ncomp-10_pos.wav_1	f0 400	10_p
98	Spectrogram 1	1	98.800000000	99.000000000	200ms_schroeder_master.wav	/home/m/Dropbox/Projects/acoustic_fine_features_zebra_finch/data/processed/200ms_schroeder_master.wav	98.8000	350.000	4688.986	4.656		4.695	-28.78	2067.188	3962.109	98.8000		98.8000	4357080	0	4357080	2411.719	98.8996	0.5000	4338.986		0.2000	0.0929	0.1683	99.0000		200ms_schroeder_master.wav	4365900	/home/m/Dropbox/Projects/acoustic_fine_features_zebra_finch/data/processed/200ms_schroeder_master.wav	4365900	27.729		1550.391	430.664	3617.578	4392.773	516.797;430.664;430.664;430.664;430.664;430.664;430.664;430.664;430.664;430.664;430.664;430.664;430.664;430.664;430.664;430.664;430.664;430.664;430.664;430.664;430.664;430.664;430.664;430.664;430.664;430.664;430.664;430.664;430.664;430.664;430.664;430.664;516.797;516.797	1550.391;1550.391;1550.391;1550.391;1550.391;1550.391;1550.391;1550.391;1550.391;1550.391;1550.391;1550.391;1550.391;1550.391;1550.391;1550.391;1550.391;1550.391;1550.391;1550.391;1550.391;1550.391;1550.391;1550.391;1550.391;1550.391;1550.391;1550.391;1550.391;1550.391;1550.391;1550.391;1550.391;1464.258	2411.719;2411.719;2411.719;2411.719;2411.719;2411.719;2411.719;2411.719;2411.719;2411.719;2411.719;2411.719;2411.719;2411.719;2411.719;2411.719;2411.719;2411.719;2411.719;2411.719;2411.719;2411.719;2411.719;2411.719;2411.719;2411.719;2411.719;2411.719;2411.719;2411.719;2411.719;2411.719;2411.719;2411.719	3617.578;3617.578;3617.578;3617.578;3617.578;3617.578;3617.578;3617.578;3617.578;3617.578;3617.578;3617.578;3617.578;3617.578;3617.578;3617.578;3617.578;3617.578;3617.578;3617.578;3617.578;3617.578;3617.578;3617.578;3617.578;3617.578;3617.578;3617.578;3617.578;3617.578;3617.578;3617.578;3617.578;3531.445	4392.773;4392.773;4392.773;4392.773;4392.773;4392.773;4392.773;4392.773;4392.773;4392.773;4392.773;4392.773;4392.773;4392.773;4392.773;4392.773;4392.773;4392.773;4392.773;4392.773;4392.773;4392.773;4392.773;4392.773;4392.773;4392.773;4392.773;4392.773;4392.773;4392.773;4392.773;4392.773;4392.773;4392.773	-11.79	35				5.376	1205.859	98.9518		4.646				1205.859	1205.859;1205.859;4392.773;1205.859;1205.859;4392.773;1205.859;1205.859;4392.773;1205.859;1205.859;4392.773;1205.859;1205.859;4392.773;1205.859;1205.859;4392.773;4392.773;1205.859;4392.773;4392.773;1205.859;4392.773;4392.773;1205.859;1205.859;4392.773;1205.859;1205.859;4392.773;1205.859;1205.859;3617.578	12.590	4392.773	548.996	1205.859	-548.996	20.000	0.000;548.996;-548.996;0.000;548.996;-548.996;0.000;548.996;-548.996;0.000;548.996;-548.996;0.000;548.996;-548.996;0.000;548.996;0.000;-548.996;548.996;0.000;-548.996;548.996;0.000;-548.996;0.000;548.996;-548.996;0.000;548.996;-548.996;0.000;415.456		-23.44	98.9518	0.7647			29.15	8821	98.8531	0.2647	98.8183	0.0882	98.9460	0.7353	98.9867	0.9412	097_f0-400_ncomp-11_neg.wav_1	f0 400	11_n
99	Spectrogram 1	1	99.800000000	100.000000000	200ms_schroeder_master.wav	/home/m/Dropbox/Projects/acoustic_fine_features_zebra_finch/data/processed/200ms_schroeder_master.wav	99.8000	350.000	4688.986	4.656		4.671	-28.66	2067.188	3962.109	99.8000		99.8000	4401180	0	4401180	2411.719	99.8980	0.4848	4338.986		0.2000	0.0929	0.1683	100.0000		200ms_schroeder_master.wav	4410000	/home/m/Dropbox/Projects/acoustic_fine_features_zebra_finch/data/processed/200ms_schroeder_master.wav	4410000	27.728		1550.391	430.664	3617.578	4392.773	430.664;430.664;430.664;430.664;430.664;430.664;430.664;430.664;430.664;430.664;430.664;430.664;430.664;430.664;430.664;430.664;430.664;430.664;430.664;430.664;430.664;430.664;430.664;430.664;430.664;430.664;430.664;430.664;430.664;430.664;430.664;430.664;516.797	1550.391;1550.391;1550.391;1550.391;1550.391;1550.391;1550.391;1550.391;1550.391;1550.391;1550.391;1550.391;1550.391;1550.391;1550.391;1550.391;1550.391;1550.391;1550.391;1550.391;1550.391;1550.391;1550.391;1550.391;1550.391;1550.391;1550.391;1550.391;1550.391;1550.391;1550.391;1550.391;1464.258	2411.719;2411.719;2411.719;2411.719;2411.719;2411.719;2411.719;2411.719;2411.719;2411.719;2411.719;2411.719;2411.719;2411.719;2411.719;2411.719;2411.719;2411.719;2411.719;2411.719;2411.719;2411.719;2411.719;2411.719;2411.719;2411.719;2411.719;2411.719;2411.719;2411.719;2411.719;2411.719;2411.719	3617.578;3617.578;3617.578;3617.578;3617.578;3617.578;3617.578;3617.578;3617.578;3617.578;3617.578;3617.578;3617.578;3617.578;3617.578;3617.578;3617.578;3617.578;3617.578;3617.578;3617.578;3617.578;3617.578;3617.578;3617.578;3617.578;3617.578;3617.578;3617.578;3617.578;3617.578;3617.578;3531.445	4392.773;4392.773;4392.773;4392.773;4392.773;4392.773;4392.773;4392.773;4392.773;4392.773;4392.773;4392.773;4392.773;4392.773;4392.773;4392.773;4392.773;4392.773;4392.773;4392.773;4392.773;4392.773;4392.773;4392.773;4392.773;4392.773;4392.773;4392.773;4392.773;4392.773;4392.773;4392.773;4392.773	-11.67	34				5.089	1205.859	99.8806		4.646				1205.859	1205.859;4392.773;4392.773;1205.859;1205.859;4392.773;1205.859;4392.773;1205.859;1205.859;4392.773;1205.859;1205.859;4392.773;4392.773;1205.859;4392.773;4392.773;1205.859;4392.773;4392.773;1205.859;4392.773;4392.773;1205.859;1205.859;4392.773;1205.859;1205.859;4392.773;1205.859;1205.859;4392.773	17.156	4392.773	548.996	1205.859	-548.996	20.000	548.996;0.000;-548.996;0.000;548.996;-548.996;548.996;-548.996;0.000;548.996;-548.996;0.000;548.996;0.000;-548.996;548.996;0.000;-548.996;548.996;0.000;-548.996;548.996;0.000;-548.996;0.000;548.996;-548.996;0.000;548.996;-548.996;0.000;548.996		-23.44	99.8806	0.3939			29.19	8821	99.8516	0.2424	99.8168	0.0606	99.9445	0.7273	99.9851	0.9394	098_f0-400_ncomp-11_pos.wav_1	f0 400	11_p
100	Spectrogram 1	1	100.800000000	101.000000000	200ms_schroeder_master.wav	/home/m/Dropbox/Projects/acoustic_fine_features_zebra_finch/data/processed/200ms_schroeder_master.wav	100.8000	350.000	5135.406	4.787		4.802	-29.03	2411.719	4306.641	100.8000		100.8000	4445280	0	4445280	2756.250	100.9023	0.5152	4785.406		0.2000	0.0929	0.1683	101.0000		200ms_schroeder_master.wav	4454100	/home/m/Dropbox/Projects/acoustic_fine_features_zebra_finch/data/processed/200ms_schroeder_master.wav	4454100	27.774		1550.391	516.797	3962.109	4823.438	516.797;516.797;516.797;516.797;516.797;516.797;516.797;516.797;516.797;516.797;516.797;516.797;516.797;516.797;516.797;516.797;516.797;516.797;516.797;516.797;516.797;516.797;516.797;516.797;516.797;516.797;516.797;516.797;516.797;516.797;516.797;516.797;516.797	1550.391;1550.391;1550.391;1550.391;1550.391;1550.391;1550.391;1550.391;1550.391;1550.391;1550.391;1550.391;1550.391;1550.391;1550.391;1550.391;1550.391;1550.391;1550.391;1550.391;1550.391;1550.391;1550.391;1550.391;1550.391;1550.391;1550.391;1550.391;1550.391;1550.391;1550.391;1550.391;1550.391	2756.250;2756.250;2756.250;2756.250;2756.250;2756.250;2756.250;2756.250;2756.250;2756.250;2756.250;2756.250;2756.250;2756.250;2756.250;2756.250;2756.250;2756.250;2756.250;2756.250;2756.250;2756.250;2756.250;2756.250;2756.250;2756.250;2756.250;2756.250;2756.250;2756.250;2756.250;2756.250;2756.250	3962.109;3962.109;3962.109;3962.109;3962.109;3962.109;3962.109;3962.109;3962.109;3962.109;3962.109;3962.109;3962.109;3962.109;3962.109;3962.109;3962.109;3962.109;3962.109;3962.109;3962.109;3962.109;3962.109;3962.109;3962.109;3962.109;3962.109;3962.109;3962.109;3962.109;3962.109;3962.109;3962.109	4823.438;4823.438;4823.438;4823.438;4823.438;4823.438;4823.438;4823.438;4823.438;4823.438;4823.438;4823.438;4823.438;4823.438;4823.438;4823.438;4823.438;4823.438;4823.438;4823.438;4823.438;4823.438;4823.438;4823.438;4823.438;4823.438;4823.438;4823.438;4823.438;4823.438;4823.438;4823.438;4823.438	-11.62	34				5.184	1205.859	100.8443		4.775				1205.859	1205.859;4392.773;4392.773;1205.859;1205.859;4392.773;1205.859;1205.859;4392.773;1205.859;1205.859;4392.773;1205.859;1205.859;4392.773;1205.859;1205.859;4392.773;1205.859;1205.859;4392.773;1205.859;1205.859;4392.773;4392.773;1205.859;4392.773;4392.773;1205.859;4392.773;4392.773;1205.859;2411.719	6.492	4392.773	548.996	1205.859	-548.996	20.000	548.996;0.000;-548.996;0.000;548.996;-548.996;0.000;548.996;-548.996;0.000;548.996;-548.996;0.000;548.996;-548.996;0.000;548.996;-548.996;0.000;548.996;-548.996;0.000;548.996;0.000;-548.996;548.996;0.000;-548.996;548.996;0.000;-548.996;207.728		-23.78	100.8443	0.2121			29.54	8821	100.8559	0.2727	100.8152	0.0606	100.9487	0.7576	100.9836	0.9394	099_f0-400_ncomp-12_neg.wav_1	f0 400	12_n
101	Spectrogram 1	1	101.800000000	102.000000000	200ms_schroeder_master.wav	/home/m/Dropbox/Projects/acoustic_fine_features_zebra_finch/data/processed/200ms_schroeder_master.wav	101.8000	350.000	5135.406	4.787		4.825	-29.15	2411.719	4306.641	101.8000		101.8000	4489380	0	4489380	2756.250	101.9008	0.5000	4785.406		0.2000	0.0929	0.1683	102.0000		200ms_schroeder_master.wav	4498200	/home/m/Dropbox/Projects/acoustic_fine_features_zebra_finch/data/processed/200ms_schroeder_master.wav	4498200	27.774		1550.391	516.797	3962.109	4823.438	516.797;516.797;516.797;516.797;516.797;516.797;516.797;516.797;516.797;516.797;516.797;516.797;516.797;516.797;516.797;516.797;516.797;516.797;516.797;516.797;516.797;516.797;516.797;516.797;516.797;516.797;516.797;516.797;516.797;516.797;516.797;516.797;516.797;689.062	1550.391;1550.391;1550.391;1550.391;1550.391;1550.391;1550.391;1550.391;1550.391;1550.391;1550.391;1550.391;1550.391;1550.391;1550.391;1550.391;1550.391;1550.391;1550.391;1550.391;1550.391;1550.391;1550.391;1550.391;1550.391;1550.391;1550.391;1550.391;1550.391;1550.391;1550.391;1550.391;1550.391;1550.391	2756.250;2756.250;2756.250;2756.250;2756.250;2756.250;2756.250;2756.250;2756.250;2756.250;2756.250;2756.250;2756.250;2756.250;2756.250;2756.250;2756.250;2756.250;2756.250;2756.250;2756.250;2756.250;2756.250;2756.250;2756.250;2756.250;2756.250;2756.250;2756.250;2756.250;2756.250;2756.250;2756.250;2670.117	3962.109;3962.109;3962.109;3962.109;3962.109;3962.109;3962.109;3962.109;3962.109;3962.109;3962.109;3962.109;3962.109;3962.109;3962.109;3962.109;3962.109;3962.109;3962.109;3962.109;3962.109;3962.109;3962.109;3962.109;3962.109;3962.109;3962.109;3962.109;3962.109;3962.109;3962.109;3962.109;3962.109;3703.711	4823.438;4823.438;4823.438;4823.438;4823.438;4823.438;4823.438;4823.438;4823.438;4823.438;4823.438;4823.438;4823.438;4823.438;4823.438;4823.438;4823.438;4823.438;4823.438;4823.438;4823.438;4823.438;4823.438;4823.438;4823.438;4823.438;4823.438;4823.438;4823.438;4823.438;4823.438;4823.438;4823.438;4823.438	-11.75	35				5.541	1205.859	101.9182		4.775				1205.859	1205.859;4392.773;4392.773;1205.859;1205.859;4392.773;1205.859;1205.859;4392.773;1205.859;1205.859;4392.773;1205.859;1205.859;4392.773;1205.859;1205.859;4392.773;1205.859;1205.859;4392.773;4392.773;1205.859;4392.773;4392.773;1205.859;4392.773;4392.773;1205.859;4392.773;4392.773;1205.859;1205.859;4392.773	16.636	4392.773	548.996	1205.859	-548.996	20.000	548.996;0.000;-548.996;0.000;548.996;-548.996;0.000;548.996;-548.996;0.000;548.996;-548.996;0.000;548.996;-548.996;0.000;548.996;-548.996;0.000;548.996;0.000;-548.996;548.996;0.000;-548.996;548.996;0.000;-548.996;548.996;0.000;-548.996;0.000;548.996		-23.78	101.9182	0.5882			29.32	8821	101.8543	0.2647	101.8137	0.0588	101.9472	0.7353	101.9820	0.9118	100_f0-400_ncomp-12_pos.wav_1	f0 400	12_p
102	Spectrogram 1	1	102.800000000	103.000000000	200ms_schroeder_master.wav	/home/m/Dropbox/Projects/acoustic_fine_features_zebra_finch/data/processed/200ms_schroeder_master.wav	102.8000	350.000	5581.826	4.907		4.945	-29.74	2411.719	4478.906	102.8000		102.8000	4533480	0	4533480	2842.383	102.8992	0.5000	5231.826		0.2000	0.0929	0.1683	103.0000		200ms_schroeder_master.wav	4542300	/home/m/Dropbox/Projects/acoustic_fine_features_zebra_finch/data/processed/200ms_schroeder_master.wav	4542300	27.567		1636.523	689.062	4048.242	5167.969	689.062;689.062;689.062;689.062;689.062;689.062;689.062;689.062;689.062;689.062;689.062;689.062;689.062;689.062;689.062;689.062;689.062;689.062;689.062;689.062;689.062;689.062;689.062;689.062;689.062;689.062;689.062;689.062;689.062;689.062;689.062;689.062;689.062;689.062	1636.523;1636.523;1636.523;1636.523;1636.523;1636.523;1636.523;1636.523;1636.523;1636.523;1636.523;1636.523;1636.523;1636.523;1636.523;1636.523;1636.523;1636.523;1636.523;1636.523;1636.523;1636.523;1636.523;1636.523;1636.523;1636.523;1636.523;1636.523;1636.523;1636.523;1636.523;1636.523;1636.523;1636.523	2842.383;2842.383;2842.383;2842.383;2842.383;2842.383;2842.383;2842.383;2842.383;2842.383;2842.383;2842.383;2842.383;2842.383;2842.383;2842.383;2842.383;2842.383;2842.383;2842.383;2842.383;2842.383;2842.383;2842.383;2842.383;2842.383;2842.383;2842.383;2842.383;2842.383;2842.383;2842.383;2842.383;2842.383	4048.242;4048.242;4048.242;4048.242;4048.242;4048.242;4048.242;4048.242;4048.242;4048.242;4048.242;4048.242;4048.242;4048.242;4048.242;4048.242;4048.242;4048.242;4048.242;4048.242;4048.242;4048.242;4048.242;4048.242;4048.242;4048.242;4048.242;4048.242;4048.242;4048.242;4048.242;4048.242;4048.242;4048.242	5167.969;5167.969;5167.969;5167.969;5167.969;5167.969;5167.969;5167.969;5167.969;5167.969;5167.969;5167.969;5167.969;5167.969;5167.969;5167.969;5167.969;5167.969;5167.969;5167.969;5167.969;5167.969;5167.969;5167.969;5167.969;5167.969;5167.969;5167.969;5167.969;5167.969;5167.969;5167.969;5167.969;5167.969	-11.96	35				5.658	1205.859	102.8992		4.896				1205.859	1205.859;1205.859;4392.773;4392.773;1205.859;4392.773;1205.859;1205.859;4392.773;4392.773;1205.859;4392.773;4392.773;1205.859;4392.773;4392.773;1205.859;1205.859;4392.773;1205.859;1205.859;4392.773;1205.859;1205.859;4392.773;1205.859;1205.859;4392.773;1205.859;1205.859;4392.773;1205.859;1205.859;3186.914	10.341	4392.773	548.996	1205.859	-548.996	20.000	0.000;548.996;0.000;-548.996;548.996;-548.996;0.000;548.996;0.000;-548.996;548.996;0.000;-548.996;548.996;0.000;-548.996;0.000;548.996;-548.996;0.000;548.996;-548.996;0.000;548.996;-548.996;0.000;548.996;-548.996;0.000;548.996;-548.996;0.000;341.268		-24.35	102.8992	0.5000			29.12	8821	102.8528	0.2647	102.8179	0.0882	102.9457	0.7353	102.9863	0.9412	101_f0-400_ncomp-13_neg.wav_1	f0 400	13_n
103	Spectrogram 1	1	103.800000000	104.000000000	200ms_schroeder_master.wav	/home/m/Dropbox/Projects/acoustic_fine_features_zebra_finch/data/processed/200ms_schroeder_master.wav	103.8000	350.000	5581.826	4.907		4.921	-29.61	2411.719	4478.906	103.8000		103.8000	4577580	0	4577580	2842.383	103.8977	0.4848	5231.826		0.2000	0.0929	0.1683	104.0000		200ms_schroeder_master.wav	4586400	/home/m/Dropbox/Projects/acoustic_fine_features_zebra_finch/data/processed/200ms_schroeder_master.wav	4586400	27.567		1636.523	689.062	4048.242	5167.969	689.062;689.062;689.062;689.062;689.062;689.062;689.062;689.062;689.062;689.062;689.062;689.062;689.062;689.062;689.062;689.062;689.062;689.062;689.062;689.062;689.062;689.062;689.062;689.062;689.062;689.062;689.062;689.062;689.062;689.062;689.062;689.062;689.062	1636.523;1636.523;1636.523;1636.523;1636.523;1636.523;1636.523;1636.523;1636.523;1636.523;1636.523;1636.523;1636.523;1636.523;1636.523;1636.523;1636.523;1636.523;1636.523;1636.523;1636.523;1636.523;1636.523;1636.523;1636.523;1636.523;1636.523;1636.523;1636.523;1636.523;1636.523;1636.523;1636.523	2842.383;2842.383;2842.383;2842.383;2842.383;2842.383;2842.383;2842.383;2842.383;2842.383;2842.383;2842.383;2842.383;2842.383;2842.383;2842.383;2842.383;2842.383;2842.383;2842.383;2842.383;2842.383;2842.383;2842.383;2842.383;2842.383;2842.383;2842.383;2842.383;2842.383;2842.383;2842.383;2842.383	4048.242;4048.242;4048.242;4048.242;4048.242;4048.242;4048.242;4048.242;4048.242;4048.242;4048.242;4048.242;4048.242;4048.242;4048.242;4048.242;4048.242;4048.242;4048.242;4048.242;4048.242;4048.242;4048.242;4048.242;4048.242;4048.242;4048.242;4048.242;4048.242;4048.242;4048.242;4048.242;4048.242	5167.969;5167.969;5167.969;5167.969;5167.969;5167.969;5167.969;5167.969;5167.969;5167.969;5167.969;5167.969;5167.969;5167.969;5167.969;5167.969;5167.969;5167.969;5167.969;5167.969;5167.969;5167.969;5167.969;5167.969;5167.969;5167.969;5167.969;5167.969;5167.969;5167.969;5167.969;5167.969;5167.969	-11.83	34				5.305	1205.859	103.9557		4.896				1205.859	1205.859;4392.773;4392.773;1205.859;4392.773;4392.773;1205.859;1205.859;4392.773;1205.859;1205.859;4392.773;1205.859;1205.859;4392.773;1205.859;1205.859;4392.773;1205.859;1205.859;4392.773;1205.859;1205.859;4392.773;1205.859;1205.859;4392.773;4392.773;1205.859;4392.773;4392.773;1205.859;1205.859	0.000	4392.773	548.996	1205.859	-548.996	19.000	548.996;0.000;-548.996;548.996;0.000;-548.996;0.000;548.996;-548.996;0.000;548.996;-548.996;0.000;548.996;-548.996;0.000;548.996;-548.996;0.000;548.996;-548.996;0.000;548.996;-548.996;0.000;548.996;0.000;-548.996;548.996;0.000;-548.996;0.000		-24.35	103.9557	0.7879			29.30	8821	103.8512	0.2424	103.8164	0.0606	103.9441	0.7273	103.9848	0.9394	102_f0-400_ncomp-13_pos.wav_1	f0 400	13_p
104	Spectrogram 1	1	104.800000000	105.000000000	200ms_schroeder_master.wav	/home/m/Dropbox/Projects/acoustic_fine_features_zebra_finch/data/processed/200ms_schroeder_master.wav	104.8000	350.000	5938.962	5.018		5.032	-29.54	2756.250	4823.438	104.8000		104.8000	4621680	0	4621680	3186.914	104.9019	0.5152	5588.962		0.2000	0.0929	0.1683	105.0000		200ms_schroeder_master.wav	4630500	/home/m/Dropbox/Projects/acoustic_fine_features_zebra_finch/data/processed/200ms_schroeder_master.wav	4630500	27.915		1636.523	775.195	4392.773	5598.633	775.195;775.195;775.195;775.195;775.195;775.195;775.195;775.195;775.195;775.195;775.195;775.195;775.195;775.195;775.195;775.195;775.195;775.195;775.195;775.195;775.195;775.195;775.195;775.195;775.195;775.195;775.195;775.195;775.195;775.195;775.195;775.195;689.062	1636.523;1636.523;1636.523;1636.523;1636.523;1636.523;1636.523;1636.523;1636.523;1636.523;1636.523;1636.523;1636.523;1636.523;1636.523;1636.523;1636.523;1636.523;1636.523;1636.523;1636.523;1636.523;1636.523;1636.523;1636.523;1636.523;1636.523;1636.523;1636.523;1636.523;1636.523;1636.523;1636.523	3186.914;3186.914;3186.914;3186.914;3186.914;3186.914;3186.914;3186.914;3186.914;3186.914;3186.914;3186.914;3186.914;3186.914;3186.914;3186.914;3186.914;3186.914;3186.914;3186.914;3186.914;3186.914;3186.914;3186.914;3186.914;3186.914;3186.914;3186.914;3186.914;3186.914;3186.914;3186.914;3186.914	4392.773;4392.773;4392.773;4392.773;4392.773;4392.773;4392.773;4392.773;4392.773;4392.773;4392.773;4392.773;4392.773;4392.773;4392.773;4392.773;4392.773;4392.773;4392.773;4392.773;4392.773;4392.773;4392.773;4392.773;4392.773;4392.773;4392.773;4392.773;4392.773;4392.773;4392.773;4392.773;4392.773	5598.633;5598.633;5598.633;5598.633;5598.633;5598.633;5598.633;5598.633;5598.633;5598.633;5598.633;5598.633;5598.633;5598.633;5598.633;5598.633;5598.633;5598.633;5598.633;5598.633;5598.633;5598.633;5598.633;5598.633;5598.633;5598.633;5598.633;5598.633;5598.633;5598.633;5598.633;5598.633;5598.633	-11.48	34				5.448	1205.859	104.9542		5.007				1205.859	1205.859;5598.633;5598.633;1205.859;1205.859;4392.773;5598.633;1205.859;4392.773;5598.633;1205.859;4392.773;5598.633;1205.859;4392.773;5598.633;1205.859;4392.773;5598.633;1205.859;4392.773;5598.633;1205.859;5598.633;5598.633;1205.859;5598.633;5598.633;1205.859;5598.633;5598.633;1205.859;1205.859	0.000	5598.633	756.724	1205.859	-756.724	19.000	756.724;0.000;-756.724;0.000;548.996;207.728;-756.724;548.996;207.728;-756.724;548.996;207.728;-756.724;548.996;207.728;-756.724;548.996;207.728;-756.724;548.996;207.728;-756.724;756.724;0.000;-756.724;756.724;0.000;-756.724;756.724;0.000;-756.724;0.000		-24.33	104.9542	0.7879			29.37	8821	104.8555	0.2727	104.8149	0.0606	104.9484	0.7576	104.9832	0.9394	103_f0-400_ncomp-14_neg.wav_1	f0 400	14_n
105	Spectrogram 1	1	105.800000000	106.000000000	200ms_schroeder_master.wav	/home/m/Dropbox/Projects/acoustic_fine_features_zebra_finch/data/processed/200ms_schroeder_master.wav	105.8000	350.000	5938.962	5.018		5.056	-29.67	2756.250	4823.438	105.8000		105.8000	4665780	0	4665780	3186.914	105.9004	0.5000	5588.962		0.2000	0.0929	0.1683	106.0000		200ms_schroeder_master.wav	4674600	/home/m/Dropbox/Projects/acoustic_fine_features_zebra_finch/data/processed/200ms_schroeder_master.wav	4674600	27.916		1636.523	775.195	4392.773	5598.633	689.062;775.195;775.195;775.195;775.195;775.195;775.195;775.195;775.195;775.195;775.195;775.195;775.195;775.195;775.195;775.195;775.195;775.195;775.195;775.195;775.195;775.195;775.195;775.195;775.195;775.195;775.195;775.195;775.195;775.195;775.195;775.195;689.062;689.062	1636.523;1636.523;1636.523;1636.523;1636.523;1636.523;1636.523;1636.523;1636.523;1636.523;1636.523;1636.523;1636.523;1636.523;1636.523;1636.523;1636.523;1636.523;1636.523;1636.523;1636.523;1636.523;1636.523;1636.523;1636.523;1636.523;1636.523;1636.523;1636.523;1636.523;1636.523;1636.523;1636.523;1722.656	3186.914;3186.914;3186.914;3186.914;3186.914;3186.914;3186.914;3186.914;3186.914;3186.914;3186.914;3186.914;3186.914;3186.914;3186.914;3186.914;3186.914;3186.914;3186.914;3186.914;3186.914;3186.914;3186.914;3186.914;3186.914;3186.914;3186.914;3186.914;3186.914;3186.914;3186.914;3186.914;3186.914;3100.781	4392.773;4392.773;4392.773;4392.773;4392.773;4392.773;4392.773;4392.773;4392.773;4392.773;4392.773;4392.773;4392.773;4392.773;4392.773;4392.773;4392.773;4392.773;4392.773;4392.773;4392.773;4392.773;4392.773;4392.773;4392.773;4392.773;4392.773;4392.773;4392.773;4392.773;4392.773;4392.773;4392.773;4392.773	5598.633;5598.633;5598.633;5598.633;5598.633;5598.633;5598.633;5598.633;5598.633;5598.633;5598.633;5598.633;5598.633;5598.633;5598.633;5598.633;5598.633;5598.633;5598.633;5598.633;5598.633;5598.633;5598.633;5598.633;5598.633;5598.633;5598.633;5598.633;5598.633;5598.633;5598.633;5598.633;5598.633;5598.633	-11.61	35				5.736	5598.633	105.8714		5.007				5598.633	1205.859;1205.859;5598.633;5598.633;1205.859;5598.633;5598.633;1205.859;5598.633;4392.773;1205.859;5598.633;4392.773;1205.859;5598.633;4392.773;1205.859;5598.633;4392.773;1205.859;5598.633;4392.773;1205.859;1205.859;4392.773;5598.633;1205.859;5598.633;5598.633;1205.859;5598.633;5598.633;1205.859;5598.633	22.931	5598.633	756.724	1205.859	-756.724	20.000	0.000;756.724;0.000;-756.724;756.724;0.000;-756.724;756.724;-207.728;-548.996;756.724;-207.728;-548.996;756.724;-207.728;-548.996;756.724;-207.728;-548.996;756.724;-207.728;-548.996;0.000;548.996;207.728;-756.724;756.724;0.000;-756.724;756.724;0.000;-756.724;756.724		-24.33	105.8714	0.3529			29.31	8821	105.8540	0.2647	105.8133	0.0588	105.9468	0.7353	105.9817	0.9118	104_f0-400_ncomp-14_pos.wav_1	f0 400	14_p
106	Spectrogram 1	1	106.800000000	107.000000000	200ms_schroeder_master.wav	/home/m/Dropbox/Projects/acoustic_fine_features_zebra_finch/data/processed/200ms_schroeder_master.wav	106.8000	350.000	6385.383	5.120		5.158	-29.98	2928.516	5167.969	106.8000		106.8000	4709880	0	4709880	3186.914	106.8989	0.5000	6035.383		0.2000	0.0929	0.1683	107.0000		200ms_schroeder_master.wav	4718700	/home/m/Dropbox/Projects/acoustic_fine_features_zebra_finch/data/processed/200ms_schroeder_master.wav	4718700	27.992		1894.922	775.195	4823.438	5943.164	775.195;775.195;775.195;775.195;775.195;775.195;775.195;775.195;775.195;775.195;775.195;775.195;775.195;775.195;775.195;775.195;775.195;775.195;775.195;775.195;775.195;775.195;775.195;775.195;775.195;775.195;775.195;775.195;775.195;775.195;775.195;775.195;775.195;689.062	1894.922;1894.922;1894.922;1894.922;1894.922;1894.922;1894.922;1894.922;1894.922;1894.922;1894.922;1894.922;1894.922;1894.922;1894.922;1894.922;1894.922;1894.922;1894.922;1894.922;1894.922;1894.922;1894.922;1894.922;1894.922;1894.922;1894.922;1894.922;1894.922;1894.922;1894.922;1894.922;1894.922;1894.922	3186.914;3186.914;3186.914;3186.914;3186.914;3186.914;3186.914;3186.914;3186.914;3186.914;3186.914;3186.914;3186.914;3186.914;3186.914;3186.914;3186.914;3186.914;3186.914;3186.914;3186.914;3186.914;3186.914;3186.914;3186.914;3186.914;3186.914;3186.914;3186.914;3186.914;3186.914;3186.914;3186.914;3273.047	4737.305;4823.438;4823.438;4823.438;4823.438;4823.438;4823.438;4823.438;4823.438;4823.438;4823.438;4823.438;4823.438;4823.438;4823.438;4823.438;4823.438;4823.438;4823.438;4823.438;4823.438;4823.438;4823.438;4823.438;4823.438;4823.438;4823.438;4823.438;4823.438;4823.438;4823.438;4823.438;4737.305;4823.438	5943.164;5943.164;5943.164;5943.164;5943.164;5943.164;5943.164;5943.164;5943.164;5943.164;5943.164;5943.164;5943.164;5943.164;5943.164;5943.164;5943.164;5943.164;5943.164;5943.164;5943.164;5943.164;5943.164;5943.164;5943.164;5943.164;5943.164;5943.164;5943.164;5943.164;5943.164;5943.164;5943.164;5943.164	-11.53	35				5.896	5598.633	106.9859		5.109				5598.633	5598.633;1205.859;4392.773;5598.633;1205.859;4392.773;5598.633;1205.859;4392.773;5598.633;1205.859;1205.859;5598.633;1205.859;1205.859;5598.633;5598.633;1205.859;4392.773;5598.633;1205.859;4392.773;5598.633;1205.859;4392.773;5598.633;1205.859;4392.773;5598.633;1205.859;4392.773;5598.633;1205.859;2411.719	-16.636	5598.633	756.724	1205.859	-756.724	21.000	-756.724;548.996;207.728;-756.724;548.996;207.728;-756.724;548.996;207.728;-756.724;0.000;756.724;-756.724;0.000;756.724;0.000;-756.724;548.996;207.728;-756.724;548.996;207.728;-756.724;548.996;207.728;-756.724;548.996;207.728;-756.724;548.996;207.728;-756.724;207.728		-24.54	106.9859	0.9412			30.45	8821	106.8524	0.2647	106.8176	0.0882	106.9453	0.7353	106.9859	0.9412	105_f0-400_ncomp-15_neg.wav_1	f0 400	15_n
107	Spectrogram 1	1	107.800000000	108.000000000	200ms_schroeder_master.wav	/home/m/Dropbox/Projects/acoustic_fine_features_zebra_finch/data/processed/200ms_schroeder_master.wav	107.8000	350.000	6385.383	5.120		5.135	-29.86	2928.516	5167.969	107.8000		107.8000	4753980	0	4753980	3186.914	107.8973	0.4848	6035.383		0.2000	0.0987	0.1683	108.0000		200ms_schroeder_master.wav	4762800	/home/m/Dropbox/Projects/acoustic_fine_features_zebra_finch/data/processed/200ms_schroeder_master.wav	4762800	27.991		1894.922	775.195	4823.438	5943.164	775.195;775.195;775.195;775.195;775.195;775.195;775.195;775.195;775.195;775.195;775.195;775.195;775.195;775.195;775.195;775.195;775.195;775.195;775.195;775.195;775.195;775.195;775.195;775.195;775.195;775.195;775.195;775.195;775.195;775.195;775.195;775.195;775.195	1894.922;1894.922;1894.922;1894.922;1894.922;1894.922;1894.922;1894.922;1894.922;1894.922;1894.922;1894.922;1894.922;1894.922;1894.922;1894.922;1894.922;1894.922;1894.922;1894.922;1894.922;1894.922;1894.922;1894.922;1894.922;1894.922;1894.922;1894.922;1894.922;1894.922;1894.922;1894.922;1894.922	3186.914;3186.914;3186.914;3186.914;3186.914;3186.914;3186.914;3186.914;3186.914;3186.914;3186.914;3186.914;3186.914;3186.914;3186.914;3186.914;3186.914;3186.914;3186.914;3186.914;3186.914;3186.914;3186.914;3186.914;3186.914;3186.914;3186.914;3186.914;3186.914;3186.914;3186.914;3186.914;3273.047	4737.305;4823.438;4823.438;4823.438;4823.438;4823.438;4823.438;4823.438;4823.438;4823.438;4823.438;4823.438;4823.438;4823.438;4823.438;4823.438;4823.438;4823.438;4823.438;4823.438;4823.438;4823.438;4823.438;4823.438;4823.438;4823.438;4823.438;4823.438;4823.438;4823.438;4823.438;4823.438;4737.305	5943.164;5943.164;5943.164;5943.164;5943.164;5943.164;5943.164;5943.164;5943.164;5943.164;5943.164;5943.164;5943.164;5943.164;5943.164;5943.164;5943.164;5943.164;5943.164;5943.164;5943.164;5943.164;5943.164;5943.164;5943.164;5943.164;5943.164;5943.164;5943.164;5943.164;5943.164;5943.164;5943.164	-11.41	34				5.485	5598.633	107.8915		5.109				5598.633	1205.859;5598.633;5598.633;1205.859;1205.859;5598.633;4392.773;1205.859;5598.633;4392.773;1205.859;5598.633;4392.773;1205.859;5598.633;4392.773;1205.859;5598.633;4392.773;1205.859;5598.633;4392.773;1205.859;5598.633;4392.773;1205.859;5598.633;4392.773;1205.859;5598.633;5598.633;4392.773;1205.859	0.000	5598.633	756.724	1205.859	-756.724	19.000	756.724;0.000;-756.724;0.000;756.724;-207.728;-548.996;756.724;-207.728;-548.996;756.724;-207.728;-548.996;756.724;-207.728;-548.996;756.724;-207.728;-548.996;756.724;-207.728;-548.996;756.724;-207.728;-548.996;756.724;-207.728;-548.996;756.724;0.000;-207.728;-548.996		-24.54	107.8915	0.4545			30.47	8821	107.8509	0.2424	107.8160	0.0606	107.9496	0.7576	107.9844	0.9394	106_f0-400_ncomp-15_pos.wav_1	f0 400	15_p
108	Spectrogram 1	1	108.800000000	109.000000000	200ms_schroeder_master.wav	/home/m/Dropbox/Projects/acoustic_fine_features_zebra_finch/data/processed/200ms_schroeder_master.wav	108.8000	350.000	6831.803	5.216		5.232	-30.33	3186.914	5598.633	108.8000		108.8000	4798080	0	4798080	3531.445	108.9016	0.5152	6481.803		0.2000	0.0929	0.1683	109.0000		200ms_schroeder_master.wav	4806900	/home/m/Dropbox/Projects/acoustic_fine_features_zebra_finch/data/processed/200ms_schroeder_master.wav	4806900	27.819		1981.055	775.195	5167.969	6373.828	775.195;775.195;775.195;775.195;775.195;775.195;775.195;775.195;775.195;775.195;775.195;775.195;775.195;775.195;775.195;775.195;775.195;775.195;775.195;775.195;775.195;775.195;775.195;775.195;775.195;775.195;775.195;775.195;775.195;775.195;775.195;775.195;775.195	1981.055;1981.055;1981.055;1981.055;1981.055;1981.055;1981.055;1981.055;1981.055;1981.055;1981.055;1981.055;1981.055;1981.055;1981.055;1981.055;1981.055;1981.055;1981.055;1981.055;1981.055;1981.055;1981.055;1981.055;1981.055;1981.055;1981.055;1981.055;1981.055;1981.055;1981.055;1981.055;1981.055	3531.445;3531.445;3531.445;3531.445;3531.445;3531.445;3531.445;3531.445;3531.445;3531.445;3531.445;3531.445;3531.445;3531.445;3531.445;3531.445;3531.445;3531.445;3531.445;3531.445;3531.445;3531.445;3531.445;3531.445;3531.445;3531.445;3531.445;3531.445;3531.445;3531.445;3531.445;3531.445;3531.445	5167.969;5167.969;5167.969;5167.969;5167.969;5167.969;5167.969;5167.969;5167.969;5167.969;5167.969;5167.969;5167.969;5167.969;5167.969;5167.969;5167.969;5167.969;5167.969;5167.969;5167.969;5167.969;5167.969;5167.969;5167.969;5167.969;5167.969;5167.969;5167.969;5167.969;5167.969;5167.969;5167.969	6373.828;6373.828;6373.828;6373.828;6373.828;6373.828;6373.828;6373.828;6373.828;6373.828;6373.828;6373.828;6373.828;6373.828;6373.828;6373.828;6373.828;6373.828;6373.828;6373.828;6373.828;6373.828;6373.828;6373.828;6373.828;6373.828;6373.828;6373.828;6373.828;6373.828;6373.828;6373.828;6373.828	-11.58	34				5.683	5598.633	108.8784		5.206				5598.633	5598.633;1205.859;4392.773;5598.633;5598.633;4392.773;5598.633;1205.859;4392.773;5598.633;1205.859;4392.773;5598.633;1205.859;4392.773;5598.633;1205.859;4392.773;5598.633;1205.859;4392.773;5598.633;1205.859;1205.859;5598.633;5598.633;1205.859;5598.633;5598.633;1205.859;4392.773;5598.633;1205.859	-23.648	5598.633	756.724	1205.859	-756.724	20.000	-756.724;548.996;207.728;0.000;-207.728;207.728;-756.724;548.996;207.728;-756.724;548.996;207.728;-756.724;548.996;207.728;-756.724;548.996;207.728;-756.724;548.996;207.728;-756.724;0.000;756.724;0.000;-756.724;756.724;0.000;-756.724;548.996;207.728;-756.724		-25.00	108.8784	0.3939			30.07	8821	108.8551	0.2727	108.8145	0.0606	108.9480	0.7576	108.9828	0.9394	107_f0-400_ncomp-16_neg.wav_1	f0 400	16_n
109	Spectrogram 1	1	109.800000000	110.000000000	200ms_schroeder_master.wav	/home/m/Dropbox/Projects/acoustic_fine_features_zebra_finch/data/processed/200ms_schroeder_master.wav	109.8000	350.000	6831.803	5.216		5.255	-30.45	3186.914	5598.633	109.8000		109.8000	4842180	0	4842180	3531.445	109.9000	0.5000	6481.803		0.2000	0.0929	0.1741	110.0000		200ms_schroeder_master.wav	4851000	/home/m/Dropbox/Projects/acoustic_fine_features_zebra_finch/data/processed/200ms_schroeder_master.wav	4851000	27.820		1981.055	775.195	5167.969	6373.828	775.195;775.195;775.195;775.195;775.195;775.195;775.195;775.195;775.195;775.195;775.195;775.195;775.195;775.195;775.195;775.195;775.195;775.195;775.195;775.195;775.195;775.195;775.195;775.195;775.195;775.195;775.195;775.195;775.195;775.195;775.195;775.195;775.195;775.195	1981.055;1981.055;1981.055;1981.055;1981.055;1981.055;1981.055;1981.055;1981.055;1981.055;1981.055;1981.055;1981.055;1981.055;1981.055;1981.055;1981.055;1981.055;1981.055;1981.055;1981.055;1981.055;1981.055;1981.055;1981.055;1981.055;1981.055;1981.055;1981.055;1981.055;1981.055;1981.055;1981.055;1981.055	3531.445;3531.445;3531.445;3531.445;3531.445;3531.445;3531.445;3531.445;3531.445;3531.445;3531.445;3531.445;3531.445;3531.445;3531.445;3531.445;3531.445;3531.445;3531.445;3531.445;3531.445;3531.445;3531.445;3531.445;3531.445;3531.445;3531.445;3531.445;3531.445;3531.445;3531.445;3531.445;3531.445;3531.445	5167.969;5167.969;5167.969;5167.969;5167.969;5167.969;5167.969;5167.969;5167.969;5167.969;5167.969;5167.969;5167.969;5167.969;5167.969;5167.969;5167.969;5167.969;5167.969;5167.969;5167.969;5167.969;5167.969;5167.969;5167.969;5167.969;5167.969;5167.969;5167.969;5167.969;5167.969;5167.969;5167.969;5081.836	6373.828;6373.828;6373.828;6373.828;6373.828;6373.828;6373.828;6373.828;6373.828;6373.828;6373.828;6373.828;6373.828;6373.828;6373.828;6373.828;6373.828;6373.828;6373.828;6373.828;6373.828;6373.828;6373.828;6373.828;6373.828;6373.828;6373.828;6373.828;6373.828;6373.828;6373.828;6373.828;6373.828;6373.828	-11.70	35				5.890	5598.633	109.9116		5.206				5598.633	4392.773;1205.859;5598.633;5598.633;5598.633;5598.633;5598.633;1205.859;1205.859;5598.633;1205.859;1205.859;5598.633;4392.773;1205.859;5598.633;4392.773;1205.859;5598.633;4392.773;1205.859;5598.633;4392.773;1205.859;5598.633;4392.773;1205.859;5598.633;4392.773;1205.859;5598.633;5598.633;4392.773;1205.859	-16.636	5598.633	756.724	1205.859	-756.724	18.000	-548.996;756.724;0.000;0.000;0.000;0.000;-756.724;0.000;756.724;-756.724;0.000;756.724;-207.728;-548.996;756.724;-207.728;-548.996;756.724;-207.728;-548.996;756.724;-207.728;-548.996;756.724;-207.728;-548.996;756.724;-207.728;-548.996;756.724;0.000;-207.728;-548.996		-25.00	109.9116	0.5588			29.91	8821	109.8536	0.2647	109.8130	0.0588	109.9465	0.7353	109.9871	0.9412	108_f0-400_ncomp-16_pos.wav_1	f0 400	16_p
110	Spectrogram 1	1	110.800000000	111.000000000	200ms_schroeder_master.wav	/home/m/Dropbox/Projects/acoustic_fine_features_zebra_finch/data/processed/200ms_schroeder_master.wav	110.8000	350.000	7188.939	5.306		5.322	-30.39	3273.047	5943.164	110.8000		110.8000	4886280	0	4886280	3617.578	110.8985	0.4848	6838.939		0.2000	0.0929	0.1683	111.0000		200ms_schroeder_master.wav	4895100	/home/m/Dropbox/Projects/acoustic_fine_features_zebra_finch/data/processed/200ms_schroeder_master.wav	4895100	27.988		1981.055	775.195	5254.102	6718.359	775.195;775.195;775.195;775.195;775.195;775.195;775.195;775.195;775.195;775.195;775.195;775.195;775.195;775.195;775.195;775.195;775.195;775.195;775.195;775.195;775.195;775.195;775.195;775.195;775.195;775.195;775.195;775.195;775.195;775.195;775.195;775.195;775.195	1981.055;1981.055;1981.055;1981.055;1981.055;1981.055;1981.055;1981.055;1981.055;1981.055;1981.055;1981.055;1981.055;1981.055;1981.055;1981.055;1981.055;1981.055;1981.055;1981.055;1981.055;1981.055;1981.055;1981.055;1981.055;1981.055;1981.055;1981.055;1981.055;1981.055;1981.055;1981.055;1981.055	3617.578;3617.578;3617.578;3617.578;3617.578;3617.578;3617.578;3617.578;3617.578;3617.578;3617.578;3617.578;3617.578;3617.578;3617.578;3617.578;3617.578;3617.578;3617.578;3617.578;3617.578;3617.578;3617.578;3617.578;3617.578;3617.578;3617.578;3617.578;3617.578;3617.578;3617.578;3617.578;3617.578	5254.102;5254.102;5254.102;5254.102;5254.102;5254.102;5254.102;5254.102;5254.102;5254.102;5254.102;5254.102;5254.102;5254.102;5254.102;5254.102;5254.102;5254.102;5254.102;5254.102;5254.102;5254.102;5254.102;5254.102;5254.102;5254.102;5254.102;5254.102;5254.102;5254.102;5254.102;5254.102;5254.102	6718.359;6718.359;6718.359;6718.359;6718.359;6718.359;6718.359;6718.359;6718.359;6718.359;6718.359;6718.359;6718.359;6718.359;6718.359;6718.359;6718.359;6718.359;6718.359;6718.359;6718.359;6718.359;6718.359;6718.359;6718.359;6718.359;6718.359;6718.359;6718.359;6718.359;6718.359;6718.359;6718.359	-11.41	34				5.785	5598.633	110.9507		5.295				5598.633	1205.859;1205.859;5598.633;5598.633;1205.859;5598.633;6804.492;1205.859;5598.633;5598.633;1205.859;5598.633;5598.633;1205.859;4392.773;5598.633;1205.859;4392.773;5598.633;1205.859;4392.773;5598.633;1205.859;4392.773;5598.633;1205.859;4392.773;5598.633;1205.859;4392.773;5598.633;1205.859;2411.719	6.492	6804.492	756.724	1205.859	-964.452	20.000	0.000;756.724;0.000;-756.724;756.724;207.728;-964.452;756.724;0.000;-756.724;756.724;0.000;-756.724;548.996;207.728;-756.724;548.996;207.728;-756.724;548.996;207.728;-756.724;548.996;207.728;-756.724;548.996;207.728;-756.724;548.996;207.728;-756.724;207.728		-25.10	110.9507	0.7576			30.36	8821	110.8521	0.2424	110.8172	0.0606	110.9449	0.7273	110.9856	0.9394	109_f0-400_ncomp-17_neg.wav_1	f0 400	17_n
111	Spectrogram 1	1	111.800000000	112.000000000	200ms_schroeder_master.wav	/home/m/Dropbox/Projects/acoustic_fine_features_zebra_finch/data/processed/200ms_schroeder_master.wav	111.8000	350.000	7188.939	5.306		5.321	-30.39	3273.047	5943.164	111.8000		111.8000	4930380	0	4930380	3617.578	111.9028	0.5152	6838.939		0.2000	0.0987	0.1683	112.0000		200ms_schroeder_master.wav	4939200	/home/m/Dropbox/Projects/acoustic_fine_features_zebra_finch/data/processed/200ms_schroeder_master.wav	4939200	27.988		1981.055	775.195	5254.102	6718.359	775.195;775.195;775.195;775.195;775.195;775.195;775.195;775.195;775.195;775.195;775.195;775.195;775.195;775.195;775.195;775.195;775.195;775.195;775.195;775.195;775.195;775.195;775.195;775.195;775.195;775.195;775.195;775.195;775.195;775.195;775.195;775.195;775.195	1981.055;1981.055;1981.055;1981.055;1981.055;1981.055;1981.055;1981.055;1981.055;1981.055;1981.055;1981.055;1981.055;1981.055;1981.055;1981.055;1981.055;1981.055;1981.055;1981.055;1981.055;1981.055;1981.055;1981.055;1981.055;1981.055;1981.055;1981.055;1981.055;1981.055;1981.055;1981.055;1981.055	3617.578;3617.578;3617.578;3617.578;3617.578;3617.578;3617.578;3617.578;3617.578;3617.578;3617.578;3617.578;3617.578;3617.578;3617.578;3617.578;3617.578;3617.578;3617.578;3617.578;3617.578;3617.578;3617.578;3617.578;3617.578;3617.578;3617.578;3617.578;3617.578;3617.578;3617.578;3617.578;3617.578	5254.102;5254.102;5254.102;5254.102;5254.102;5254.102;5254.102;5254.102;5254.102;5254.102;5254.102;5254.102;5254.102;5254.102;5254.102;5254.102;5254.102;5254.102;5254.102;5254.102;5254.102;5254.102;5254.102;5254.102;5254.102;5254.102;5254.102;5254.102;5254.102;5254.102;5254.102;5254.102;5254.102	6718.359;6718.359;6718.359;6718.359;6718.359;6718.359;6718.359;6718.359;6718.359;6718.359;6718.359;6718.359;6718.359;6718.359;6718.359;6718.359;6718.359;6718.359;6718.359;6718.359;6718.359;6718.359;6718.359;6718.359;6718.359;6718.359;6718.359;6718.359;6718.359;6718.359;6718.359;6718.359;6718.359	-11.41	34				5.660	5598.633	111.9492		5.295				5598.633	4392.773;1205.859;5598.633;5598.633;1205.859;5598.633;4392.773;1205.859;5598.633;5598.633;1205.859;5598.633;5598.633;1205.859;1205.859;5598.633;1205.859;1205.859;5598.633;4392.773;1205.859;5598.633;4392.773;1205.859;5598.633;4392.773;1205.859;5598.633;4392.773;1205.859;5598.633;5598.633;1205.859	-17.156	5598.633	756.724	1205.859	-756.724	20.000	-548.996;756.724;0.000;-756.724;756.724;-207.728;-548.996;756.724;0.000;-756.724;756.724;0.000;-756.724;0.000;756.724;-756.724;0.000;756.724;-207.728;-548.996;756.724;-207.728;-548.996;756.724;-207.728;-548.996;756.724;-207.728;-548.996;756.724;0.000;-756.724		-25.10	111.9492	0.7576			30.31	8821	111.8505	0.2424	111.8157	0.0606	111.9492	0.7576	111.9840	0.9394	110_f0-400_ncomp-17_pos.wav_1	f0 400	17_p
112	Spectrogram 1	1	112.800000000	113.000000000	200ms_schroeder_master.wav	/home/m/Dropbox/Projects/acoustic_fine_features_zebra_finch/data/processed/200ms_schroeder_master.wav	112.8000	350.000	7635.359	5.391		5.429	-30.90	3531.445	6373.828	112.8000		112.8000	4974480	0	4974480	3962.109	112.9012	0.5000	7285.359		0.2000	0.0929	0.1683	113.0000		200ms_schroeder_master.wav	4983300	/home/m/Dropbox/Projects/acoustic_fine_features_zebra_finch/data/processed/200ms_schroeder_master.wav	4983300	27.869		2067.188	775.195	5598.633	7149.023	775.195;775.195;775.195;775.195;775.195;775.195;775.195;775.195;775.195;775.195;775.195;775.195;775.195;775.195;775.195;775.195;775.195;775.195;775.195;775.195;775.195;775.195;775.195;775.195;775.195;775.195;775.195;775.195;775.195;775.195;775.195;775.195;775.195;775.195	2067.188;2067.188;2067.188;2067.188;2067.188;2067.188;2067.188;2067.188;2067.188;2067.188;2067.188;2067.188;2067.188;2067.188;2067.188;2067.188;2067.188;2067.188;2067.188;2067.188;2067.188;2067.188;2067.188;2067.188;2067.188;2067.188;2067.188;2067.188;2067.188;2067.188;2067.188;2067.188;2067.188;2325.586	3962.109;3962.109;3962.109;3962.109;3962.109;3962.109;3962.109;3962.109;3962.109;3962.109;3962.109;3962.109;3962.109;3962.109;3962.109;3962.109;3962.109;3962.109;3962.109;3962.109;3962.109;3962.109;3962.109;3962.109;3962.109;3962.109;3962.109;3962.109;3962.109;3962.109;3962.109;3962.109;3962.109;4134.375	5598.633;5598.633;5598.633;5598.633;5598.633;5598.633;5598.633;5598.633;5598.633;5598.633;5598.633;5598.633;5598.633;5598.633;5598.633;5598.633;5598.633;5598.633;5598.633;5598.633;5598.633;5598.633;5598.633;5598.633;5598.633;5598.633;5598.633;5598.633;5598.633;5598.633;5598.633;5598.633;5598.633;5770.898	7149.023;7149.023;7149.023;7149.023;7149.023;7149.023;7149.023;7149.023;7149.023;7149.023;7149.023;7149.023;7149.023;7149.023;7149.023;7149.023;7149.023;7149.023;7149.023;7149.023;7149.023;7149.023;7149.023;7149.023;7149.023;7149.023;7149.023;7149.023;7149.023;7149.023;7149.023;7149.023;7149.023;7062.891	-11.65	35				6.173	5598.633	112.8606		5.380				5598.633	5598.633;1205.859;1205.859;5598.633;1205.859;4392.773;5598.633;1205.859;4392.773;5598.633;1205.859;4392.773;5598.633;6804.492;1205.859;5598.633;6804.492;1205.859;5598.633;6804.492;1205.859;5598.633;6804.492;1205.859;5598.633;6804.492;1205.859;4392.773;5598.633;1205.859;4392.773;5598.633;1205.859;2411.719	-16.636	6804.492	756.724	1205.859	-964.452	21.000	-756.724;0.000;756.724;-756.724;548.996;207.728;-756.724;548.996;207.728;-756.724;548.996;207.728;207.728;-964.452;756.724;207.728;-964.452;756.724;207.728;-964.452;756.724;207.728;-964.452;756.724;207.728;-964.452;548.996;207.728;-756.724;548.996;207.728;-756.724;207.728		-25.47	112.8606	0.2941			30.23	8821	112.8548	0.2647	112.8141	0.0588	112.9477	0.7353	112.9825	0.9118	111_f0-400_ncomp-18_neg.wav_1	f0 400	18_n
113	Spectrogram 1	1	113.800000000	114.000000000	200ms_schroeder_master.wav	/home/m/Dropbox/Projects/acoustic_fine_features_zebra_finch/data/processed/200ms_schroeder_master.wav	113.8000	350.000	7635.359	5.391		5.429	-30.90	3531.445	6373.828	113.8000		113.8000	5018580	0	5018580	3962.109	113.8997	0.5000	7285.359		0.2000	0.0929	0.1683	114.0000		200ms_schroeder_master.wav	5027400	/home/m/Dropbox/Projects/acoustic_fine_features_zebra_finch/data/processed/200ms_schroeder_master.wav	5027400	27.870		2067.188	775.195	5598.633	7149.023	775.195;775.195;775.195;775.195;775.195;775.195;775.195;775.195;775.195;775.195;775.195;775.195;775.195;775.195;775.195;775.195;775.195;775.195;775.195;775.195;775.195;775.195;775.195;775.195;775.195;775.195;775.195;775.195;775.195;775.195;775.195;775.195;775.195;775.195	2067.188;2067.188;2067.188;2067.188;2067.188;2067.188;2067.188;2067.188;2067.188;2067.188;2067.188;2067.188;2067.188;2067.188;2067.188;2067.188;2067.188;2067.188;2067.188;2067.188;2067.188;2067.188;2067.188;2067.188;2067.188;2067.188;2067.188;2067.188;2067.188;2067.188;2067.188;2067.188;2067.188;2067.188	3962.109;3962.109;3962.109;3962.109;3962.109;3962.109;3962.109;3962.109;3962.109;3962.109;3962.109;3962.109;3962.109;3962.109;3962.109;3962.109;3962.109;3962.109;3962.109;3962.109;3962.109;3962.109;3962.109;3962.109;3962.109;3962.109;3962.109;3962.109;3962.109;3962.109;3962.109;3962.109;3962.109;3962.109	5598.633;5598.633;5598.633;5598.633;5598.633;5598.633;5598.633;5598.633;5598.633;5598.633;5598.633;5598.633;5598.633;5598.633;5598.633;5598.633;5598.633;5598.633;5598.633;5598.633;5598.633;5598.633;5598.633;5598.633;5598.633;5598.633;5598.633;5598.633;5598.633;5598.633;5598.633;5598.633;5598.633;5598.633	7149.023;7149.023;7149.023;7149.023;7149.023;7149.023;7149.023;7149.023;7149.023;7149.023;7149.023;7149.023;7149.023;7149.023;7149.023;7149.023;7149.023;7149.023;7149.023;7149.023;7149.023;7149.023;7149.023;7149.023;7149.023;7149.023;7149.023;7149.023;7149.023;7149.023;7149.023;7149.023;7149.023;7149.023	-11.65	35				6.094	5598.633	113.9693		5.380				5598.633	5598.633;4392.773;1205.859;5598.633;4392.773;1205.859;5598.633;4392.773;1205.859;6804.492;4392.773;1205.859;6804.492;5598.633;1205.859;6804.492;5598.633;1205.859;6804.492;5598.633;1205.859;6804.492;5598.633;1205.859;6804.492;5598.633;4392.773;1205.859;5598.633;4392.773;1205.859;5598.633;5598.633;1205.859	-22.931	6804.492	964.452	1205.859	-756.724	20.000	-207.728;-548.996;756.724;-207.728;-548.996;756.724;-207.728;-548.996;964.452;-415.456;-548.996;964.452;-207.728;-756.724;964.452;-207.728;-756.724;964.452;-207.728;-756.724;964.452;-207.728;-756.724;964.452;-207.728;-207.728;-548.996;756.724;-207.728;-548.996;756.724;0.000;-756.724		-25.47	113.9693	0.8529			30.02	8821	113.8532	0.2647	113.8184	0.0882	113.9461	0.7353	113.9867	0.9412	112_f0-400_ncomp-18_pos.wav_1	f0 400	18_p
114	Spectrogram 1	1	114.800000000	115.000000000	200ms_schroeder_master.wav	/home/m/Dropbox/Projects/acoustic_fine_features_zebra_finch/data/processed/200ms_schroeder_master.wav	114.8000	350.000	8081.779	5.471		5.486	-30.77	3617.578	6718.359	114.8000		114.8000	5062680	0	5062680	4048.242	114.8981	0.4848	7731.779		0.2000	0.0929	0.1683	115.0000		200ms_schroeder_master.wav	5071500	/home/m/Dropbox/Projects/acoustic_fine_features_zebra_finch/data/processed/200ms_schroeder_master.wav	5071500	28.121		2325.586	775.195	5943.164	7493.555	775.195;775.195;775.195;775.195;775.195;775.195;775.195;775.195;775.195;775.195;775.195;775.195;775.195;775.195;775.195;775.195;775.195;775.195;775.195;775.195;775.195;775.195;775.195;775.195;775.195;775.195;775.195;775.195;775.195;775.195;775.195;775.195;775.195	2325.586;2325.586;2325.586;2325.586;2325.586;2325.586;2325.586;2325.586;2325.586;2325.586;2325.586;2325.586;2325.586;2325.586;2325.586;2325.586;2325.586;2325.586;2325.586;2325.586;2325.586;2325.586;2325.586;2325.586;2325.586;2325.586;2325.586;2325.586;2325.586;2325.586;2325.586;2325.586;2325.586	4048.242;4048.242;4048.242;4048.242;4048.242;4048.242;4048.242;4048.242;4048.242;4048.242;4048.242;4048.242;4048.242;4048.242;4048.242;4048.242;4048.242;4048.242;4048.242;4048.242;4048.242;4048.242;4048.242;4048.242;4048.242;4048.242;4048.242;4048.242;4048.242;4048.242;4048.242;4048.242;4048.242	5943.164;5943.164;5943.164;5943.164;5943.164;5943.164;5943.164;5943.164;5943.164;5943.164;5943.164;5943.164;5943.164;5943.164;5943.164;5943.164;5943.164;5943.164;5943.164;5943.164;5943.164;5943.164;5943.164;5943.164;5943.164;5943.164;5943.164;5943.164;5943.164;5943.164;5943.164;5943.164;5943.164	7493.555;7493.555;7493.555;7493.555;7493.555;7493.555;7493.555;7493.555;7493.555;7493.555;7493.555;7493.555;7493.555;7493.555;7493.555;7493.555;7493.555;7493.555;7493.555;7493.555;7493.555;7493.555;7493.555;7493.555;7493.555;7493.555;7493.555;7493.555;7493.555;7493.555;7493.555;7493.555;7493.555	-11.28	34				5.912	5598.633	114.9330		5.460				5598.633	6804.492;1205.859;5598.633;6804.492;1205.859;5598.633;6804.492;1205.859;4392.773;6804.492;1205.859;4392.773;5598.633;1205.859;4392.773;5598.633;1205.859;4392.773;5598.633;1205.859;4392.773;5598.633;6804.492;1205.859;5598.633;6804.492;1205.859;5598.633;6804.492;1205.859;5598.633;6804.492;1205.859	-30.139	6804.492	756.724	1205.859	-964.452	20.000	-964.452;756.724;207.728;-964.452;756.724;207.728;-964.452;548.996;415.456;-964.452;548.996;207.728;-756.724;548.996;207.728;-756.724;548.996;207.728;-756.724;548.996;207.728;207.728;-964.452;756.724;207.728;-964.452;756.724;207.728;-964.452;756.724;207.728;-964.452		-25.46	114.9330	0.6667			30.12	8821	114.8517	0.2424	114.8169	0.0606	114.9446	0.7273	114.9852	0.9394	113_f0-400_ncomp-19_neg.wav_1	f0 400	19_n
115	Spectrogram 1	1	115.800000000	116.000000000	200ms_schroeder_master.wav	/home/m/Dropbox/Projects/acoustic_fine_features_zebra_finch/data/processed/200ms_schroeder_master.wav	115.8000	350.000	8081.779	5.471		5.485	-30.77	3617.578	6718.359	115.8000		115.8000	5106780	0	5106780	4048.242	115.9024	0.5152	7731.779		0.2000	0.0929	0.1683	116.0000		200ms_schroeder_master.wav	5115600	/home/m/Dropbox/Projects/acoustic_fine_features_zebra_finch/data/processed/200ms_schroeder_master.wav	5115600	28.121		2325.586	775.195	5943.164	7493.555	775.195;775.195;775.195;775.195;775.195;775.195;775.195;775.195;775.195;775.195;775.195;775.195;775.195;775.195;775.195;775.195;775.195;775.195;775.195;775.195;775.195;775.195;775.195;775.195;775.195;775.195;775.195;775.195;775.195;775.195;775.195;775.195;775.195	2325.586;2325.586;2325.586;2325.586;2325.586;2325.586;2325.586;2325.586;2325.586;2325.586;2325.586;2325.586;2325.586;2325.586;2325.586;2325.586;2325.586;2325.586;2325.586;2325.586;2325.586;2325.586;2325.586;2325.586;2325.586;2325.586;2325.586;2325.586;2325.586;2325.586;2325.586;2325.586;2325.586	4048.242;4048.242;4048.242;4048.242;4048.242;4048.242;4048.242;4048.242;4048.242;4048.242;4048.242;4048.242;4048.242;4048.242;4048.242;4048.242;4048.242;4048.242;4048.242;4048.242;4048.242;4048.242;4048.242;4048.242;4048.242;4048.242;4048.242;4048.242;4048.242;4048.242;4048.242;4048.242;4048.242	5943.164;5943.164;5943.164;5943.164;5943.164;5943.164;5943.164;5943.164;5943.164;5943.164;5943.164;5943.164;5943.164;5943.164;5943.164;5943.164;5943.164;5943.164;5943.164;5943.164;5943.164;5943.164;5943.164;5943.164;5943.164;5943.164;5943.164;5943.164;5943.164;5943.164;5943.164;5943.164;5943.164	7493.555;7493.555;7493.555;7493.555;7493.555;7493.555;7493.555;7493.555;7493.555;7493.555;7493.555;7493.555;7493.555;7493.555;7493.555;7493.555;7493.555;7493.555;7493.555;7493.555;7493.555;7493.555;7493.555;7493.555;7493.555;7493.555;7493.555;7493.555;7493.555;7493.555;7493.555;7493.555;7493.555	-11.28	34				5.858	5598.633	115.8269		5.460				5598.633	5598.633;1205.859;1205.859;5598.633;4392.773;1205.859;5598.633;4392.773;1205.859;5598.633;4392.773;1205.859;5598.633;4392.773;1205.859;6804.492;5598.633;1205.859;6804.492;5598.633;1205.859;6804.492;5598.633;1205.859;6804.492;5598.633;1205.859;6804.492;5598.633;1205.859;1205.859;5598.633;4392.773	-6.492	6804.492	964.452	1205.859	-756.724	20.000	-756.724;0.000;756.724;-207.728;-548.996;756.724;-207.728;-548.996;756.724;-207.728;-548.996;756.724;-207.728;-548.996;964.452;-207.728;-756.724;964.452;-207.728;-756.724;964.452;-207.728;-756.724;964.452;-207.728;-756.724;964.452;-207.728;-756.724;0.000;756.724;-207.728		-25.46	115.8269	0.1212			30.09	8821	115.8560	0.2727	115.8153	0.0606	115.9488	0.7576	115.9837	0.9394	114_f0-400_ncomp-19_pos.wav_1	f0 400	19_p
116	Spectrogram 1	1	116.800000000	117.000000000	200ms_schroeder_master.wav	/home/m/Dropbox/Projects/acoustic_fine_features_zebra_finch/data/processed/200ms_schroeder_master.wav	116.8000	350.000	8438.915	5.547		5.585	-31.07	3962.109	7149.023	116.8000		116.8000	5150880	0	5150880	4392.773	116.9009	0.5000	8088.915		0.2000	0.0929	0.1683	117.0000		200ms_schroeder_master.wav	5159700	/home/m/Dropbox/Projects/acoustic_fine_features_zebra_finch/data/processed/200ms_schroeder_master.wav	5159700	28.136		2411.719	775.195	6373.828	7924.219	775.195;775.195;775.195;775.195;775.195;775.195;775.195;775.195;775.195;775.195;775.195;775.195;775.195;775.195;775.195;775.195;775.195;775.195;775.195;775.195;775.195;775.195;775.195;775.195;775.195;775.195;775.195;775.195;775.195;775.195;775.195;775.195;775.195;775.195	2411.719;2411.719;2411.719;2411.719;2411.719;2411.719;2411.719;2411.719;2411.719;2411.719;2411.719;2411.719;2411.719;2411.719;2411.719;2411.719;2411.719;2411.719;2411.719;2411.719;2411.719;2411.719;2411.719;2411.719;2411.719;2411.719;2411.719;2411.719;2411.719;2411.719;2411.719;2411.719;2411.719;2411.719	4392.773;4392.773;4392.773;4392.773;4392.773;4392.773;4392.773;4392.773;4392.773;4392.773;4392.773;4392.773;4392.773;4392.773;4392.773;4392.773;4392.773;4392.773;4392.773;4392.773;4392.773;4392.773;4392.773;4392.773;4392.773;4392.773;4392.773;4392.773;4392.773;4392.773;4392.773;4392.773;4392.773;4392.773	6373.828;6373.828;6373.828;6373.828;6373.828;6373.828;6373.828;6373.828;6373.828;6373.828;6373.828;6373.828;6373.828;6373.828;6373.828;6373.828;6373.828;6373.828;6373.828;6373.828;6373.828;6373.828;6373.828;6373.828;6373.828;6373.828;6373.828;6373.828;6373.828;6373.828;6373.828;6373.828;6373.828;6287.695	7924.219;7924.219;7924.219;7924.219;7924.219;7924.219;7924.219;7924.219;7924.219;7924.219;7924.219;7924.219;7924.219;7924.219;7924.219;7924.219;7924.219;7924.219;7924.219;7924.219;7924.219;7924.219;7924.219;7924.219;7924.219;7924.219;7924.219;7924.219;7924.219;7924.219;7924.219;7924.219;7924.219;7838.086	-11.39	35				6.303	5598.633	116.8254		5.536				5598.633	5598.633;1205.859;1205.859;5598.633;6804.492;1205.859;5598.633;6804.492;1205.859;5598.633;6804.492;1205.859;5598.633;6804.492;1205.859;5598.633;6804.492;1205.859;5598.633;6804.492;1205.859;4392.773;6804.492;1205.859;4392.773;5598.633;1205.859;4392.773;5598.633;1205.859;4392.773;5598.633;6804.492;2411.719	-16.636	6804.492	756.724	1205.859	-964.452	20.000	-756.724;0.000;756.724;207.728;-964.452;756.724;207.728;-964.452;756.724;207.728;-964.452;756.724;207.728;-964.452;756.724;207.728;-964.452;756.724;207.728;-964.452;548.996;415.456;-964.452;548.996;207.728;-756.724;548.996;207.728;-756.724;548.996;207.728;207.728;-756.724		-25.67	116.8254	0.1176			30.07	8821	116.8544	0.2647	116.8138	0.0588	116.9473	0.7353	116.9821	0.9118	115_f0-400_ncomp-20_neg.wav_1	f0 400	20_n
117	Spectrogram 1	1	117.800000000	118.000000000	200ms_schroeder_master.wav	/home/m/Dropbox/Projects/acoustic_fine_features_zebra_finch/data/processed/200ms_schroeder_master.wav	117.8000	350.000	8438.915	5.547		5.585	-31.07	3962.109	7149.023	117.8000		117.8000	5194980	0	5194980	4392.773	117.8993	0.5000	8088.915		0.2000	0.0929	0.1683	118.0000		200ms_schroeder_master.wav	5203800	/home/m/Dropbox/Projects/acoustic_fine_features_zebra_finch/data/processed/200ms_schroeder_master.wav	5203800	28.137		2411.719	775.195	6373.828	7924.219	775.195;775.195;775.195;775.195;775.195;775.195;775.195;775.195;775.195;775.195;775.195;775.195;775.195;775.195;775.195;775.195;775.195;775.195;775.195;775.195;775.195;775.195;775.195;775.195;775.195;775.195;775.195;775.195;775.195;775.195;775.195;775.195;775.195;775.195	2411.719;2411.719;2411.719;2411.719;2411.719;2411.719;2411.719;2411.719;2411.719;2411.719;2411.719;2411.719;2411.719;2411.719;2411.719;2411.719;2411.719;2411.719;2411.719;2411.719;2411.719;2411.719;2411.719;2411.719;2411.719;2411.719;2411.719;2411.719;2411.719;2411.719;2411.719;2411.719;2411.719;2325.586	4392.773;4392.773;4392.773;4392.773;4392.773;4392.773;4392.773;4392.773;4392.773;4392.773;4392.773;4392.773;4392.773;4392.773;4392.773;4392.773;4392.773;4392.773;4392.773;4392.773;4392.773;4392.773;4392.773;4392.773;4392.773;4392.773;4392.773;4392.773;4392.773;4392.773;4392.773;4392.773;4392.773;4392.773	6287.695;6373.828;6373.828;6373.828;6373.828;6373.828;6373.828;6373.828;6373.828;6373.828;6373.828;6373.828;6373.828;6373.828;6373.828;6373.828;6373.828;6373.828;6373.828;6373.828;6373.828;6373.828;6373.828;6373.828;6373.828;6373.828;6373.828;6373.828;6373.828;6373.828;6373.828;6373.828;6373.828;6287.695	7924.219;7924.219;7924.219;7924.219;7924.219;7924.219;7924.219;7924.219;7924.219;7924.219;7924.219;7924.219;7924.219;7924.219;7924.219;7924.219;7924.219;7924.219;7924.219;7924.219;7924.219;7924.219;7924.219;7924.219;7924.219;7924.219;7924.219;7924.219;7924.219;7924.219;7924.219;7924.219;7924.219;7838.086	-11.39	35				6.286	5598.633	117.8471		5.536				5598.633	6804.492;5598.633;1205.859;6804.492;5598.633;5598.633;6804.492;5598.633;1205.859;1205.859;5598.633;4392.773;1205.859;5598.633;4392.773;1205.859;5598.633;4392.773;1205.859;6804.492;5598.633;1205.859;6804.492;5598.633;1205.859;6804.492;5598.633;1205.859;6804.492;5598.633;1205.859;6804.492;5598.633;3186.914	-18.884	6804.492	964.452	1205.859	-756.724	20.000	-207.728;-756.724;964.452;-207.728;0.000;207.728;-207.728;-756.724;0.000;756.724;-207.728;-548.996;756.724;-207.728;-548.996;756.724;-207.728;-548.996;964.452;-207.728;-756.724;964.452;-207.728;-756.724;964.452;-207.728;-756.724;964.452;-207.728;-756.724;964.452;-207.728;-415.456		-25.67	117.8471	0.2353			29.95	8821	117.8529	0.2647	117.8180	0.0882	117.9457	0.7353	117.9864	0.9412	116_f0-400_ncomp-20_pos.wav_1	f0 400	20_p
118	Spectrogram 1	1	118.800000000	119.000000000	200ms_schroeder_master.wav	/home/m/Dropbox/Projects/acoustic_fine_features_zebra_finch/data/processed/200ms_schroeder_master.wav	118.8000	350.000	8885.335	5.619		5.633	-31.50	4048.242	7321.289	118.8000		118.8000	5239080	0	5239080	4392.773	118.8978	0.4848	8535.335		0.2000	0.0929	0.1683	119.0000		200ms_schroeder_master.wav	5247900	/home/m/Dropbox/Projects/acoustic_fine_features_zebra_finch/data/processed/200ms_schroeder_master.wav	5247900	27.856		2411.719	775.195	6459.961	8096.484	775.195;775.195;775.195;775.195;775.195;775.195;775.195;775.195;775.195;775.195;775.195;775.195;775.195;775.195;775.195;775.195;775.195;775.195;775.195;775.195;775.195;775.195;775.195;775.195;775.195;775.195;775.195;775.195;775.195;775.195;775.195;775.195;775.195	2411.719;2411.719;2411.719;2411.719;2411.719;2411.719;2411.719;2411.719;2411.719;2411.719;2411.719;2411.719;2411.719;2411.719;2411.719;2411.719;2411.719;2411.719;2411.719;2411.719;2411.719;2411.719;2411.719;2411.719;2411.719;2411.719;2411.719;2411.719;2411.719;2411.719;2411.719;2411.719;2411.719	4392.773;4392.773;4392.773;4392.773;4392.773;4392.773;4392.773;4392.773;4392.773;4392.773;4392.773;4392.773;4392.773;4392.773;4392.773;4392.773;4392.773;4392.773;4392.773;4392.773;4392.773;4392.773;4392.773;4392.773;4392.773;4392.773;4392.773;4392.773;4392.773;4392.773;4392.773;4392.773;4392.773	6459.961;6459.961;6459.961;6459.961;6459.961;6459.961;6459.961;6459.961;6459.961;6459.961;6459.961;6459.961;6459.961;6459.961;6459.961;6459.961;6459.961;6459.961;6459.961;6459.961;6459.961;6459.961;6459.961;6459.961;6459.961;6459.961;6459.961;6459.961;6459.961;6459.961;6459.961;6459.961;6459.961	8096.484;8096.484;8096.484;8096.484;8096.484;8096.484;8096.484;8096.484;8096.484;8096.484;8096.484;8096.484;8096.484;8096.484;8096.484;8096.484;8096.484;8096.484;8096.484;8096.484;8096.484;8096.484;8096.484;8096.484;8096.484;8096.484;8096.484;8096.484;8096.484;8096.484;8096.484;8096.484;8096.484	-11.54	34				6.025	5598.633	118.8804		5.608				5598.633	6804.492;1205.859;1205.859;6804.492;1205.859;4392.773;5598.633;1205.859;4392.773;5598.633;1205.859;4392.773;5598.633;1205.859;1205.859;5598.633;6804.492;1205.859;5598.633;6804.492;1205.859;5598.633;6804.492;1205.859;5598.633;6804.492;1205.859;5598.633;6804.492;1205.859;5598.633;5598.633;1205.859	-30.139	6804.492	964.452	1205.859	-964.452	20.000	-964.452;0.000;964.452;-964.452;548.996;207.728;-756.724;548.996;207.728;-756.724;548.996;207.728;-756.724;0.000;756.724;207.728;-964.452;756.724;207.728;-964.452;756.724;207.728;-964.452;756.724;207.728;-964.452;756.724;207.728;-964.452;756.724;0.000;-756.724		-26.16	118.8804	0.3939			30.16	8821	118.8513	0.2424	118.8165	0.0606	118.9442	0.7273	118.9848	0.9394	117_f0-400_ncomp-21_neg.wav_1	f0 400	21_n
119	Spectrogram 1	1	119.800000000	120.000000000	200ms_schroeder_master.wav	/home/m/Dropbox/Projects/acoustic_fine_features_zebra_finch/data/processed/200ms_schroeder_master.wav	119.8000	350.000	8885.335	5.619		5.633	-31.50	4048.242	7321.289	119.8000		119.8000	5283180	0	5283180	4392.773	119.9020	0.5152	8535.335		0.2000	0.0929	0.1683	120.0000		200ms_schroeder_master.wav	5292000	/home/m/Dropbox/Projects/acoustic_fine_features_zebra_finch/data/processed/200ms_schroeder_master.wav	5292000	27.856		2411.719	775.195	6459.961	8096.484	775.195;775.195;775.195;775.195;775.195;775.195;775.195;775.195;775.195;775.195;775.195;775.195;775.195;775.195;775.195;775.195;775.195;775.195;775.195;775.195;775.195;775.195;775.195;775.195;775.195;775.195;775.195;775.195;775.195;775.195;775.195;775.195;775.195	2411.719;2411.719;2411.719;2411.719;2411.719;2411.719;2411.719;2411.719;2411.719;2411.719;2411.719;2411.719;2411.719;2411.719;2411.719;2411.719;2411.719;2411.719;2411.719;2411.719;2411.719;2411.719;2411.719;2411.719;2411.719;2411.719;2411.719;2411.719;2411.719;2411.719;2411.719;2411.719;2411.719	4392.773;4392.773;4392.773;4392.773;4392.773;4392.773;4392.773;4392.773;4392.773;4392.773;4392.773;4392.773;4392.773;4392.773;4392.773;4392.773;4392.773;4392.773;4392.773;4392.773;4392.773;4392.773;4392.773;4392.773;4392.773;4392.773;4392.773;4392.773;4392.773;4392.773;4392.773;4392.773;4392.773	6459.961;6459.961;6459.961;6459.961;6459.961;6459.961;6459.961;6459.961;6459.961;6459.961;6459.961;6459.961;6459.961;6459.961;6459.961;6459.961;6459.961;6459.961;6459.961;6459.961;6459.961;6459.961;6459.961;6459.961;6459.961;6459.961;6459.961;6459.961;6459.961;6459.961;6459.961;6459.961;6459.961	8096.484;8096.484;8096.484;8096.484;8096.484;8096.484;8096.484;8096.484;8096.484;8096.484;8096.484;8096.484;8096.484;8096.484;8096.484;8096.484;8096.484;8096.484;8096.484;8096.484;8096.484;8096.484;8096.484;8096.484;8096.484;8096.484;8096.484;8096.484;8096.484;8096.484;8096.484;8096.484;8096.484	-11.54	34				6.040	5598.633	119.8846		5.608				5598.633	5598.633;5598.633;5598.633;6804.492;5598.633;1205.859;6804.492;5598.633;1205.859;6804.492;5598.633;1205.859;6804.492;5598.633;1205.859;1205.859;5598.633;4392.773;1205.859;5598.633;4392.773;1205.859;5598.633;4392.773;1205.859;6804.492;5598.633;1205.859;6804.492;5598.633;1205.859;6804.492;5598.633	0.000	6804.492	964.452	1205.859	-756.724	19.000	0.000;0.000;207.728;-207.728;-756.724;964.452;-207.728;-756.724;964.452;-207.728;-756.724;964.452;-207.728;-756.724;0.000;756.724;-207.728;-548.996;756.724;-207.728;-548.996;756.724;-207.728;-548.996;964.452;-207.728;-756.724;964.452;-207.728;-756.724;964.452;-207.728		-26.16	119.8846	0.4242			30.29	8821	119.8556	0.2727	119.8150	0.0606	119.9485	0.7576	119.9833	0.9394	118_f0-400_ncomp-21_pos.wav_1	f0 400	21_p
120	Spectrogram 1	1	120.800000000	121.000000000	200ms_schroeder_master.wav	/home/m/Dropbox/Projects/acoustic_fine_features_zebra_finch/data/processed/200ms_schroeder_master.wav	120.8000	350.000	9242.471	5.687		5.726	-31.53	4392.773	7665.820	120.8000		120.8000	5327280	0	5327280	4737.305	120.9005	0.5000	8892.471		0.2000	0.0929	0.1683	121.0000		200ms_schroeder_master.wav	5336100	/home/m/Dropbox/Projects/acoustic_fine_features_zebra_finch/data/processed/200ms_schroeder_master.wav	5336100	28.126		2411.719	775.195	6804.492	8441.016	775.195;775.195;775.195;775.195;775.195;775.195;775.195;775.195;775.195;775.195;775.195;775.195;775.195;775.195;775.195;775.195;775.195;775.195;775.195;775.195;775.195;775.195;775.195;775.195;775.195;775.195;775.195;775.195;775.195;775.195;775.195;775.195;775.195;775.195	2411.719;2411.719;2411.719;2411.719;2411.719;2411.719;2411.719;2411.719;2411.719;2411.719;2411.719;2411.719;2411.719;2411.719;2411.719;2411.719;2411.719;2411.719;2411.719;2411.719;2411.719;2411.719;2411.719;2411.719;2411.719;2411.719;2411.719;2411.719;2411.719;2411.719;2411.719;2411.719;2411.719;2670.117	4737.305;4737.305;4737.305;4737.305;4737.305;4737.305;4737.305;4737.305;4737.305;4737.305;4737.305;4737.305;4737.305;4737.305;4737.305;4737.305;4737.305;4737.305;4737.305;4737.305;4737.305;4737.305;4737.305;4737.305;4737.305;4737.305;4737.305;4737.305;4737.305;4737.305;4737.305;4737.305;4737.305;4737.305	6804.492;6804.492;6804.492;6804.492;6804.492;6804.492;6804.492;6804.492;6804.492;6804.492;6804.492;6804.492;6804.492;6804.492;6804.492;6804.492;6804.492;6804.492;6804.492;6804.492;6804.492;6804.492;6804.492;6804.492;6804.492;6804.492;6804.492;6804.492;6804.492;6804.492;6804.492;6804.492;6804.492;6804.492	8441.016;8441.016;8441.016;8441.016;8441.016;8441.016;8441.016;8441.016;8441.016;8441.016;8441.016;8441.016;8441.016;8441.016;8441.016;8441.016;8441.016;8441.016;8441.016;8441.016;8441.016;8441.016;8441.016;8441.016;8441.016;8441.016;8441.016;8441.016;8441.016;8441.016;8441.016;8441.016;8441.016;8527.148	-11.40	35				6.410	5598.633	120.9527		5.677				5598.633	5598.633;6804.492;1205.859;5598.633;6804.492;1205.859;5598.633;6804.492;1205.859;5598.633;6804.492;1205.859;5598.633;6804.492;1205.859;4392.773;5598.633;1205.859;4392.773;5598.633;1205.859;4392.773;5598.633;1205.859;1205.859;5598.633;6804.492;1205.859;5598.633;6804.492;1205.859;5598.633;6804.492;1205.859	-22.931	6804.492	756.724	1205.859	-964.452	21.000	207.728;-964.452;756.724;207.728;-964.452;756.724;207.728;-964.452;756.724;207.728;-964.452;756.724;207.728;-964.452;548.996;207.728;-756.724;548.996;207.728;-756.724;548.996;207.728;-756.724;0.000;756.724;207.728;-964.452;756.724;207.728;-964.452;756.724;207.728;-964.452		-26.10	120.9527	0.7647			29.55	8821	120.8540	0.2647	120.8134	0.0588	120.9469	0.7353	120.9818	0.9118	119_f0-400_ncomp-22_neg.wav_1	f0 400	22_n
121	Spectrogram 1	1	121.800000000	122.000000000	200ms_schroeder_master.wav	/home/m/Dropbox/Projects/acoustic_fine_features_zebra_finch/data/processed/200ms_schroeder_master.wav	121.8000	350.000	9242.471	5.687		5.725	-31.53	4392.773	7665.820	121.8000		121.8000	5371380	0	5371380	4737.305	121.8989	0.5000	8892.471		0.2000	0.0929	0.1683	122.0000		200ms_schroeder_master.wav	5380200	/home/m/Dropbox/Projects/acoustic_fine_features_zebra_finch/data/processed/200ms_schroeder_master.wav	5380200	28.126		2411.719	775.195	6804.492	8441.016	775.195;775.195;775.195;775.195;775.195;775.195;775.195;775.195;775.195;775.195;775.195;775.195;775.195;775.195;775.195;775.195;775.195;775.195;775.195;775.195;775.195;775.195;775.195;775.195;775.195;775.195;775.195;775.195;775.195;775.195;775.195;775.195;775.195;775.195	2411.719;2411.719;2411.719;2411.719;2411.719;2411.719;2411.719;2411.719;2411.719;2411.719;2411.719;2411.719;2411.719;2411.719;2411.719;2411.719;2411.719;2411.719;2411.719;2411.719;2411.719;2411.719;2411.719;2411.719;2411.719;2411.719;2411.719;2411.719;2411.719;2411.719;2411.719;2411.719;2411.719;2411.719	4737.305;4737.305;4737.305;4737.305;4737.305;4737.305;4737.305;4737.305;4737.305;4737.305;4737.305;4737.305;4737.305;4737.305;4737.305;4737.305;4737.305;4737.305;4737.305;4737.305;4737.305;4737.305;4737.305;4737.305;4737.305;4737.305;4737.305;4737.305;4737.305;4737.305;4737.305;4737.305;4737.305;4737.305	6804.492;6804.492;6804.492;6804.492;6804.492;6804.492;6804.492;6804.492;6804.492;6804.492;6804.492;6804.492;6804.492;6804.492;6804.492;6804.492;6804.492;6804.492;6804.492;6804.492;6804.492;6804.492;6804.492;6804.492;6804.492;6804.492;6804.492;6804.492;6804.492;6804.492;6804.492;6804.492;6804.492;6804.492	8441.016;8441.016;8441.016;8441.016;8441.016;8441.016;8441.016;8441.016;8441.016;8441.016;8441.016;8441.016;8441.016;8441.016;8441.016;8441.016;8441.016;8441.016;8441.016;8441.016;8441.016;8441.016;8441.016;8441.016;8441.016;8441.016;8441.016;8441.016;8441.016;8441.016;8441.016;8441.016;8441.016;8527.148	-11.40	35				6.456	5598.633	121.9222		5.677				5598.633	1205.859;5598.633;5598.633;1205.859;6804.492;5598.633;1205.859;6804.492;5598.633;1205.859;6804.492;5598.633;1205.859;6804.492;5598.633;1205.859;6804.492;5598.633;1205.859;6804.492;5598.633;1205.859;1205.859;5598.633;4392.773;1205.859;5598.633;4392.773;1205.859;6804.492;5598.633;1205.859;6804.492;5598.633	22.931	6804.492	964.452	1205.859	-756.724	21.000	756.724;0.000;-756.724;964.452;-207.728;-756.724;964.452;-207.728;-756.724;964.452;-207.728;-756.724;964.452;-207.728;-756.724;964.452;-207.728;-756.724;964.452;-207.728;-756.724;0.000;756.724;-207.728;-548.996;756.724;-207.728;-548.996;964.452;-207.728;-756.724;964.452;-207.728		-26.10	121.9222	0.6176			29.63	8821	121.8525	0.2647	121.8177	0.0882	121.9454	0.7353	121.9860	0.9412	120_f0-400_ncomp-22_pos.wav_1	f0 400	22_p
122	Spectrogram 1	1	122.800000000	123.000000000	200ms_schroeder_master.wav	/home/m/Dropbox/Projects/acoustic_fine_features_zebra_finch/data/processed/200ms_schroeder_master.wav	122.8000	350.000	9688.891	5.753		5.767	-31.54	4392.773	8096.484	122.8000		122.8000	5415480	0	5415480	4823.438	122.8974	0.4848	9338.891		0.2000	0.0987	0.1683	123.0000		200ms_schroeder_master.wav	5424300	/home/m/Dropbox/Projects/acoustic_fine_features_zebra_finch/data/processed/200ms_schroeder_master.wav	5424300	28.187		2756.250	775.195	7149.023	8871.680	775.195;775.195;775.195;775.195;775.195;775.195;775.195;775.195;775.195;775.195;775.195;775.195;775.195;775.195;775.195;775.195;775.195;775.195;775.195;775.195;775.195;775.195;775.195;775.195;775.195;775.195;775.195;775.195;775.195;775.195;775.195;775.195;775.195	2756.250;2756.250;2756.250;2756.250;2756.250;2756.250;2756.250;2756.250;2756.250;2756.250;2756.250;2756.250;2756.250;2756.250;2756.250;2756.250;2756.250;2756.250;2756.250;2756.250;2756.250;2756.250;2756.250;2756.250;2756.250;2756.250;2756.250;2756.250;2756.250;2756.250;2756.250;2670.117;2670.117	4823.438;4823.438;4823.438;4823.438;4823.438;4823.438;4823.438;4823.438;4823.438;4823.438;4823.438;4823.438;4823.438;4823.438;4823.438;4823.438;4823.438;4823.438;4823.438;4823.438;4823.438;4823.438;4823.438;4823.438;4823.438;4823.438;4823.438;4823.438;4823.438;4823.438;4823.438;4823.438;4823.438	7149.023;7149.023;7149.023;7149.023;7149.023;7149.023;7149.023;7149.023;7149.023;7149.023;7149.023;7149.023;7149.023;7149.023;7149.023;7149.023;7149.023;7149.023;7149.023;7149.023;7149.023;7149.023;7149.023;7149.023;7149.023;7149.023;7149.023;7149.023;7149.023;7149.023;7149.023;7149.023;7149.023	8871.680;8871.680;8871.680;8871.680;8871.680;8871.680;8871.680;8871.680;8871.680;8871.680;8871.680;8871.680;8871.680;8871.680;8871.680;8871.680;8871.680;8871.680;8871.680;8871.680;8871.680;8871.680;8871.680;8871.680;8871.680;8871.680;8871.680;8871.680;8871.680;8871.680;8871.680;8871.680;8871.680	-11.21	34				6.125	5598.633	122.8452		5.742				5598.633	5598.633;1205.859;1205.859;5598.633;1205.859;1205.859;5598.633;6804.492;1205.859;5598.633;6804.492;1205.859;5598.633;6804.492;1205.859;5598.633;6804.492;1205.859;5598.633;6804.492;1205.859;5598.633;6804.492;1205.859;5598.633;6804.492;1205.859;4392.773;5598.633;1205.859;4392.773;5598.633;8010.352	12.983	8010.352	756.724	1205.859	-964.452	19.000	-756.724;0.000;756.724;-756.724;0.000;756.724;207.728;-964.452;756.724;207.728;-964.452;756.724;207.728;-964.452;756.724;207.728;-964.452;756.724;207.728;-964.452;756.724;207.728;-964.452;756.724;207.728;-964.452;548.996;207.728;-756.724;548.996;207.728;415.456		-26.23	122.8452	0.2121			29.94	8821	122.8510	0.2424	122.8161	0.0606	122.9496	0.7576	122.9845	0.9394	121_f0-400_ncomp-23_neg.wav_1	f0 400	23_n
123	Spectrogram 1	1	123.800000000	124.000000000	200ms_schroeder_master.wav	/home/m/Dropbox/Projects/acoustic_fine_features_zebra_finch/data/processed/200ms_schroeder_master.wav	123.8000	350.000	9688.891	5.753		5.768	-31.54	4392.773	8096.484	123.8000		123.8000	5459580	0	5459580	4823.438	123.9017	0.5152	9338.891		0.2000	0.0929	0.1683	124.0000		200ms_schroeder_master.wav	5468400	/home/m/Dropbox/Projects/acoustic_fine_features_zebra_finch/data/processed/200ms_schroeder_master.wav	5468400	28.187		2756.250	775.195	7149.023	8871.680	775.195;775.195;775.195;775.195;775.195;775.195;775.195;775.195;775.195;775.195;775.195;775.195;775.195;775.195;775.195;775.195;775.195;775.195;775.195;775.195;775.195;775.195;775.195;775.195;775.195;775.195;775.195;775.195;775.195;775.195;775.195;775.195;775.195	2756.250;2756.250;2756.250;2756.250;2756.250;2756.250;2756.250;2756.250;2756.250;2756.250;2756.250;2756.250;2756.250;2756.250;2756.250;2756.250;2756.250;2756.250;2756.250;2756.250;2756.250;2756.250;2756.250;2756.250;2756.250;2756.250;2756.250;2756.250;2756.250;2756.250;2756.250;2756.250;2670.117	4823.438;4823.438;4823.438;4823.438;4823.438;4823.438;4823.438;4823.438;4823.438;4823.438;4823.438;4823.438;4823.438;4823.438;4823.438;4823.438;4823.438;4823.438;4823.438;4823.438;4823.438;4823.438;4823.438;4823.438;4823.438;4823.438;4823.438;4823.438;4823.438;4823.438;4823.438;4823.438;4823.438	7149.023;7149.023;7149.023;7149.023;7149.023;7149.023;7149.023;7149.023;7149.023;7149.023;7149.023;7149.023;7149.023;7149.023;7149.023;7149.023;7149.023;7149.023;7149.023;7149.023;7149.023;7149.023;7149.023;7149.023;7149.023;7149.023;7149.023;7149.023;7149.023;7149.023;7149.023;7149.023;7149.023	8871.680;8871.680;8871.680;8871.680;8871.680;8871.680;8871.680;8871.680;8871.680;8871.680;8871.680;8871.680;8871.680;8871.680;8871.680;8871.680;8871.680;8871.680;8871.680;8871.680;8871.680;8871.680;8871.680;8871.680;8871.680;8871.680;8871.680;8871.680;8871.680;8871.680;8871.680;8871.680;8871.680	-11.21	34				6.210	5598.633	123.9597		5.742				5598.633	1205.859;5598.633;4392.773;1205.859;5598.633;4392.773;1205.859;6804.492;5598.633;1205.859;6804.492;5598.633;1205.859;6804.492;5598.633;1205.859;6804.492;5598.633;1205.859;6804.492;5598.633;1205.859;6804.492;5598.633;1205.859;6804.492;5598.633;1205.859;1205.859;5598.633;4392.773;1205.859;6804.492	30.139	6804.492	964.452	1205.859	-756.724	20.000	756.724;-207.728;-548.996;756.724;-207.728;-548.996;964.452;-207.728;-756.724;964.452;-207.728;-756.724;964.452;-207.728;-756.724;964.452;-207.728;-756.724;964.452;-207.728;-756.724;964.452;-207.728;-756.724;964.452;-207.728;-756.724;0.000;756.724;-207.728;-548.996;964.452		-26.23	123.9597	0.8182			29.90	8821	123.8552	0.2727	123.8146	0.0606	123.9481	0.7576	123.9829	0.9394	122_f0-400_ncomp-23_pos.wav_1	f0 400	23_p
124	Spectrogram 1	1	124.800000000	125.000000000	200ms_schroeder_master.wav	/home/m/Dropbox/Projects/acoustic_fine_features_zebra_finch/data/processed/200ms_schroeder_master.wav	124.8000	350.000	10135.311	5.815		5.854	-31.98	4823.438	8441.016	124.8000		124.8000	5503680	0	5503680	5167.969	124.9001	0.5000	9785.311		0.2000	0.0929	0.1741	125.0000		200ms_schroeder_master.wav	5512500	/home/m/Dropbox/Projects/acoustic_fine_features_zebra_finch/data/processed/200ms_schroeder_master.wav	5512500	28.075		2756.250	775.195	7579.688	9216.211	775.195;775.195;775.195;775.195;775.195;775.195;775.195;775.195;775.195;775.195;775.195;775.195;775.195;775.195;775.195;775.195;775.195;775.195;775.195;775.195;775.195;775.195;775.195;775.195;775.195;775.195;775.195;775.195;775.195;775.195;775.195;775.195;775.195;861.328	2756.250;2756.250;2756.250;2756.250;2756.250;2756.250;2756.250;2756.250;2756.250;2756.250;2756.250;2756.250;2756.250;2756.250;2756.250;2756.250;2756.250;2756.250;2756.250;2756.250;2756.250;2756.250;2756.250;2756.250;2756.250;2756.250;2756.250;2756.250;2756.250;2756.250;2756.250;2756.250;2756.250;2756.250	5167.969;5167.969;5167.969;5167.969;5167.969;5167.969;5167.969;5167.969;5167.969;5167.969;5167.969;5167.969;5167.969;5167.969;5167.969;5167.969;5167.969;5167.969;5167.969;5167.969;5167.969;5167.969;5167.969;5167.969;5167.969;5167.969;5167.969;5167.969;5167.969;5167.969;5167.969;5167.969;5167.969;5081.836	7493.555;7579.688;7579.688;7579.688;7579.688;7579.688;7579.688;7579.688;7579.688;7579.688;7579.688;7579.688;7579.688;7579.688;7579.688;7579.688;7579.688;7579.688;7579.688;7579.688;7579.688;7579.688;7579.688;7579.688;7579.688;7579.688;7579.688;7579.688;7579.688;7579.688;7579.688;7579.688;7493.555;7321.289	9216.211;9216.211;9216.211;9216.211;9216.211;9216.211;9216.211;9216.211;9216.211;9216.211;9216.211;9216.211;9216.211;9216.211;9216.211;9216.211;9216.211;9216.211;9216.211;9216.211;9216.211;9216.211;9216.211;9216.211;9216.211;9216.211;9216.211;9216.211;9216.211;9216.211;9216.211;9216.211;9216.211;9302.344	-11.45	35				6.497	5598.633	124.9001		5.805				5598.633	5598.633;6804.492;1205.859;5598.633;6804.492;1205.859;5598.633;6804.492;1205.859;4392.773;5598.633;1205.859;1205.859;5598.633;1205.859;1205.859;5598.633;6804.492;1205.859;5598.633;6804.492;1205.859;5598.633;6804.492;1205.859;5598.633;6804.492;1205.859;5598.633;6804.492;1205.859;5598.633;5598.633;1205.859	-22.931	6804.492	756.724	1205.859	-964.452	21.000	207.728;-964.452;756.724;207.728;-964.452;756.724;207.728;-964.452;548.996;207.728;-756.724;0.000;756.724;-756.724;0.000;756.724;207.728;-964.452;756.724;207.728;-964.452;756.724;207.728;-964.452;756.724;207.728;-964.452;756.724;207.728;-964.452;756.724;0.000;-756.724		-26.54	124.9001	0.5000			29.62	8821	124.8537	0.2647	124.8130	0.0588	124.9466	0.7353	124.9872	0.9412	123_f0-400_ncomp-24_neg.wav_1	f0 400	24_n
125	Spectrogram 1	1	125.800000000	126.000000000	200ms_schroeder_master.wav	/home/m/Dropbox/Projects/acoustic_fine_features_zebra_finch/data/processed/200ms_schroeder_master.wav	125.8000	350.000	10135.311	5.815		5.831	-31.85	4823.438	8441.016	125.8000		125.8000	5547780	0	5547780	5167.969	125.8986	0.4848	9785.311		0.2000	0.0929	0.1683	126.0000		200ms_schroeder_master.wav	5556600	/home/m/Dropbox/Projects/acoustic_fine_features_zebra_finch/data/processed/200ms_schroeder_master.wav	5556600	28.074		2756.250	775.195	7579.688	9216.211	775.195;775.195;775.195;775.195;775.195;775.195;775.195;775.195;775.195;775.195;775.195;775.195;775.195;775.195;775.195;775.195;775.195;775.195;775.195;775.195;775.195;775.195;775.195;775.195;775.195;775.195;775.195;775.195;775.195;775.195;775.195;775.195;861.328	2756.250;2756.250;2756.250;2756.250;2756.250;2756.250;2756.250;2756.250;2756.250;2756.250;2756.250;2756.250;2756.250;2756.250;2756.250;2756.250;2756.250;2756.250;2756.250;2756.250;2756.250;2756.250;2756.250;2756.250;2756.250;2756.250;2756.250;2756.250;2756.250;2756.250;2756.250;2756.250;2756.250	5167.969;5167.969;5167.969;5167.969;5167.969;5167.969;5167.969;5167.969;5167.969;5167.969;5167.969;5167.969;5167.969;5167.969;5167.969;5167.969;5167.969;5167.969;5167.969;5167.969;5167.969;5167.969;5167.969;5167.969;5167.969;5167.969;5167.969;5167.969;5167.969;5167.969;5167.969;5167.969;5167.969	7579.688;7579.688;7579.688;7579.688;7579.688;7579.688;7579.688;7579.688;7579.688;7579.688;7579.688;7579.688;7579.688;7579.688;7579.688;7579.688;7579.688;7579.688;7579.688;7579.688;7579.688;7579.688;7579.688;7579.688;7579.688;7579.688;7579.688;7579.688;7579.688;7579.688;7579.688;7579.688;7493.555	9216.211;9216.211;9216.211;9216.211;9216.211;9216.211;9216.211;9216.211;9216.211;9216.211;9216.211;9216.211;9216.211;9216.211;9216.211;9216.211;9216.211;9216.211;9216.211;9216.211;9216.211;9216.211;9216.211;9216.211;9216.211;9216.211;9216.211;9216.211;9216.211;9216.211;9216.211;9216.211;9302.344	-11.32	34				6.304	5598.633	125.8173		5.805				5598.633	6804.492;5598.633;5598.633;1205.859;5598.633;1205.859;1205.859;5598.633;4392.773;1205.859;5598.633;5598.633;1205.859;6804.492;5598.633;1205.859;6804.492;5598.633;1205.859;6804.492;5598.633;1205.859;6804.492;5598.633;1205.859;6804.492;5598.633;1205.859;6804.492;5598.633;1205.859;1205.859;6804.492	0.000	6804.492	964.452	1205.859	-756.724	19.000	-207.728;0.000;-756.724;756.724;-756.724;0.000;756.724;-207.728;-548.996;756.724;0.000;-756.724;964.452;-207.728;-756.724;964.452;-207.728;-756.724;964.452;-207.728;-756.724;964.452;-207.728;-756.724;964.452;-207.728;-756.724;964.452;-207.728;-756.724;0.000;964.452		-26.54	125.8173	0.0606			29.62	8821	125.8521	0.2424	125.8173	0.0606	125.9450	0.7273	125.9857	0.9394	124_f0-400_ncomp-24_pos.wav_1	f0 400	24_p
126	Spectrogram 1	1	126.800000000	127.000000000	200ms_schroeder_master.wav	/home/m/Dropbox/Projects/acoustic_fine_features_zebra_finch/data/processed/200ms_schroeder_master.wav	126.8000	350.000	10492.447	5.875		5.890	-31.79	4823.438	8871.680	126.8000		126.8000	5591880	0	5591880	5254.102	126.9028	0.5152	10142.447		0.2000	0.0987	0.1683	127.0000		200ms_schroeder_master.wav	5600700	/home/m/Dropbox/Projects/acoustic_fine_features_zebra_finch/data/processed/200ms_schroeder_master.wav	5600700	28.287		2842.383	775.195	7665.820	9646.875	775.195;775.195;775.195;775.195;775.195;775.195;775.195;775.195;775.195;775.195;775.195;775.195;775.195;775.195;775.195;775.195;775.195;775.195;775.195;775.195;775.195;775.195;775.195;775.195;775.195;775.195;775.195;775.195;775.195;775.195;775.195;775.195;861.328	2842.383;2842.383;2842.383;2842.383;2842.383;2842.383;2842.383;2842.383;2842.383;2842.383;2842.383;2842.383;2842.383;2842.383;2842.383;2842.383;2842.383;2842.383;2842.383;2842.383;2842.383;2842.383;2842.383;2842.383;2842.383;2842.383;2842.383;2842.383;2842.383;2842.383;2842.383;2842.383;2842.383	5254.102;5254.102;5254.102;5254.102;5254.102;5254.102;5254.102;5254.102;5254.102;5254.102;5254.102;5254.102;5254.102;5254.102;5254.102;5254.102;5254.102;5254.102;5254.102;5254.102;5254.102;5254.102;5254.102;5254.102;5254.102;5254.102;5254.102;5254.102;5254.102;5254.102;5254.102;5254.102;5254.102	7665.820;7665.820;7665.820;7665.820;7665.820;7665.820;7665.820;7665.820;7665.820;7665.820;7665.820;7665.820;7665.820;7665.820;7665.820;7665.820;7665.820;7665.820;7665.820;7665.820;7665.820;7665.820;7665.820;7665.820;7665.820;7665.820;7665.820;7665.820;7665.820;7665.820;7665.820;7665.820;7665.820	9646.875;9646.875;9646.875;9646.875;9646.875;9646.875;9646.875;9646.875;9646.875;9646.875;9646.875;9646.875;9646.875;9646.875;9646.875;9646.875;9646.875;9646.875;9646.875;9646.875;9646.875;9646.875;9646.875;9646.875;9646.875;9646.875;9646.875;9646.875;9646.875;9646.875;9646.875;9646.875;9646.875	-11.11	34				6.220	5598.633	126.9551		5.865				5598.633	5598.633;6804.492;1205.859;5598.633;5598.633;1205.859;5598.633;6804.492;1205.859;5598.633;6804.492;1205.859;5598.633;6804.492;1205.859;5598.633;6804.492;1205.859;5598.633;5598.633;1205.859;1205.859;5598.633;1205.859;1205.859;5598.633;6804.492;1205.859;5598.633;6804.492;1205.859;5598.633;6804.492	6.492	6804.492	756.724	1205.859	-964.452	20.000	207.728;-964.452;756.724;0.000;-756.724;756.724;207.728;-964.452;756.724;207.728;-964.452;756.724;207.728;-964.452;756.724;207.728;-964.452;756.724;0.000;-756.724;0.000;756.724;-756.724;0.000;756.724;207.728;-964.452;756.724;207.728;-964.452;756.724;207.728		-26.50	126.9551	0.7879			29.70	8821	126.8506	0.2424	126.8158	0.0606	126.9493	0.7576	126.9841	0.9394	125_f0-400_ncomp-25_neg.wav_1	f0 400	25_n
127	Spectrogram 1	1	127.800000000	128.000000000	200ms_schroeder_master.wav	/home/m/Dropbox/Projects/acoustic_fine_features_zebra_finch/data/processed/200ms_schroeder_master.wav	127.8000	350.000	10492.447	5.875		5.913	-31.92	4823.438	8871.680	127.8000		127.8000	5635980	0	5635980	5254.102	127.9013	0.5000	10142.447		0.2000	0.0929	0.1683	128.0000		200ms_schroeder_master.wav	5644800	/home/m/Dropbox/Projects/acoustic_fine_features_zebra_finch/data/processed/200ms_schroeder_master.wav	5644800	28.287		2842.383	775.195	7665.820	9646.875	775.195;775.195;775.195;775.195;775.195;775.195;775.195;775.195;775.195;775.195;775.195;775.195;775.195;775.195;775.195;775.195;775.195;775.195;775.195;775.195;775.195;775.195;775.195;775.195;775.195;775.195;775.195;775.195;775.195;775.195;775.195;775.195;861.328;861.328	2842.383;2842.383;2842.383;2842.383;2842.383;2842.383;2842.383;2842.383;2842.383;2842.383;2842.383;2842.383;2842.383;2842.383;2842.383;2842.383;2842.383;2842.383;2842.383;2842.383;2842.383;2842.383;2842.383;2842.383;2842.383;2842.383;2842.383;2842.383;2842.383;2842.383;2842.383;2842.383;2842.383;2670.117	5254.102;5254.102;5254.102;5254.102;5254.102;5254.102;5254.102;5254.102;5254.102;5254.102;5254.102;5254.102;5254.102;5254.102;5254.102;5254.102;5254.102;5254.102;5254.102;5254.102;5254.102;5254.102;5254.102;5254.102;5254.102;5254.102;5254.102;5254.102;5254.102;5254.102;5254.102;5254.102;5254.102;4823.438	7665.820;7665.820;7665.820;7665.820;7665.820;7665.820;7665.820;7665.820;7665.820;7665.820;7665.820;7665.820;7665.820;7665.820;7665.820;7665.820;7665.820;7665.820;7665.820;7665.820;7665.820;7665.820;7665.820;7665.820;7665.820;7665.820;7665.820;7665.820;7665.820;7665.820;7665.820;7665.820;7665.820;7579.688	9646.875;9646.875;9646.875;9646.875;9646.875;9646.875;9646.875;9646.875;9646.875;9646.875;9646.875;9646.875;9646.875;9646.875;9646.875;9646.875;9646.875;9646.875;9646.875;9646.875;9646.875;9646.875;9646.875;9646.875;9646.875;9646.875;9646.875;9646.875;9646.875;9646.875;9646.875;9646.875;9646.875;9646.875	-11.24	35				6.662	5598.633	127.8549		5.865				5598.633	1205.859;6804.492;5598.633;5598.633;6804.492;5598.633;1205.859;6804.492;5598.633;1205.859;6804.492;5598.633;1205.859;1205.859;5598.633;4392.773;1205.859;6804.492;5598.633;1205.859;6804.492;5598.633;1205.859;6804.492;5598.633;1205.859;6804.492;5598.633;1205.859;6804.492;5598.633;1205.859;6804.492;6804.492	29.226	6804.492	964.452	1205.859	-756.724	20.000	964.452;-207.728;0.000;207.728;-207.728;-756.724;964.452;-207.728;-756.724;964.452;-207.728;-756.724;0.000;756.724;-207.728;-548.996;964.452;-207.728;-756.724;964.452;-207.728;-756.724;964.452;-207.728;-756.724;964.452;-207.728;-756.724;964.452;-207.728;-756.724;964.452;0.000		-26.50	127.8549	0.2647			29.71	8821	127.8549	0.2647	127.8142	0.0588	127.9477	0.7353	127.9826	0.9118	126_f0-400_ncomp-25_pos.wav_1	f0 400	25_p
128	Spectrogram 1	1	128.800000000	129.000000000	200ms_schroeder_master.wav	/home/m/Dropbox/Projects/acoustic_fine_features_zebra_finch/data/processed/200ms_schroeder_master.wav	128.8000	450.000	2724.738	3.460		3.500	-25.82	1033.594	1981.055	128.8000		128.8000	5680080	0	5680080	1550.391	128.8998	0.5000	2274.738		0.2000	0.0929	0.1683	129.0000		200ms_schroeder_master.wav	5688900	/home/m/Dropbox/Projects/acoustic_fine_features_zebra_finch/data/processed/200ms_schroeder_master.wav	5688900	27.848		1033.594	516.797	2067.188	2497.852	516.797;516.797;516.797;516.797;516.797;516.797;516.797;516.797;516.797;516.797;516.797;516.797;516.797;516.797;516.797;516.797;516.797;516.797;516.797;516.797;516.797;516.797;516.797;516.797;516.797;516.797;516.797;516.797;516.797;516.797;516.797;516.797;516.797;516.797	1033.594;1033.594;1033.594;1033.594;1033.594;1033.594;1033.594;1033.594;1033.594;1033.594;1033.594;1033.594;1033.594;1033.594;1033.594;1033.594;1033.594;1033.594;1033.594;1033.594;1033.594;1033.594;1033.594;1033.594;1033.594;1033.594;1033.594;1033.594;1033.594;1033.594;1033.594;1033.594;1033.594;1033.594	1550.391;1550.391;1550.391;1550.391;1550.391;1550.391;1550.391;1550.391;1550.391;1550.391;1550.391;1550.391;1550.391;1550.391;1550.391;1550.391;1550.391;1550.391;1550.391;1550.391;1550.391;1550.391;1550.391;1550.391;1550.391;1550.391;1550.391;1550.391;1550.391;1550.391;1550.391;1550.391;1550.391;1550.391	2067.188;2067.188;2067.188;2067.188;2067.188;2067.188;2067.188;2067.188;2067.188;2067.188;2067.188;2067.188;2067.188;2067.188;2067.188;2067.188;2067.188;2067.188;2067.188;2067.188;2067.188;2067.188;2067.188;2067.188;2067.188;2067.188;2067.188;2067.188;2067.188;2067.188;2067.188;2067.188;2067.188;2067.188	2497.852;2497.852;2497.852;2497.852;2497.852;2497.852;2497.852;2497.852;2497.852;2497.852;2497.852;2497.852;2497.852;2497.852;2497.852;2497.852;2497.852;2497.852;2497.852;2497.852;2497.852;2497.852;2497.852;2497.852;2497.852;2497.852;2497.852;2497.852;2497.852;2497.852;2497.852;2497.852;2497.852;2583.984	-11.68	35				4.186	2497.852	128.8475		3.446				2497.852	2497.852;2497.852;2497.852;2497.852;2497.852;2497.852;2497.852;2497.852;2497.852;2497.852;2497.852;2497.852;2497.852;2497.852;2497.852;2497.852;2497.852;2497.852;2497.852;2497.852;2497.852;2497.852;2497.852;2497.852;2497.852;2497.852;2497.852;2497.852;2497.852;2497.852;2497.852;2497.852;2497.852;2497.852	0.000	2497.852	0.000	2497.852	0.000	0.000	0.000;0.000;0.000;0.000;0.000;0.000;0.000;0.000;0.000;0.000;0.000;0.000;0.000;0.000;0.000;0.000;0.000;0.000;0.000;0.000;0.000;0.000;0.000;0.000;0.000;0.000;0.000;0.000;0.000;0.000;0.000;0.000;0.000		-19.82	128.8475	0.2353			34.47	8821	128.8533	0.2647	128.8185	0.0882	128.9462	0.7353	128.9868	0.9412	127_f0-500_ncomp-5_neg.wav_1	f0 500	5_n
129	Spectrogram 1	1	129.800000000	130.000000000	200ms_schroeder_master.wav	/home/m/Dropbox/Projects/acoustic_fine_features_zebra_finch/data/processed/200ms_schroeder_master.wav	129.8000	450.000	2724.738	3.460		3.475	-25.70	1033.594	1981.055	129.8000		129.8000	5724180	0	5724180	1550.391	129.8982	0.4848	2274.738		0.2000	0.0929	0.1683	130.0000		200ms_schroeder_master.wav	5733000	/home/m/Dropbox/Projects/acoustic_fine_features_zebra_finch/data/processed/200ms_schroeder_master.wav	5733000	27.847		1033.594	516.797	2067.188	2497.852	516.797;516.797;516.797;516.797;516.797;516.797;516.797;516.797;516.797;516.797;516.797;516.797;516.797;516.797;516.797;516.797;516.797;516.797;516.797;516.797;516.797;516.797;516.797;516.797;516.797;516.797;516.797;516.797;516.797;516.797;516.797;516.797;516.797	1033.594;1033.594;1033.594;1033.594;1033.594;1033.594;1033.594;1033.594;1033.594;1033.594;1033.594;1033.594;1033.594;1033.594;1033.594;1033.594;1033.594;1033.594;1033.594;1033.594;1033.594;1033.594;1033.594;1033.594;1033.594;1033.594;1033.594;1033.594;1033.594;1033.594;1033.594;1033.594;1033.594	1550.391;1550.391;1550.391;1550.391;1550.391;1550.391;1550.391;1550.391;1550.391;1550.391;1550.391;1550.391;1550.391;1550.391;1550.391;1550.391;1550.391;1550.391;1550.391;1550.391;1550.391;1550.391;1550.391;1550.391;1550.391;1550.391;1550.391;1550.391;1550.391;1550.391;1550.391;1550.391;1550.391	2067.188;2067.188;2067.188;2067.188;2067.188;2067.188;2067.188;2067.188;2067.188;2067.188;2067.188;2067.188;2067.188;2067.188;2067.188;2067.188;2067.188;2067.188;2067.188;2067.188;2067.188;2067.188;2067.188;2067.188;2067.188;2067.188;2067.188;2067.188;2067.188;2067.188;2067.188;2067.188;2067.188	2497.852;2497.852;2497.852;2497.852;2497.852;2497.852;2497.852;2497.852;2497.852;2497.852;2497.852;2497.852;2497.852;2497.852;2497.852;2497.852;2497.852;2497.852;2497.852;2497.852;2497.852;2497.852;2497.852;2497.852;2497.852;2497.852;2497.852;2497.852;2497.852;2497.852;2497.852;2497.852;2583.984	-11.55	34				3.908	2497.852	129.9505		3.446				2497.852	2497.852;2497.852;2497.852;2497.852;2497.852;2497.852;2497.852;2497.852;2497.852;2497.852;2497.852;2497.852;2497.852;2497.852;2497.852;2497.852;2497.852;2497.852;2497.852;2497.852;2497.852;2497.852;2497.852;2497.852;2497.852;2497.852;2497.852;2497.852;2497.852;2497.852;2497.852;2497.852;2497.852	0.000	2497.852	0.000	2497.852	0.000	0.000	0.000;0.000;0.000;0.000;0.000;0.000;0.000;0.000;0.000;0.000;0.000;0.000;0.000;0.000;0.000;0.000;0.000;0.000;0.000;0.000;0.000;0.000;0.000;0.000;0.000;0.000;0.000;0.000;0.000;0.000;0.000;0.000		-19.82	129.9505	0.7576			34.85	8821	129.8518	0.2424	129.8170	0.0606	129.9447	0.7273	129.9853	0.9394	128_f0-500_ncomp-5_pos.wav_1	f0 500	5_p
130	Spectrogram 1	1	130.800000000	131.000000000	200ms_schroeder_master.wav	/home/m/Dropbox/Projects/acoustic_fine_features_zebra_finch/data/processed/200ms_schroeder_master.wav	130.8000	450.000	3260.442	3.744		3.759	-27.24	1464.258	2497.852	130.8000		130.8000	5768280	0	5768280	1981.055	130.9025	0.5152	2810.442		0.2000	0.0987	0.1683	131.0000		200ms_schroeder_master.wav	5777100	/home/m/Dropbox/Projects/acoustic_fine_features_zebra_finch/data/processed/200ms_schroeder_master.wav	5777100	27.204		1033.594	516.797	2497.852	3014.648	516.797;516.797;516.797;516.797;516.797;516.797;516.797;516.797;516.797;516.797;516.797;516.797;516.797;516.797;516.797;516.797;516.797;516.797;516.797;516.797;516.797;516.797;516.797;516.797;516.797;516.797;516.797;516.797;516.797;516.797;516.797;516.797;516.797	1033.594;1033.594;1033.594;1033.594;1033.594;1033.594;1033.594;1033.594;1033.594;1033.594;1033.594;1033.594;1033.594;1033.594;1033.594;1033.594;1033.594;1033.594;1033.594;1033.594;1033.594;1033.594;1033.594;1033.594;1033.594;1033.594;1033.594;1033.594;1033.594;1033.594;1033.594;1033.594;1033.594	1981.055;1981.055;1981.055;1981.055;1981.055;1981.055;1981.055;1981.055;1981.055;1981.055;1981.055;1981.055;1981.055;1981.055;1981.055;1981.055;1981.055;1981.055;1981.055;1981.055;1981.055;1981.055;1981.055;1981.055;1981.055;1981.055;1981.055;1981.055;1981.055;1981.055;1981.055;1981.055;1981.055	2497.852;2497.852;2497.852;2497.852;2497.852;2497.852;2497.852;2497.852;2497.852;2497.852;2497.852;2497.852;2497.852;2497.852;2497.852;2497.852;2497.852;2497.852;2497.852;2497.852;2497.852;2497.852;2497.852;2497.852;2497.852;2497.852;2497.852;2497.852;2497.852;2497.852;2497.852;2497.852;2497.852	3014.648;3014.648;3014.648;3014.648;3014.648;3014.648;3014.648;3014.648;3014.648;3014.648;3014.648;3014.648;3014.648;3014.648;3014.648;3014.648;3014.648;3014.648;3014.648;3014.648;3014.648;3014.648;3014.648;3014.648;3014.648;3014.648;3014.648;3014.648;3014.648;3014.648;3014.648;3014.648;3014.648	-12.19	34				4.124	2497.852	130.8154		3.730				2497.852	2497.852;2497.852;2497.852;2497.852;2497.852;2497.852;2497.852;2497.852;2497.852;2497.852;2497.852;2497.852;2497.852;2497.852;2497.852;2497.852;2497.852;2497.852;2497.852;2497.852;2497.852;2497.852;2497.852;2497.852;2497.852;2497.852;2497.852;2497.852;2497.852;2497.852;2497.852;2497.852;2497.852	0.000	2497.852	0.000	2497.852	0.000	0.000	0.000;0.000;0.000;0.000;0.000;0.000;0.000;0.000;0.000;0.000;0.000;0.000;0.000;0.000;0.000;0.000;0.000;0.000;0.000;0.000;0.000;0.000;0.000;0.000;0.000;0.000;0.000;0.000;0.000;0.000;0.000;0.000		-21.29	130.8154	0.0606			34.53	8821	130.8502	0.2424	130.8154	0.0606	130.9489	0.7576	130.9838	0.9394	129_f0-500_ncomp-6_neg.wav_1	f0 500	6_n
131	Spectrogram 1	1	131.800000000	132.000000000	200ms_schroeder_master.wav	/home/m/Dropbox/Projects/acoustic_fine_features_zebra_finch/data/processed/200ms_schroeder_master.wav	131.8000	450.000	3260.442	3.744		3.786	-27.37	1464.258	2497.852	131.8000		131.8000	5812380	0	5812380	1981.055	131.9009	0.5000	2810.442		0.2000	0.0929	0.1683	132.0000		200ms_schroeder_master.wav	5821200	/home/m/Dropbox/Projects/acoustic_fine_features_zebra_finch/data/processed/200ms_schroeder_master.wav	5821200	27.204		1033.594	516.797	2497.852	3014.648	516.797;516.797;516.797;516.797;516.797;516.797;516.797;516.797;516.797;516.797;516.797;516.797;516.797;516.797;516.797;516.797;516.797;516.797;516.797;516.797;516.797;516.797;516.797;516.797;516.797;516.797;516.797;516.797;516.797;516.797;516.797;516.797;516.797;516.797	1033.594;1033.594;1033.594;1033.594;1033.594;1033.594;1033.594;1033.594;1033.594;1033.594;1033.594;1033.594;1033.594;1033.594;1033.594;1033.594;1033.594;1033.594;1033.594;1033.594;1033.594;1033.594;1033.594;1033.594;1033.594;1033.594;1033.594;1033.594;1033.594;1033.594;1033.594;1033.594;1033.594;1033.594	1981.055;1981.055;1981.055;1981.055;1981.055;1981.055;1981.055;1981.055;1981.055;1981.055;1981.055;1981.055;1981.055;1981.055;1981.055;1981.055;1981.055;1981.055;1981.055;1981.055;1981.055;1981.055;1981.055;1981.055;1981.055;1981.055;1981.055;1981.055;1981.055;1981.055;1981.055;1981.055;1981.055;1894.922	2497.852;2497.852;2497.852;2497.852;2497.852;2497.852;2497.852;2497.852;2497.852;2497.852;2497.852;2497.852;2497.852;2497.852;2497.852;2497.852;2497.852;2497.852;2497.852;2497.852;2497.852;2497.852;2497.852;2497.852;2497.852;2497.852;2497.852;2497.852;2497.852;2497.852;2497.852;2497.852;2497.852;2497.852	3014.648;3014.648;3014.648;3014.648;3014.648;3014.648;3014.648;3014.648;3014.648;3014.648;3014.648;3014.648;3014.648;3014.648;3014.648;3014.648;3014.648;3014.648;3014.648;3014.648;3014.648;3014.648;3014.648;3014.648;3014.648;3014.648;3014.648;3014.648;3014.648;3014.648;3014.648;3014.648;3014.648;3014.648	-12.32	35				4.605	2497.852	131.9126		3.730				2497.852	2497.852;2497.852;2497.852;2497.852;2497.852;2497.852;2497.852;2497.852;2497.852;2497.852;2497.852;2497.852;2497.852;2497.852;2497.852;2497.852;2497.852;2497.852;2497.852;2497.852;2497.852;2497.852;2497.852;2497.852;2497.852;2497.852;2497.852;2497.852;2497.852;2497.852;2497.852;2497.852;2497.852;1981.055	-2.698	2497.852	0.000	1981.055	-89.026	0.000	0.000;0.000;0.000;0.000;0.000;0.000;0.000;0.000;0.000;0.000;0.000;0.000;0.000;0.000;0.000;0.000;0.000;0.000;0.000;0.000;0.000;0.000;0.000;0.000;0.000;0.000;0.000;0.000;0.000;0.000;0.000;0.000;-89.026		-21.29	131.9126	0.5588			34.55	8821	131.8545	0.2647	131.8139	0.0588	131.9474	0.7353	131.9822	0.9118	130_f0-500_ncomp-6_pos.wav_1	f0 500	6_p
132	Spectrogram 1	1	132.800000000	133.000000000	200ms_schroeder_master.wav	/home/m/Dropbox/Projects/acoustic_fine_features_zebra_finch/data/processed/200ms_schroeder_master.wav	132.8000	450.000	3796.146	3.981		4.022	-28.32	1981.055	3014.648	132.8000		132.8000	5856480	0	5856480	1981.055	132.8994	0.5000	3346.146		0.2000	0.0929	0.1683	133.0000		200ms_schroeder_master.wav	5865300	/home/m/Dropbox/Projects/acoustic_fine_features_zebra_finch/data/processed/200ms_schroeder_master.wav	5865300	27.116		1033.594	516.797	3014.648	3531.445	516.797;516.797;516.797;516.797;516.797;516.797;516.797;516.797;516.797;516.797;516.797;516.797;516.797;516.797;516.797;516.797;516.797;516.797;516.797;516.797;516.797;516.797;516.797;516.797;516.797;516.797;516.797;516.797;516.797;516.797;516.797;516.797;516.797;516.797	1119.727;1119.727;1033.594;1033.594;1033.594;1033.594;1033.594;1033.594;1033.594;1033.594;1033.594;1033.594;1033.594;1033.594;1033.594;1033.594;1033.594;1033.594;1033.594;1033.594;1033.594;1033.594;1033.594;1033.594;1033.594;1033.594;1033.594;1033.594;1033.594;1033.594;1033.594;1033.594;1119.727;1378.125	1981.055;1981.055;1981.055;1981.055;1981.055;1981.055;1981.055;1981.055;1981.055;1981.055;1981.055;1981.055;1981.055;1981.055;1981.055;1981.055;1981.055;1981.055;1981.055;1981.055;1981.055;1981.055;1981.055;1981.055;1981.055;1981.055;1981.055;1981.055;1981.055;1981.055;1981.055;1981.055;1981.055;2067.188	3014.648;3014.648;3014.648;3014.648;3014.648;3014.648;3014.648;3014.648;3014.648;3014.648;3014.648;3014.648;3014.648;3014.648;3014.648;3014.648;3014.648;3014.648;3014.648;3014.648;3014.648;3014.648;3014.648;3014.648;3014.648;3014.648;3014.648;3014.648;3014.648;3014.648;3014.648;3014.648;3014.648;2928.516	3531.445;3531.445;3531.445;3531.445;3531.445;3531.445;3531.445;3531.445;3531.445;3531.445;3531.445;3531.445;3531.445;3531.445;3531.445;3531.445;3531.445;3531.445;3531.445;3531.445;3531.445;3531.445;3531.445;3531.445;3531.445;3531.445;3531.445;3531.445;3531.445;3531.445;3531.445;3531.445;3531.445;3531.445	-12.41	35				4.772	2497.852	132.9633		3.968				2497.852	2497.852;2497.852;2497.852;2497.852;2497.852;2497.852;2497.852;2497.852;2497.852;2497.852;2497.852;2497.852;2497.852;2497.852;2497.852;2497.852;2497.852;2497.852;2497.852;2497.852;2497.852;2497.852;2497.852;2497.852;2497.852;2497.852;2497.852;2497.852;2497.852;2497.852;2497.852;2497.852;2497.852;3014.648	2.698	3014.648	89.026	2497.852	0.000	0.000	0.000;0.000;0.000;0.000;0.000;0.000;0.000;0.000;0.000;0.000;0.000;0.000;0.000;0.000;0.000;0.000;0.000;0.000;0.000;0.000;0.000;0.000;0.000;0.000;0.000;0.000;0.000;0.000;0.000;0.000;0.000;0.000;89.026		-22.08	132.9633	0.8235			35.41	8821	132.8530	0.2647	132.8181	0.0882	132.9458	0.7353	132.9865	0.9412	131_f0-500_ncomp-7_neg.wav_1	f0 500	7_n
133	Spectrogram 1	1	133.800000000	134.000000000	200ms_schroeder_master.wav	/home/m/Dropbox/Projects/acoustic_fine_features_zebra_finch/data/processed/200ms_schroeder_master.wav	133.8000	450.000	3796.146	3.981		3.996	-28.19	1981.055	3014.648	133.8000		133.8000	5900580	0	5900580	1981.055	133.8979	0.4848	3346.146		0.2000	0.0929	0.1683	134.0000		200ms_schroeder_master.wav	5909400	/home/m/Dropbox/Projects/acoustic_fine_features_zebra_finch/data/processed/200ms_schroeder_master.wav	5909400	27.116		1033.594	516.797	3014.648	3531.445	516.797;516.797;516.797;516.797;516.797;516.797;516.797;516.797;516.797;516.797;516.797;516.797;516.797;516.797;516.797;516.797;516.797;516.797;516.797;516.797;516.797;516.797;516.797;516.797;516.797;516.797;516.797;516.797;516.797;516.797;516.797;516.797;516.797	1119.727;1033.594;1033.594;1033.594;1033.594;1033.594;1033.594;1033.594;1033.594;1033.594;1033.594;1033.594;1033.594;1033.594;1033.594;1033.594;1033.594;1033.594;1033.594;1033.594;1033.594;1033.594;1033.594;1033.594;1033.594;1033.594;1033.594;1033.594;1033.594;1033.594;1033.594;1119.727;1378.125	1981.055;1981.055;1981.055;1981.055;1981.055;1981.055;1981.055;1981.055;1981.055;1981.055;1981.055;1981.055;1981.055;1981.055;1981.055;1981.055;1981.055;1981.055;1981.055;1981.055;1981.055;1981.055;1981.055;1981.055;1981.055;1981.055;1981.055;1981.055;1981.055;1981.055;1981.055;1981.055;2067.188	3014.648;3014.648;3014.648;3014.648;3014.648;3014.648;3014.648;3014.648;3014.648;3014.648;3014.648;3014.648;3014.648;3014.648;3014.648;3014.648;3014.648;3014.648;3014.648;3014.648;3014.648;3014.648;3014.648;3014.648;3014.648;3014.648;3014.648;3014.648;3014.648;3014.648;3014.648;3014.648;3014.648	3531.445;3531.445;3531.445;3531.445;3531.445;3531.445;3531.445;3531.445;3531.445;3531.445;3531.445;3531.445;3531.445;3531.445;3531.445;3531.445;3531.445;3531.445;3531.445;3531.445;3531.445;3531.445;3531.445;3531.445;3531.445;3531.445;3531.445;3531.445;3531.445;3531.445;3531.445;3531.445;3531.445	-12.28	34				4.398	2497.852	133.9327		3.968				2497.852	2497.852;2497.852;2497.852;2497.852;2497.852;2497.852;2497.852;2497.852;2497.852;2497.852;2497.852;2497.852;2497.852;2497.852;2497.852;2497.852;2497.852;2497.852;2497.852;2497.852;2497.852;2497.852;2497.852;2497.852;2497.852;2497.852;2497.852;2497.852;2497.852;2497.852;2497.852;2497.852;2497.852	0.000	2497.852	0.000	2497.852	0.000	0.000	0.000;0.000;0.000;0.000;0.000;0.000;0.000;0.000;0.000;0.000;0.000;0.000;0.000;0.000;0.000;0.000;0.000;0.000;0.000;0.000;0.000;0.000;0.000;0.000;0.000;0.000;0.000;0.000;0.000;0.000;0.000;0.000		-22.08	133.9327	0.6667			35.47	8821	133.8514	0.2424	133.8166	0.0606	133.9443	0.7273	133.9849	0.9394	132_f0-500_ncomp-7_pos.wav_1	f0 500	7_p
134	Spectrogram 1	1	134.800000000	135.000000000	200ms_schroeder_master.wav	/home/m/Dropbox/Projects/acoustic_fine_features_zebra_finch/data/processed/200ms_schroeder_master.wav	134.8000	450.000	4331.850	4.184		4.199	-27.96	1981.055	3531.445	134.8000		134.8000	5944680	0	5944680	2411.719	134.9021	0.5152	3881.850		0.2000	0.0929	0.1683	135.0000		200ms_schroeder_master.wav	5953500	/home/m/Dropbox/Projects/acoustic_fine_features_zebra_finch/data/processed/200ms_schroeder_master.wav	5953500	27.965		1464.258	516.797	3445.312	4048.242	516.797;516.797;516.797;516.797;516.797;516.797;516.797;516.797;516.797;516.797;516.797;516.797;516.797;516.797;516.797;516.797;516.797;516.797;516.797;516.797;516.797;516.797;516.797;516.797;516.797;516.797;516.797;516.797;516.797;516.797;516.797;516.797;516.797	1464.258;1464.258;1464.258;1464.258;1464.258;1464.258;1464.258;1464.258;1464.258;1464.258;1464.258;1464.258;1464.258;1464.258;1464.258;1464.258;1464.258;1464.258;1464.258;1464.258;1464.258;1464.258;1464.258;1464.258;1464.258;1464.258;1464.258;1464.258;1464.258;1464.258;1464.258;1464.258;1464.258	2411.719;2411.719;2411.719;2411.719;2411.719;2411.719;2411.719;2411.719;2411.719;2411.719;2411.719;2411.719;2411.719;2411.719;2411.719;2411.719;2411.719;2411.719;2411.719;2411.719;2411.719;2411.719;2411.719;2411.719;2411.719;2411.719;2411.719;2411.719;2411.719;2411.719;2411.719;2411.719;2411.719	3445.312;3445.312;3445.312;3445.312;3445.312;3445.312;3445.312;3445.312;3445.312;3445.312;3445.312;3445.312;3445.312;3445.312;3445.312;3445.312;3445.312;3445.312;3445.312;3445.312;3445.312;3445.312;3445.312;3445.312;3445.312;3445.312;3445.312;3445.312;3445.312;3445.312;3445.312;3445.312;3445.312	4048.242;4048.242;4048.242;4048.242;4048.242;4048.242;4048.242;4048.242;4048.242;4048.242;4048.242;4048.242;4048.242;4048.242;4048.242;4048.242;4048.242;4048.242;4048.242;4048.242;4048.242;4048.242;4048.242;4048.242;4048.242;4048.242;4048.242;4048.242;4048.242;4048.242;4048.242;4048.242;4048.242	-11.43	34				4.600	2497.852	134.8150		4.173				2497.852	2497.852;2497.852;2497.852;2497.852;2497.852;2497.852;2497.852;2497.852;2497.852;2497.852;2497.852;2497.852;2497.852;2497.852;2497.852;2497.852;2497.852;2497.852;2497.852;2497.852;2497.852;2497.852;2497.852;2497.852;2497.852;2497.852;2497.852;2497.852;2497.852;2497.852;2497.852;2497.852;2497.852	0.000	2497.852	0.000	2497.852	0.000	0.000	0.000;0.000;0.000;0.000;0.000;0.000;0.000;0.000;0.000;0.000;0.000;0.000;0.000;0.000;0.000;0.000;0.000;0.000;0.000;0.000;0.000;0.000;0.000;0.000;0.000;0.000;0.000;0.000;0.000;0.000;0.000;0.000		-21.83	134.8150	0.0606			34.10	8821	134.8557	0.2727	134.8150	0.0606	134.9486	0.7576	134.9834	0.9394	133_f0-500_ncomp-8_neg.wav_1	f0 500	8_n
135	Spectrogram 1	1	135.800000000	136.000000000	200ms_schroeder_master.wav	/home/m/Dropbox/Projects/acoustic_fine_features_zebra_finch/data/processed/200ms_schroeder_master.wav	135.8000	450.000	4331.850	4.184		4.225	-28.09	1981.055	3531.445	135.8000		135.8000	5988780	0	5988780	2411.719	135.9006	0.5000	3881.850		0.2000	0.0929	0.1683	136.0000		200ms_schroeder_master.wav	5997600	/home/m/Dropbox/Projects/acoustic_fine_features_zebra_finch/data/processed/200ms_schroeder_master.wav	5997600	27.965		1464.258	516.797	3445.312	4048.242	516.797;516.797;516.797;516.797;516.797;516.797;516.797;516.797;516.797;516.797;516.797;516.797;516.797;516.797;516.797;516.797;516.797;516.797;516.797;516.797;516.797;516.797;516.797;516.797;516.797;516.797;516.797;516.797;516.797;516.797;516.797;516.797;516.797;602.930	1464.258;1464.258;1464.258;1464.258;1464.258;1464.258;1464.258;1464.258;1464.258;1464.258;1464.258;1464.258;1464.258;1464.258;1464.258;1464.258;1464.258;1464.258;1464.258;1464.258;1464.258;1464.258;1464.258;1464.258;1464.258;1464.258;1464.258;1464.258;1464.258;1464.258;1464.258;1464.258;1464.258;1464.258	2411.719;2411.719;2411.719;2411.719;2411.719;2411.719;2411.719;2411.719;2411.719;2411.719;2411.719;2411.719;2411.719;2411.719;2411.719;2411.719;2411.719;2411.719;2411.719;2411.719;2411.719;2411.719;2411.719;2411.719;2411.719;2411.719;2411.719;2411.719;2411.719;2411.719;2411.719;2411.719;2411.719;2411.719	3445.312;3445.312;3445.312;3445.312;3445.312;3445.312;3445.312;3445.312;3445.312;3445.312;3445.312;3445.312;3445.312;3445.312;3445.312;3445.312;3445.312;3445.312;3445.312;3445.312;3445.312;3445.312;3445.312;3445.312;3445.312;3445.312;3445.312;3445.312;3445.312;3445.312;3445.312;3445.312;3445.312;3359.180	4048.242;4048.242;4048.242;4048.242;4048.242;4048.242;4048.242;4048.242;4048.242;4048.242;4048.242;4048.242;4048.242;4048.242;4048.242;4048.242;4048.242;4048.242;4048.242;4048.242;4048.242;4048.242;4048.242;4048.242;4048.242;4048.242;4048.242;4048.242;4048.242;4048.242;4048.242;4048.242;4048.242;4048.242	-11.56	35				4.981	2497.852	135.8309		4.173				2497.852	2497.852;2497.852;2497.852;2497.852;2497.852;2497.852;2497.852;2497.852;2497.852;2497.852;2497.852;2497.852;2497.852;2497.852;2497.852;2497.852;2497.852;2497.852;2497.852;2497.852;2497.852;2497.852;2497.852;2497.852;2497.852;2497.852;2497.852;2497.852;2497.852;2497.852;2497.852;2497.852;2497.852;2497.852	0.000	2497.852	0.000	2497.852	0.000	0.000	0.000;0.000;0.000;0.000;0.000;0.000;0.000;0.000;0.000;0.000;0.000;0.000;0.000;0.000;0.000;0.000;0.000;0.000;0.000;0.000;0.000;0.000;0.000;0.000;0.000;0.000;0.000;0.000;0.000;0.000;0.000;0.000;0.000		-21.83	135.8309	0.1471			34.41	8821	135.8541	0.2647	135.8135	0.0588	135.9470	0.7353	135.9818	0.9118	134_f0-500_ncomp-8_pos.wav_1	f0 500	8_p
136	Spectrogram 1	1	136.800000000	137.000000000	200ms_schroeder_master.wav	/home/m/Dropbox/Projects/acoustic_fine_features_zebra_finch/data/processed/200ms_schroeder_master.wav	136.8000	450.000	4867.554	4.363		4.404	-29.03	2067.188	3962.109	136.8000		136.8000	6032880	0	6032880	2497.852	136.8990	0.5000	4417.554		0.2000	0.0929	0.1683	137.0000		200ms_schroeder_master.wav	6041700	/home/m/Dropbox/Projects/acoustic_fine_features_zebra_finch/data/processed/200ms_schroeder_master.wav	6041700	27.573		1464.258	516.797	3531.445	4478.906	516.797;516.797;516.797;516.797;516.797;516.797;516.797;516.797;516.797;516.797;516.797;516.797;516.797;516.797;516.797;516.797;516.797;516.797;516.797;516.797;516.797;516.797;516.797;516.797;516.797;516.797;516.797;516.797;516.797;516.797;516.797;516.797;516.797;516.797	1464.258;1464.258;1464.258;1464.258;1464.258;1464.258;1464.258;1464.258;1464.258;1464.258;1464.258;1464.258;1464.258;1464.258;1464.258;1464.258;1464.258;1464.258;1464.258;1464.258;1464.258;1464.258;1464.258;1464.258;1464.258;1464.258;1464.258;1464.258;1464.258;1464.258;1464.258;1464.258;1464.258;1464.258	2497.852;2497.852;2497.852;2497.852;2497.852;2497.852;2497.852;2497.852;2497.852;2497.852;2497.852;2497.852;2497.852;2497.852;2497.852;2497.852;2497.852;2497.852;2497.852;2497.852;2497.852;2497.852;2497.852;2497.852;2497.852;2497.852;2497.852;2497.852;2497.852;2497.852;2497.852;2497.852;2497.852;2497.852	3531.445;3531.445;3531.445;3531.445;3531.445;3531.445;3531.445;3531.445;3531.445;3531.445;3531.445;3531.445;3531.445;3531.445;3531.445;3531.445;3531.445;3531.445;3531.445;3531.445;3531.445;3531.445;3531.445;3531.445;3531.445;3531.445;3531.445;3531.445;3531.445;3531.445;3531.445;3531.445;3531.445;3531.445	4478.906;4478.906;4478.906;4478.906;4478.906;4478.906;4478.906;4478.906;4478.906;4478.906;4478.906;4478.906;4478.906;4478.906;4478.906;4478.906;4478.906;4478.906;4478.906;4478.906;4478.906;4478.906;4478.906;4478.906;4478.906;4478.906;4478.906;4478.906;4478.906;4478.906;4478.906;4478.906;4478.906;4478.906	-11.95	35				5.226	2497.852	136.8410		4.352				2497.852	2497.852;2497.852;2497.852;2497.852;2497.852;2497.852;2497.852;2497.852;2497.852;2497.852;2497.852;2497.852;2497.852;2497.852;2497.852;2497.852;2497.852;2497.852;2497.852;2497.852;2497.852;2497.852;2497.852;2497.852;2497.852;2497.852;2497.852;2497.852;2497.852;2497.852;2497.852;2497.852;2497.852;2497.852	0.000	2497.852	0.000	2497.852	0.000	0.000	0.000;0.000;0.000;0.000;0.000;0.000;0.000;0.000;0.000;0.000;0.000;0.000;0.000;0.000;0.000;0.000;0.000;0.000;0.000;0.000;0.000;0.000;0.000;0.000;0.000;0.000;0.000;0.000;0.000;0.000;0.000;0.000;0.000		-22.75	136.8410	0.2059			34.65	8821	136.8526	0.2647	136.8178	0.0882	136.9455	0.7353	136.9861	0.9412	135_f0-500_ncomp-9_neg.wav_1	f0 500	9_n
137	Spectrogram 1	1	137.800000000	138.000000000	200ms_schroeder_master.wav	/home/m/Dropbox/Projects/acoustic_fine_features_zebra_finch/data/processed/200ms_schroeder_master.wav	137.8000	450.000	4867.554	4.363		4.377	-28.90	2067.188	3962.109	137.8000		137.8000	6076980	0	6076980	2497.852	137.8975	0.4848	4417.554		0.2000	0.0987	0.1683	138.0000		200ms_schroeder_master.wav	6085800	/home/m/Dropbox/Projects/acoustic_fine_features_zebra_finch/data/processed/200ms_schroeder_master.wav	6085800	27.573		1464.258	516.797	3531.445	4478.906	516.797;516.797;516.797;516.797;516.797;516.797;516.797;516.797;516.797;516.797;516.797;516.797;516.797;516.797;516.797;516.797;516.797;516.797;516.797;516.797;516.797;516.797;516.797;516.797;516.797;516.797;516.797;516.797;516.797;516.797;516.797;516.797;516.797	1464.258;1464.258;1464.258;1464.258;1464.258;1464.258;1464.258;1464.258;1464.258;1464.258;1464.258;1464.258;1464.258;1464.258;1464.258;1464.258;1464.258;1464.258;1464.258;1464.258;1464.258;1464.258;1464.258;1464.258;1464.258;1464.258;1464.258;1464.258;1464.258;1464.258;1464.258;1464.258;1464.258	2497.852;2497.852;2497.852;2497.852;2497.852;2497.852;2497.852;2497.852;2497.852;2497.852;2497.852;2497.852;2497.852;2497.852;2497.852;2497.852;2497.852;2497.852;2497.852;2497.852;2497.852;2497.852;2497.852;2497.852;2497.852;2497.852;2497.852;2497.852;2497.852;2497.852;2497.852;2497.852;2497.852	3531.445;3531.445;3531.445;3531.445;3531.445;3531.445;3531.445;3531.445;3531.445;3531.445;3531.445;3531.445;3531.445;3531.445;3531.445;3531.445;3531.445;3531.445;3531.445;3531.445;3531.445;3531.445;3531.445;3531.445;3531.445;3531.445;3531.445;3531.445;3531.445;3531.445;3531.445;3531.445;3531.445	4478.906;4478.906;4478.906;4478.906;4478.906;4478.906;4478.906;4478.906;4478.906;4478.906;4478.906;4478.906;4478.906;4478.906;4478.906;4478.906;4478.906;4478.906;4478.906;4478.906;4478.906;4478.906;4478.906;4478.906;4478.906;4478.906;4478.906;4478.906;4478.906;4478.906;4478.906;4478.906;4478.906	-11.82	34				4.747	2497.852	137.9730		4.352				2497.852	2497.852;2497.852;2497.852;2497.852;2497.852;2497.852;2497.852;2497.852;2497.852;2497.852;2497.852;2497.852;2497.852;2497.852;2497.852;2497.852;2497.852;2497.852;2497.852;2497.852;2497.852;2497.852;2497.852;2497.852;2497.852;2497.852;2497.852;2497.852;2497.852;2497.852;2497.852;2497.852;2497.852	0.000	2497.852	0.000	2497.852	0.000	0.000	0.000;0.000;0.000;0.000;0.000;0.000;0.000;0.000;0.000;0.000;0.000;0.000;0.000;0.000;0.000;0.000;0.000;0.000;0.000;0.000;0.000;0.000;0.000;0.000;0.000;0.000;0.000;0.000;0.000;0.000;0.000;0.000		-22.75	137.9730	0.8788			34.48	8821	137.8511	0.2424	137.8162	0.0606	137.9497	0.7576	137.9846	0.9394	136_f0-500_ncomp-9_pos.wav_1	f0 500	9_p
138	Spectrogram 1	1	138.800000000	139.000000000	200ms_schroeder_master.wav	/home/m/Dropbox/Projects/acoustic_fine_features_zebra_finch/data/processed/200ms_schroeder_master.wav	138.8000	450.000	5313.974	4.522		4.537	-29.49	2497.852	4478.906	138.8000		138.8000	6121080	0	6121080	2928.516	138.9018	0.5152	4863.974		0.2000	0.0929	0.1683	139.0000		200ms_schroeder_master.wav	6129900	/home/m/Dropbox/Projects/acoustic_fine_features_zebra_finch/data/processed/200ms_schroeder_master.wav	6129900	27.385		1550.391	516.797	4048.242	4995.703	516.797;516.797;516.797;516.797;516.797;516.797;516.797;516.797;516.797;516.797;516.797;516.797;516.797;516.797;516.797;516.797;516.797;516.797;516.797;516.797;516.797;516.797;516.797;516.797;516.797;516.797;516.797;516.797;516.797;516.797;516.797;516.797;516.797	1550.391;1550.391;1550.391;1550.391;1550.391;1550.391;1550.391;1550.391;1550.391;1550.391;1550.391;1550.391;1550.391;1550.391;1550.391;1550.391;1550.391;1550.391;1550.391;1550.391;1550.391;1550.391;1550.391;1550.391;1550.391;1550.391;1550.391;1550.391;1550.391;1550.391;1550.391;1550.391;1550.391	2928.516;2928.516;2928.516;2928.516;2928.516;2928.516;2928.516;2928.516;2928.516;2928.516;2928.516;2928.516;2928.516;2928.516;2928.516;2928.516;2928.516;2928.516;2928.516;2928.516;2928.516;2928.516;2928.516;2928.516;2928.516;2928.516;2928.516;2928.516;2928.516;2928.516;2928.516;2928.516;2928.516	4048.242;4048.242;4048.242;4048.242;4048.242;4048.242;4048.242;4048.242;4048.242;4048.242;4048.242;4048.242;4048.242;4048.242;4048.242;4048.242;4048.242;4048.242;4048.242;4048.242;4048.242;4048.242;4048.242;4048.242;4048.242;4048.242;4048.242;4048.242;4048.242;4048.242;4048.242;4048.242;4048.242	4995.703;4995.703;4995.703;4995.703;4995.703;4995.703;4995.703;4995.703;4995.703;4995.703;4995.703;4995.703;4995.703;4995.703;4995.703;4995.703;4995.703;4995.703;4995.703;4995.703;4995.703;4995.703;4995.703;4995.703;4995.703;4995.703;4995.703;4995.703;4995.703;4995.703;4995.703;4995.703;4995.703	-12.01	34				4.975	2497.852	138.9308		4.511				2497.852	2497.852;2497.852;2497.852;2497.852;4995.703;4995.703;4995.703;4995.703;2497.852;2497.852;2497.852;2497.852;2497.852;2497.852;4995.703;4995.703;4995.703;4995.703;2497.852;2497.852;2497.852;2497.852;2497.852;2497.852;2497.852;4995.703;4995.703;4995.703;2497.852;2497.852;2497.852;2497.852;2497.852	0.000	4995.703	430.294	2497.852	-430.294	5.000	0.000;0.000;0.000;430.294;0.000;0.000;0.000;-430.294;0.000;0.000;0.000;0.000;0.000;430.294;0.000;0.000;0.000;-430.294;0.000;0.000;0.000;0.000;0.000;0.000;430.294;0.000;0.000;-430.294;0.000;0.000;0.000;0.000		-23.41	138.9308	0.6667			35.65	8821	138.8553	0.2727	138.8147	0.0606	138.9482	0.7576	138.9830	0.9394	137_f0-500_ncomp-10_neg.wav_1	f0 500	10_n
139	Spectrogram 1	1	139.800000000	140.000000000	200ms_schroeder_master.wav	/home/m/Dropbox/Projects/acoustic_fine_features_zebra_finch/data/processed/200ms_schroeder_master.wav	139.8000	450.000	5313.974	4.522		4.562	-29.62	2497.852	4478.906	139.8000		139.8000	6165180	0	6165180	2928.516	139.9002	0.5000	4863.974		0.2000	0.0929	0.1683	140.0000		200ms_schroeder_master.wav	6174000	/home/m/Dropbox/Projects/acoustic_fine_features_zebra_finch/data/processed/200ms_schroeder_master.wav	6174000	27.385		1550.391	516.797	4048.242	4995.703	516.797;516.797;516.797;516.797;516.797;516.797;516.797;516.797;516.797;516.797;516.797;516.797;516.797;516.797;516.797;516.797;516.797;516.797;516.797;516.797;516.797;516.797;516.797;516.797;516.797;516.797;516.797;516.797;516.797;516.797;516.797;516.797;516.797;602.930	1550.391;1550.391;1550.391;1550.391;1550.391;1550.391;1550.391;1550.391;1550.391;1550.391;1550.391;1550.391;1550.391;1550.391;1550.391;1550.391;1550.391;1550.391;1550.391;1550.391;1550.391;1550.391;1550.391;1550.391;1550.391;1550.391;1550.391;1550.391;1550.391;1550.391;1550.391;1550.391;1550.391;1550.391	2928.516;2928.516;2928.516;2928.516;2928.516;2928.516;2928.516;2928.516;2928.516;2928.516;2928.516;2928.516;2928.516;2928.516;2928.516;2928.516;2928.516;2928.516;2928.516;2928.516;2928.516;2928.516;2928.516;2928.516;2928.516;2928.516;2928.516;2928.516;2928.516;2928.516;2928.516;2928.516;2928.516;2928.516	4048.242;4048.242;4048.242;4048.242;4048.242;4048.242;4048.242;4048.242;4048.242;4048.242;4048.242;4048.242;4048.242;4048.242;4048.242;4048.242;4048.242;4048.242;4048.242;4048.242;4048.242;4048.242;4048.242;4048.242;4048.242;4048.242;4048.242;4048.242;4048.242;4048.242;4048.242;4048.242;4048.242;4048.242	4995.703;4995.703;4995.703;4995.703;4995.703;4995.703;4995.703;4995.703;4995.703;4995.703;4995.703;4995.703;4995.703;4995.703;4995.703;4995.703;4995.703;4995.703;4995.703;4995.703;4995.703;4995.703;4995.703;4995.703;4995.703;4995.703;4995.703;4995.703;4995.703;4995.703;4995.703;4995.703;4995.703;4995.703	-12.14	35				5.259	2497.852	139.9350		4.511				2497.852	2497.852;2497.852;2497.852;2497.852;2497.852;4995.703;4995.703;4995.703;4995.703;2497.852;2497.852;2497.852;2497.852;2497.852;2497.852;4995.703;4995.703;4995.703;4995.703;2497.852;2497.852;2497.852;2497.852;2497.852;2497.852;4995.703;4995.703;4995.703;4995.703;2497.852;2497.852;2497.852;2497.852;4995.703	13.039	4995.703	430.294	2497.852	-430.294	6.000	0.000;0.000;0.000;0.000;430.294;0.000;0.000;0.000;-430.294;0.000;0.000;0.000;0.000;0.000;430.294;0.000;0.000;0.000;-430.294;0.000;0.000;0.000;0.000;0.000;430.294;0.000;0.000;0.000;-430.294;0.000;0.000;0.000;430.294		-23.41	139.9350	0.6765			35.72	8821	139.8538	0.2647	139.8131	0.0588	139.9467	0.7353	139.9815	0.9118	138_f0-500_ncomp-10_pos.wav_1	f0 500	10_p
140	Spectrogram 1	1	140.800000000	141.000000000	200ms_schroeder_master.wav	/home/m/Dropbox/Projects/acoustic_fine_features_zebra_finch/data/processed/200ms_schroeder_master.wav	140.8000	450.000	5849.678	4.665		4.681	-29.55	2928.516	4995.703	140.8000		140.8000	6209280	0	6209280	3014.648	140.8987	0.4848	5399.678		0.2000	0.0929	0.1683	141.0000		200ms_schroeder_master.wav	6218100	/home/m/Dropbox/Projects/acoustic_fine_features_zebra_finch/data/processed/200ms_schroeder_master.wav	6218100	27.773		1550.391	516.797	4478.906	5512.500	516.797;516.797;516.797;516.797;516.797;516.797;516.797;516.797;516.797;516.797;516.797;516.797;516.797;516.797;516.797;516.797;516.797;516.797;516.797;516.797;516.797;516.797;516.797;516.797;516.797;516.797;516.797;516.797;516.797;516.797;516.797;516.797;602.930	1550.391;1550.391;1550.391;1550.391;1550.391;1550.391;1550.391;1550.391;1550.391;1550.391;1550.391;1550.391;1550.391;1550.391;1550.391;1550.391;1550.391;1550.391;1550.391;1550.391;1550.391;1550.391;1550.391;1550.391;1550.391;1550.391;1550.391;1550.391;1550.391;1550.391;1550.391;1550.391;1808.789	3014.648;3014.648;3014.648;3014.648;3014.648;3014.648;3014.648;3014.648;3014.648;3014.648;3014.648;3014.648;3014.648;3014.648;3014.648;3014.648;3014.648;3014.648;3014.648;3014.648;3014.648;3014.648;3014.648;3014.648;3014.648;3014.648;3014.648;3014.648;3014.648;3014.648;3014.648;3014.648;3014.648	4478.906;4478.906;4478.906;4478.906;4478.906;4478.906;4478.906;4478.906;4478.906;4478.906;4478.906;4478.906;4478.906;4478.906;4478.906;4478.906;4478.906;4478.906;4478.906;4478.906;4478.906;4478.906;4478.906;4478.906;4478.906;4478.906;4478.906;4478.906;4478.906;4478.906;4478.906;4478.906;4478.906	5512.500;5512.500;5512.500;5512.500;5512.500;5512.500;5512.500;5512.500;5512.500;5512.500;5512.500;5512.500;5512.500;5512.500;5512.500;5512.500;5512.500;5512.500;5512.500;5512.500;5512.500;5512.500;5512.500;5512.500;5512.500;5512.500;5512.500;5512.500;5512.500;5512.500;5512.500;5512.500;5512.500	-11.62	34				5.176	2497.852	140.9567		4.654				2497.852	4995.703;4995.703;2497.852;2497.852;2497.852;2497.852;2497.852;2497.852;4995.703;4995.703;4995.703;4995.703;2497.852;2497.852;2497.852;2497.852;2497.852;2497.852;4995.703;4995.703;4995.703;4995.703;4995.703;2497.852;2497.852;2497.852;2497.852;2497.852;2497.852;4995.703;4995.703;2497.852;2497.852	-13.447	4995.703	430.294	2497.852	-430.294	6.000	0.000;-430.294;0.000;0.000;0.000;0.000;0.000;430.294;0.000;0.000;0.000;-430.294;0.000;0.000;0.000;0.000;0.000;430.294;0.000;0.000;0.000;0.000;-430.294;0.000;0.000;0.000;0.000;0.000;430.294;0.000;-430.294;0.000		-23.45	140.9567	0.7879			35.90	8821	140.8522	0.2424	140.8174	0.0606	140.9451	0.7273	140.9857	0.9394	139_f0-500_ncomp-11_neg.wav_1	f0 500	11_n
141	Spectrogram 1	1	141.800000000	142.000000000	200ms_schroeder_master.wav	/home/m/Dropbox/Projects/acoustic_fine_features_zebra_finch/data/processed/200ms_schroeder_master.wav	141.8000	450.000	5849.678	4.665		4.679	-29.55	2928.516	4995.703	141.8000		141.8000	6253380	0	6253380	3014.648	141.8971	0.4848	5399.678		0.2000	0.0987	0.1683	142.0000		200ms_schroeder_master.wav	6262200	/home/m/Dropbox/Projects/acoustic_fine_features_zebra_finch/data/processed/200ms_schroeder_master.wav	6262200	27.774		1550.391	516.797	4478.906	5512.500	516.797;516.797;516.797;516.797;516.797;516.797;516.797;516.797;516.797;516.797;516.797;516.797;516.797;516.797;516.797;516.797;516.797;516.797;516.797;516.797;516.797;516.797;516.797;516.797;516.797;516.797;516.797;516.797;516.797;516.797;516.797;516.797;602.930	1550.391;1550.391;1550.391;1550.391;1550.391;1550.391;1550.391;1550.391;1550.391;1550.391;1550.391;1550.391;1550.391;1550.391;1550.391;1550.391;1550.391;1550.391;1550.391;1550.391;1550.391;1550.391;1550.391;1550.391;1550.391;1550.391;1550.391;1550.391;1550.391;1550.391;1550.391;1550.391;1808.789	3014.648;3014.648;3014.648;3014.648;3014.648;3014.648;3014.648;3014.648;3014.648;3014.648;3014.648;3014.648;3014.648;3014.648;3014.648;3014.648;3014.648;3014.648;3014.648;3014.648;3014.648;3014.648;3014.648;3014.648;3014.648;3014.648;3014.648;3014.648;3014.648;3014.648;3014.648;3014.648;3014.648	4478.906;4478.906;4478.906;4478.906;4478.906;4478.906;4478.906;4478.906;4478.906;4478.906;4478.906;4478.906;4478.906;4478.906;4478.906;4478.906;4478.906;4478.906;4478.906;4478.906;4478.906;4478.906;4478.906;4478.906;4478.906;4478.906;4478.906;4478.906;4478.906;4478.906;4478.906;4478.906;4478.906	5512.500;5512.500;5512.500;5512.500;5512.500;5512.500;5512.500;5512.500;5512.500;5512.500;5512.500;5512.500;5512.500;5512.500;5512.500;5512.500;5512.500;5512.500;5512.500;5512.500;5512.500;5512.500;5512.500;5512.500;5512.500;5512.500;5512.500;5512.500;5512.500;5512.500;5512.500;5512.500;5512.500	-11.62	34				5.015	2497.852	141.9552		4.654				2497.852	4995.703;4995.703;2497.852;2497.852;2497.852;2497.852;2497.852;2497.852;4995.703;4995.703;4995.703;4995.703;2497.852;2497.852;2497.852;2497.852;2497.852;2497.852;4995.703;4995.703;4995.703;4995.703;2497.852;2497.852;2497.852;2497.852;2497.852;2497.852;4995.703;4995.703;4995.703;4995.703;2497.852	-13.447	4995.703	430.294	2497.852	-430.294	6.000	0.000;-430.294;0.000;0.000;0.000;0.000;0.000;430.294;0.000;0.000;0.000;-430.294;0.000;0.000;0.000;0.000;0.000;430.294;0.000;0.000;0.000;-430.294;0.000;0.000;0.000;0.000;0.000;430.294;0.000;0.000;0.000;-430.294		-23.45	141.9552	0.7879			35.53	8821	141.8507	0.2424	141.8159	0.0606	141.9494	0.7576	141.9842	0.9394	140_f0-500_ncomp-11_pos.wav_1	f0 500	11_p
142	Spectrogram 1	1	142.800000000	143.000000000	200ms_schroeder_master.wav	/home/m/Dropbox/Projects/acoustic_fine_features_zebra_finch/data/processed/200ms_schroeder_master.wav	142.8000	450.000	6385.383	4.795		4.811	-29.97	2928.516	5512.500	142.8000		142.8000	6297480	0	6297480	3445.312	142.9014	0.5152	5935.383		0.2000	0.0929	0.1683	143.0000		200ms_schroeder_master.wav	6306300	/home/m/Dropbox/Projects/acoustic_fine_features_zebra_finch/data/processed/200ms_schroeder_master.wav	6306300	27.815		1981.055	516.797	4909.570	6029.297	602.930;516.797;516.797;516.797;516.797;516.797;516.797;516.797;516.797;516.797;516.797;516.797;516.797;516.797;516.797;516.797;516.797;516.797;516.797;516.797;516.797;516.797;516.797;516.797;516.797;516.797;516.797;516.797;516.797;516.797;516.797;516.797;602.930	1981.055;1981.055;1981.055;1981.055;1981.055;1981.055;1981.055;1981.055;1981.055;1981.055;1981.055;1981.055;1981.055;1981.055;1981.055;1981.055;1981.055;1981.055;1981.055;1981.055;1981.055;1981.055;1981.055;1981.055;1981.055;1981.055;1981.055;1981.055;1981.055;1981.055;1981.055;1981.055;1981.055	3445.312;3445.312;3445.312;3445.312;3445.312;3445.312;3445.312;3445.312;3445.312;3445.312;3445.312;3445.312;3445.312;3445.312;3445.312;3445.312;3445.312;3445.312;3445.312;3445.312;3445.312;3445.312;3445.312;3445.312;3445.312;3445.312;3445.312;3445.312;3445.312;3445.312;3445.312;3445.312;3445.312	4909.570;4909.570;4909.570;4909.570;4909.570;4909.570;4909.570;4909.570;4909.570;4909.570;4909.570;4909.570;4909.570;4909.570;4909.570;4909.570;4909.570;4909.570;4909.570;4909.570;4909.570;4909.570;4909.570;4909.570;4909.570;4909.570;4909.570;4909.570;4909.570;4909.570;4909.570;4909.570;4909.570	6029.297;6029.297;6029.297;6029.297;6029.297;6029.297;6029.297;6029.297;6029.297;6029.297;6029.297;6029.297;6029.297;6029.297;6029.297;6029.297;6029.297;6029.297;6029.297;6029.297;6029.297;6029.297;6029.297;6029.297;6029.297;6029.297;6029.297;6029.297;6029.297;6029.297;6029.297;6029.297;6029.297	-11.58	34				5.291	2497.852	142.9827		4.784				2497.852	2497.852;2497.852;2497.852;4995.703;4995.703;4995.703;4995.703;2497.852;2497.852;2497.852;2497.852;2497.852;2497.852;4995.703;4995.703;4995.703;4995.703;2497.852;2497.852;2497.852;2497.852;2497.852;2497.852;2497.852;4995.703;4995.703;4995.703;4995.703;2497.852;2497.852;2497.852;2497.852;4995.703	13.447	4995.703	430.294	2497.852	-430.294	6.000	0.000;0.000;430.294;0.000;0.000;0.000;-430.294;0.000;0.000;0.000;0.000;0.000;430.294;0.000;0.000;0.000;-430.294;0.000;0.000;0.000;0.000;0.000;0.000;430.294;0.000;0.000;0.000;-430.294;0.000;0.000;0.000;430.294		-23.79	142.9827	0.9394			36.27	8821	142.8550	0.2727	142.8143	0.0606	142.9478	0.7576	142.9827	0.9394	141_f0-500_ncomp-12_neg.wav_1	f0 500	12_n
143	Spectrogram 1	1	143.800000000	144.000000000	200ms_schroeder_master.wav	/home/m/Dropbox/Projects/acoustic_fine_features_zebra_finch/data/processed/200ms_schroeder_master.wav	143.8000	450.000	6385.383	4.795		4.836	-30.10	2928.516	5512.500	143.8000		143.8000	6341580	0	6341580	3445.312	143.8999	0.5000	5935.383		0.2000	0.0929	0.1741	144.0000		200ms_schroeder_master.wav	6350400	/home/m/Dropbox/Projects/acoustic_fine_features_zebra_finch/data/processed/200ms_schroeder_master.wav	6350400	27.816		1981.055	516.797	4909.570	6029.297	602.930;516.797;516.797;516.797;516.797;516.797;516.797;516.797;516.797;516.797;516.797;516.797;516.797;516.797;516.797;516.797;516.797;516.797;516.797;516.797;516.797;516.797;516.797;516.797;516.797;516.797;516.797;516.797;516.797;516.797;516.797;516.797;602.930;602.930	1981.055;1981.055;1981.055;1981.055;1981.055;1981.055;1981.055;1981.055;1981.055;1981.055;1981.055;1981.055;1981.055;1981.055;1981.055;1981.055;1981.055;1981.055;1981.055;1981.055;1981.055;1981.055;1981.055;1981.055;1981.055;1981.055;1981.055;1981.055;1981.055;1981.055;1981.055;1981.055;1981.055;1981.055	3445.312;3445.312;3445.312;3445.312;3445.312;3445.312;3445.312;3445.312;3445.312;3445.312;3445.312;3445.312;3445.312;3445.312;3445.312;3445.312;3445.312;3445.312;3445.312;3445.312;3445.312;3445.312;3445.312;3445.312;3445.312;3445.312;3445.312;3445.312;3445.312;3445.312;3445.312;3445.312;3445.312;3445.312	4909.570;4909.570;4909.570;4909.570;4909.570;4909.570;4909.570;4909.570;4909.570;4909.570;4909.570;4909.570;4909.570;4909.570;4909.570;4909.570;4909.570;4909.570;4909.570;4909.570;4909.570;4909.570;4909.570;4909.570;4909.570;4909.570;4909.570;4909.570;4909.570;4909.570;4909.570;4909.570;4909.570;4909.570	6029.297;6029.297;6029.297;6029.297;6029.297;6029.297;6029.297;6029.297;6029.297;6029.297;6029.297;6029.297;6029.297;6029.297;6029.297;6029.297;6029.297;6029.297;6029.297;6029.297;6029.297;6029.297;6029.297;6029.297;6029.297;6029.297;6029.297;6029.297;6029.297;6029.297;6029.297;6029.297;6029.297;5943.164	-11.71	35				5.516	2497.852	143.9173		4.784				2497.852	2497.852;2497.852;4995.703;4995.703;4995.703;4995.703;2497.852;2497.852;2497.852;2497.852;2497.852;2497.852;4995.703;4995.703;4995.703;4995.703;2497.852;2497.852;2497.852;2497.852;2497.852;2497.852;4995.703;4995.703;4995.703;4995.703;2497.852;2497.852;2497.852;2497.852;2497.852;2497.852;4995.703;4995.703	13.039	4995.703	430.294	2497.852	-430.294	6.000	0.000;430.294;0.000;0.000;0.000;-430.294;0.000;0.000;0.000;0.000;0.000;430.294;0.000;0.000;0.000;-430.294;0.000;0.000;0.000;0.000;0.000;430.294;0.000;0.000;0.000;-430.294;0.000;0.000;0.000;0.000;0.000;430.294;0.000		-23.79	143.9173	0.5882			36.26	8821	143.8534	0.2647	143.8128	0.0588	143.9463	0.7353	143.9869	0.9412	142_f0-500_ncomp-12_pos.wav_1	f0 500	12_p
144	Spectrogram 1	1	144.800000000	145.000000000	200ms_schroeder_master.wav	/home/m/Dropbox/Projects/acoustic_fine_features_zebra_finch/data/processed/200ms_schroeder_master.wav	144.8000	450.000	6921.087	4.914		4.930	-30.54	3100.781	5857.031	144.8000		144.8000	6385680	0	6385680	3531.445	144.8983	0.4848	6471.087		0.2000	0.0929	0.1683	145.0000		200ms_schroeder_master.wav	6394500	/home/m/Dropbox/Projects/acoustic_fine_features_zebra_finch/data/processed/200ms_schroeder_master.wav	6394500	27.605		1981.055	602.930	5081.836	6459.961	602.930;602.930;602.930;602.930;602.930;516.797;516.797;516.797;602.930;602.930;602.930;602.930;602.930;602.930;602.930;516.797;516.797;516.797;602.930;602.930;602.930;602.930;602.930;602.930;602.930;516.797;516.797;516.797;602.930;602.930;602.930;602.930;602.930	1981.055;1981.055;1981.055;1981.055;1981.055;1981.055;1981.055;1981.055;1981.055;1981.055;1981.055;1981.055;1981.055;1981.055;1981.055;1981.055;1981.055;1981.055;1981.055;1981.055;1981.055;1981.055;1981.055;1981.055;1981.055;1981.055;1981.055;1981.055;1981.055;1981.055;1981.055;1981.055;1981.055	3531.445;3531.445;3531.445;3531.445;3531.445;3531.445;3531.445;3531.445;3531.445;3531.445;3531.445;3531.445;3531.445;3531.445;3531.445;3531.445;3531.445;3531.445;3531.445;3531.445;3531.445;3531.445;3531.445;3531.445;3531.445;3531.445;3531.445;3531.445;3531.445;3531.445;3531.445;3531.445;3531.445	5081.836;5081.836;5081.836;5081.836;5081.836;5081.836;5081.836;5081.836;5081.836;5081.836;5081.836;5081.836;5081.836;5081.836;5081.836;5081.836;5081.836;5081.836;5081.836;5081.836;5081.836;5081.836;5081.836;5081.836;5081.836;5081.836;5081.836;5081.836;5081.836;5081.836;5081.836;5081.836;5081.836	6459.961;6459.961;6459.961;6459.961;6459.961;6459.961;6459.961;6459.961;6459.961;6459.961;6459.961;6459.961;6459.961;6459.961;6459.961;6459.961;6459.961;6459.961;6459.961;6459.961;6459.961;6459.961;6459.961;6459.961;6459.961;6459.961;6459.961;6459.961;6459.961;6459.961;6459.961;6459.961;6459.961	-11.79	34				5.382	2497.852	144.8287		4.903				2497.852	4995.703;2497.852;2497.852;2497.852;2497.852;2497.852;2497.852;2497.852;4995.703;4995.703;4995.703;2497.852;2497.852;2497.852;2497.852;2497.852;2497.852;2497.852;4995.703;4995.703;4995.703;4995.703;2497.852;2497.852;2497.852;2497.852;2497.852;2497.852;4995.703;4995.703;4995.703;2497.852;2497.852	-13.447	4995.703	430.294	2497.852	-430.294	6.000	-430.294;0.000;0.000;0.000;0.000;0.000;0.000;430.294;0.000;0.000;-430.294;0.000;0.000;0.000;0.000;0.000;0.000;430.294;0.000;0.000;0.000;-430.294;0.000;0.000;0.000;0.000;0.000;430.294;0.000;0.000;-430.294;0.000		-24.36	144.8287	0.1212			35.47	8821	144.8519	0.2424	144.8170	0.0606	144.9448	0.7273	144.9854	0.9394	143_f0-500_ncomp-13_neg.wav_1	f0 500	13_n
145	Spectrogram 1	1	145.800000000	146.000000000	200ms_schroeder_master.wav	/home/m/Dropbox/Projects/acoustic_fine_features_zebra_finch/data/processed/200ms_schroeder_master.wav	145.8000	450.000	6921.087	4.914		4.928	-30.54	3100.781	5857.031	145.8000		145.8000	6429780	0	6429780	3531.445	145.9026	0.5152	6471.087		0.2000	0.0987	0.1683	146.0000		200ms_schroeder_master.wav	6438600	/home/m/Dropbox/Projects/acoustic_fine_features_zebra_finch/data/processed/200ms_schroeder_master.wav	6438600	27.605		1981.055	602.930	5081.836	6459.961	602.930;602.930;602.930;602.930;602.930;602.930;602.930;602.930;602.930;516.797;516.797;516.797;602.930;602.930;602.930;602.930;602.930;602.930;602.930;516.797;516.797;516.797;602.930;602.930;602.930;602.930;602.930;602.930;602.930;516.797;516.797;602.930;602.930	1981.055;1981.055;1981.055;1981.055;1981.055;1981.055;1981.055;1981.055;1981.055;1981.055;1981.055;1981.055;1981.055;1981.055;1981.055;1981.055;1981.055;1981.055;1981.055;1981.055;1981.055;1981.055;1981.055;1981.055;1981.055;1981.055;1981.055;1981.055;1981.055;1981.055;1981.055;1981.055;1981.055	3531.445;3531.445;3531.445;3531.445;3531.445;3531.445;3531.445;3531.445;3531.445;3531.445;3531.445;3531.445;3531.445;3531.445;3531.445;3531.445;3531.445;3531.445;3531.445;3531.445;3531.445;3531.445;3531.445;3531.445;3531.445;3531.445;3531.445;3531.445;3531.445;3531.445;3531.445;3531.445;3531.445	5081.836;5081.836;5081.836;5081.836;5081.836;5081.836;5081.836;5081.836;5081.836;5081.836;5081.836;5081.836;5081.836;5081.836;5081.836;5081.836;5081.836;5081.836;5081.836;5081.836;5081.836;5081.836;5081.836;5081.836;5081.836;5081.836;5081.836;5081.836;5081.836;5081.836;5081.836;5081.836;5081.836	6459.961;6459.961;6459.961;6459.961;6459.961;6459.961;6459.961;6459.961;6459.961;6459.961;6459.961;6459.961;6459.961;6459.961;6459.961;6459.961;6459.961;6459.961;6459.961;6459.961;6459.961;6459.961;6459.961;6459.961;6459.961;6459.961;6459.961;6459.961;6459.961;6459.961;6459.961;6459.961;6459.961	-11.79	34				5.287	2497.852	145.8213		4.903				2497.852	2497.852;2497.852;2497.852;2497.852;2497.852;4995.703;4995.703;4995.703;4995.703;2497.852;2497.852;2497.852;2497.852;2497.852;2497.852;4995.703;4995.703;4995.703;4995.703;2497.852;2497.852;2497.852;2497.852;2497.852;2497.852;2497.852;4995.703;4995.703;4995.703;4995.703;2497.852;2497.852;2497.852	0.000	4995.703	430.294	2497.852	-430.294	5.000	0.000;0.000;0.000;0.000;430.294;0.000;0.000;0.000;-430.294;0.000;0.000;0.000;0.000;0.000;430.294;0.000;0.000;0.000;-430.294;0.000;0.000;0.000;0.000;0.000;0.000;430.294;0.000;0.000;0.000;-430.294;0.000;0.000		-24.36	145.8213	0.0909			35.31	8821	145.8503	0.2424	145.8155	0.0606	145.9490	0.7576	145.9838	0.9394	144_f0-500_ncomp-13_pos.wav_1	f0 500	13_p
146	Spectrogram 1	1	146.800000000	147.000000000	200ms_schroeder_master.wav	/home/m/Dropbox/Projects/acoustic_fine_features_zebra_finch/data/processed/200ms_schroeder_master.wav	146.8000	450.000	7456.791	5.024		5.066	-30.66	3445.312	6373.828	146.8000		146.8000	6473880	0	6473880	3962.109	146.9010	0.5000	7006.791		0.2000	0.0929	0.1683	147.0000		200ms_schroeder_master.wav	6482700	/home/m/Dropbox/Projects/acoustic_fine_features_zebra_finch/data/processed/200ms_schroeder_master.wav	6482700	27.951		2067.188	602.930	5512.500	6976.758	602.930;602.930;602.930;602.930;602.930;602.930;602.930;602.930;602.930;602.930;602.930;602.930;602.930;602.930;602.930;602.930;602.930;602.930;602.930;602.930;602.930;602.930;602.930;602.930;602.930;602.930;602.930;602.930;602.930;602.930;602.930;602.930;602.930;861.328	2067.188;2067.188;2067.188;2067.188;2067.188;2067.188;2067.188;2067.188;2067.188;2067.188;2067.188;2067.188;2067.188;2067.188;2067.188;2067.188;2067.188;2067.188;2067.188;2067.188;2067.188;2067.188;2067.188;2067.188;2067.188;2067.188;2067.188;2067.188;2067.188;2067.188;2067.188;2067.188;2067.188;2067.188	3962.109;3962.109;3962.109;3962.109;3962.109;3962.109;3962.109;3962.109;3962.109;3962.109;3962.109;3962.109;3962.109;3962.109;3962.109;3962.109;3962.109;3962.109;3962.109;3962.109;3962.109;3962.109;3962.109;3962.109;3962.109;3962.109;3962.109;3962.109;3962.109;3962.109;3962.109;3962.109;3962.109;3875.977	5512.500;5512.500;5512.500;5512.500;5512.500;5512.500;5512.500;5512.500;5512.500;5512.500;5512.500;5512.500;5512.500;5512.500;5512.500;5512.500;5512.500;5512.500;5512.500;5512.500;5512.500;5512.500;5512.500;5512.500;5512.500;5512.500;5512.500;5512.500;5512.500;5512.500;5512.500;5512.500;5512.500;5512.500	6976.758;6976.758;6976.758;6976.758;6976.758;6976.758;6976.758;6976.758;6976.758;6976.758;6976.758;6976.758;6976.758;6976.758;6976.758;6976.758;6976.758;6976.758;6976.758;6976.758;6976.758;6976.758;6976.758;6976.758;6976.758;6976.758;6976.758;6976.758;6976.758;6976.758;6976.758;6976.758;6976.758;6976.758	-11.57	35				5.913	2497.852	146.8546		5.014				2497.852	2497.852;2497.852;4995.703;4995.703;4995.703;4995.703;4995.703;2497.852;2497.852;2497.852;2497.852;2497.852;2497.852;4995.703;4995.703;4995.703;2497.852;2497.852;2497.852;2497.852;2497.852;2497.852;2497.852;4995.703;4995.703;4995.703;4995.703;2497.852;2497.852;2497.852;2497.852;2497.852;4995.703;4995.703	13.039	4995.703	430.294	2497.852	-430.294	6.000	0.000;430.294;0.000;0.000;0.000;0.000;-430.294;0.000;0.000;0.000;0.000;0.000;430.294;0.000;0.000;-430.294;0.000;0.000;0.000;0.000;0.000;0.000;430.294;0.000;0.000;0.000;-430.294;0.000;0.000;0.000;0.000;430.294;0.000		-24.34	146.8546	0.2647			35.41	8821	146.8546	0.2647	146.8140	0.0588	146.9475	0.7353	146.9823	0.9118	145_f0-500_ncomp-14_neg.wav_1	f0 500	14_n
147	Spectrogram 1	1	147.800000000	148.000000000	200ms_schroeder_master.wav	/home/m/Dropbox/Projects/acoustic_fine_features_zebra_finch/data/processed/200ms_schroeder_master.wav	147.8000	450.000	7456.791	5.024		5.065	-30.66	3445.312	6373.828	147.8000		147.8000	6517980	0	6517980	3962.109	147.8995	0.5000	7006.791		0.2000	0.0929	0.1683	148.0000		200ms_schroeder_master.wav	6526800	/home/m/Dropbox/Projects/acoustic_fine_features_zebra_finch/data/processed/200ms_schroeder_master.wav	6526800	27.951		2067.188	602.930	5512.500	6976.758	602.930;602.930;602.930;602.930;602.930;602.930;602.930;602.930;602.930;602.930;602.930;602.930;602.930;602.930;602.930;602.930;602.930;602.930;602.930;602.930;602.930;602.930;602.930;602.930;602.930;602.930;602.930;602.930;602.930;602.930;602.930;602.930;602.930;861.328	2067.188;2067.188;2067.188;2067.188;2067.188;2067.188;2067.188;2067.188;2067.188;2067.188;2067.188;2067.188;2067.188;2067.188;2067.188;2067.188;2067.188;2067.188;2067.188;2067.188;2067.188;2067.188;2067.188;2067.188;2067.188;2067.188;2067.188;2067.188;2067.188;2067.188;2067.188;2067.188;2067.188;2067.188	3962.109;3962.109;3962.109;3962.109;3962.109;3962.109;3962.109;3962.109;3962.109;3962.109;3962.109;3962.109;3962.109;3962.109;3962.109;3962.109;3962.109;3962.109;3962.109;3962.109;3962.109;3962.109;3962.109;3962.109;3962.109;3962.109;3962.109;3962.109;3962.109;3962.109;3962.109;3962.109;3962.109;3962.109	5512.500;5512.500;5512.500;5512.500;5512.500;5512.500;5512.500;5512.500;5512.500;5512.500;5512.500;5512.500;5512.500;5512.500;5512.500;5512.500;5512.500;5512.500;5512.500;5512.500;5512.500;5512.500;5512.500;5512.500;5512.500;5512.500;5512.500;5512.500;5512.500;5512.500;5512.500;5512.500;5512.500;5512.500	6976.758;6976.758;6976.758;6976.758;6976.758;6976.758;6976.758;6976.758;6976.758;6976.758;6976.758;6976.758;6976.758;6976.758;6976.758;6976.758;6976.758;6976.758;6976.758;6976.758;6976.758;6976.758;6976.758;6976.758;6976.758;6976.758;6976.758;6976.758;6976.758;6976.758;6976.758;6976.758;6976.758;6976.758	-11.57	35				5.805	2497.852	147.9633		5.014				2497.852	2497.852;4995.703;4995.703;2497.852;2497.852;2497.852;2497.852;2497.852;2497.852;4995.703;4995.703;4995.703;4995.703;2497.852;2497.852;2497.852;2497.852;2497.852;2497.852;2497.852;4995.703;4995.703;4995.703;2497.852;2497.852;2497.852;2497.852;2497.852;2497.852;2497.852;4995.703;4995.703;4995.703;2497.852	0.000	4995.703	430.294	2497.852	-430.294	7.000	430.294;0.000;-430.294;0.000;0.000;0.000;0.000;0.000;430.294;0.000;0.000;0.000;-430.294;0.000;0.000;0.000;0.000;0.000;0.000;430.294;0.000;0.000;-430.294;0.000;0.000;0.000;0.000;0.000;0.000;430.294;0.000;0.000;-430.294		-24.34	147.9633	0.8235			35.45	8821	147.8530	0.2647	147.8182	0.0882	147.9459	0.7353	147.9866	0.9412	146_f0-500_ncomp-14_pos.wav_1	f0 500	14_p
148	Spectrogram 1	1	148.800000000	149.000000000	200ms_schroeder_master.wav	/home/m/Dropbox/Projects/acoustic_fine_features_zebra_finch/data/processed/200ms_schroeder_master.wav	148.8000	450.000	7903.211	5.127		5.142	-30.72	3875.977	6546.094	148.8000		148.8000	6562080	0	6562080	4048.242	148.8979	0.4848	7453.211		0.2000	0.0929	0.1683	149.0000		200ms_schroeder_master.wav	6570900	/home/m/Dropbox/Projects/acoustic_fine_features_zebra_finch/data/processed/200ms_schroeder_master.wav	6570900	28.024		2067.188	947.461	5943.164	7493.555	947.461;947.461;947.461;947.461;947.461;947.461;947.461;947.461;947.461;947.461;947.461;947.461;947.461;947.461;947.461;947.461;947.461;947.461;947.461;947.461;947.461;947.461;947.461;947.461;947.461;947.461;947.461;947.461;947.461;947.461;947.461;947.461;947.461	2067.188;2067.188;2067.188;2067.188;2067.188;2067.188;2067.188;2067.188;2067.188;2067.188;2067.188;2067.188;2067.188;2067.188;2067.188;2067.188;2067.188;2067.188;2067.188;2067.188;2067.188;2067.188;2067.188;2067.188;2067.188;2067.188;2067.188;2067.188;2067.188;2067.188;2067.188;2067.188;2411.719	4048.242;4048.242;4048.242;4048.242;4048.242;4048.242;4048.242;4048.242;4048.242;4048.242;4048.242;4048.242;4048.242;4048.242;4048.242;4048.242;4048.242;4048.242;4048.242;4048.242;4048.242;4048.242;4048.242;4048.242;4048.242;4048.242;4048.242;4048.242;4048.242;4048.242;4048.242;4048.242;4048.242	5943.164;5943.164;5943.164;5943.164;5943.164;5943.164;5943.164;5943.164;5943.164;5943.164;5943.164;5943.164;5943.164;5943.164;5943.164;5943.164;5943.164;5943.164;5943.164;5943.164;5943.164;5943.164;5943.164;5943.164;5943.164;5943.164;5943.164;5943.164;5943.164;5943.164;5943.164;5943.164;5943.164	7493.555;7493.555;7493.555;7493.555;7493.555;7493.555;7493.555;7493.555;7493.555;7493.555;7493.555;7493.555;7493.555;7493.555;7493.555;7493.555;7493.555;7493.555;7493.555;7493.555;7493.555;7493.555;7493.555;7493.555;7493.555;7493.555;7493.555;7493.555;7493.555;7493.555;7493.555;7493.555;7493.555	-11.37	34				5.555	2497.852	148.8805		5.116				2497.852	4995.703;2497.852;2497.852;2497.852;2497.852;2497.852;4995.703;4995.703;4995.703;4995.703;2497.852;2497.852;2497.852;2497.852;2497.852;2497.852;2497.852;4995.703;4995.703;4995.703;2497.852;2497.852;2497.852;2497.852;2497.852;2497.852;2497.852;4995.703;4995.703;4995.703;4995.703;2497.852;2497.852	-13.447	4995.703	430.294	2497.852	-430.294	6.000	-430.294;0.000;0.000;0.000;0.000;430.294;0.000;0.000;0.000;-430.294;0.000;0.000;0.000;0.000;0.000;0.000;430.294;0.000;0.000;-430.294;0.000;0.000;0.000;0.000;0.000;0.000;430.294;0.000;0.000;0.000;-430.294;0.000		-24.57	148.8805	0.3939			35.62	8821	148.8515	0.2424	148.8167	0.0606	148.9444	0.7273	148.9850	0.9394	147_f0-500_ncomp-15_neg.wav_1	f0 500	15_n
149	Spectrogram 1	1	149.800000000	150.000000000	200ms_schroeder_master.wav	/home/m/Dropbox/Projects/acoustic_fine_features_zebra_finch/data/processed/200ms_schroeder_master.wav	149.8000	450.000	7903.211	5.127		5.142	-30.72	3875.977	6546.094	149.8000		149.8000	6606180	0	6606180	4048.242	149.9022	0.5152	7453.211		0.2000	0.0929	0.1683	150.0000		200ms_schroeder_master.wav	6615000	/home/m/Dropbox/Projects/acoustic_fine_features_zebra_finch/data/processed/200ms_schroeder_master.wav	6615000	28.024		2067.188	947.461	5943.164	7493.555	947.461;947.461;947.461;947.461;947.461;947.461;947.461;947.461;947.461;947.461;947.461;947.461;947.461;947.461;947.461;947.461;947.461;947.461;947.461;947.461;947.461;947.461;947.461;947.461;947.461;947.461;947.461;947.461;947.461;947.461;947.461;947.461;947.461	2067.188;2067.188;2067.188;2067.188;2067.188;2067.188;2067.188;2067.188;2067.188;2067.188;2067.188;2067.188;2067.188;2067.188;2067.188;2067.188;2067.188;2067.188;2067.188;2067.188;2067.188;2067.188;2067.188;2067.188;2067.188;2067.188;2067.188;2067.188;2067.188;2067.188;2067.188;2067.188;2153.320	4048.242;4048.242;4048.242;4048.242;4048.242;4048.242;4048.242;4048.242;4048.242;4048.242;4048.242;4048.242;4048.242;4048.242;4048.242;4048.242;4048.242;4048.242;4048.242;4048.242;4048.242;4048.242;4048.242;4048.242;4048.242;4048.242;4048.242;4048.242;4048.242;4048.242;4048.242;4048.242;4048.242	5943.164;5943.164;5943.164;5943.164;5943.164;5943.164;5943.164;5943.164;5943.164;5943.164;5943.164;5943.164;5943.164;5943.164;5943.164;5943.164;5943.164;5943.164;5943.164;5943.164;5943.164;5943.164;5943.164;5943.164;5943.164;5943.164;5943.164;5943.164;5943.164;5943.164;5943.164;5943.164;5943.164	7493.555;7493.555;7493.555;7493.555;7493.555;7493.555;7493.555;7493.555;7493.555;7493.555;7493.555;7493.555;7493.555;7493.555;7493.555;7493.555;7493.555;7493.555;7493.555;7493.555;7493.555;7493.555;7493.555;7493.555;7493.555;7493.555;7493.555;7493.555;7493.555;7493.555;7493.555;7493.555;7493.555	-11.37	34				5.535	2497.852	149.8674		5.116				2497.852	2497.852;2497.852;4995.703;4995.703;4995.703;4995.703;2497.852;2497.852;2497.852;2497.852;2497.852;2497.852;2497.852;4995.703;4995.703;4995.703;2497.852;2497.852;2497.852;2497.852;2497.852;2497.852;2497.852;4995.703;4995.703;4995.703;4995.703;2497.852;2497.852;2497.852;2497.852;2497.852;4995.703	13.447	4995.703	430.294	2497.852	-430.294	6.000	0.000;430.294;0.000;0.000;0.000;-430.294;0.000;0.000;0.000;0.000;0.000;0.000;430.294;0.000;0.000;-430.294;0.000;0.000;0.000;0.000;0.000;0.000;430.294;0.000;0.000;0.000;-430.294;0.000;0.000;0.000;0.000;430.294		-24.57	149.8674	0.3333			35.62	8821	149.8558	0.2727	149.8151	0.0606	149.9487	0.7576	149.9835	0.9394	148_f0-500_ncomp-15_pos.wav_1	f0 500	15_p
150	Spectrogram 1	1	150.800000000	151.000000000	200ms_schroeder_master.wav	/home/m/Dropbox/Projects/acoustic_fine_features_zebra_finch/data/processed/200ms_schroeder_master.wav	150.8000	450.000	8438.915	5.222		5.264	-31.31	3962.109	6976.758	150.8000		150.8000	6650280	0	6650280	4478.906	150.9007	0.5000	7988.915		0.2000	0.0929	0.1683	151.0000		200ms_schroeder_master.wav	6659100	/home/m/Dropbox/Projects/acoustic_fine_features_zebra_finch/data/processed/200ms_schroeder_master.wav	6659100	27.850		2497.852	947.461	6459.961	7924.219	947.461;947.461;947.461;947.461;947.461;947.461;947.461;947.461;947.461;947.461;947.461;947.461;947.461;947.461;947.461;947.461;947.461;947.461;947.461;947.461;947.461;947.461;947.461;947.461;947.461;947.461;947.461;947.461;947.461;947.461;947.461;947.461;947.461;947.461	2497.852;2497.852;2497.852;2497.852;2497.852;2497.852;2497.852;2497.852;2497.852;2497.852;2497.852;2497.852;2497.852;2497.852;2497.852;2497.852;2497.852;2497.852;2497.852;2497.852;2497.852;2497.852;2497.852;2497.852;2497.852;2497.852;2497.852;2497.852;2497.852;2497.852;2497.852;2497.852;2497.852;2411.719	4478.906;4478.906;4478.906;4478.906;4478.906;4478.906;4478.906;4478.906;4478.906;4478.906;4478.906;4478.906;4478.906;4478.906;4478.906;4478.906;4478.906;4478.906;4478.906;4478.906;4478.906;4478.906;4478.906;4478.906;4478.906;4478.906;4478.906;4478.906;4478.906;4478.906;4478.906;4478.906;4478.906;4478.906	6459.961;6459.961;6459.961;6459.961;6459.961;6459.961;6459.961;6459.961;6459.961;6459.961;6459.961;6459.961;6459.961;6459.961;6459.961;6459.961;6459.961;6459.961;6459.961;6459.961;6459.961;6459.961;6459.961;6459.961;6459.961;6459.961;6459.961;6459.961;6459.961;6459.961;6459.961;6459.961;6459.961;6373.828	7924.219;7924.219;7924.219;7924.219;7924.219;7924.219;7924.219;7924.219;7924.219;7924.219;7924.219;7924.219;7924.219;7924.219;7924.219;7924.219;7924.219;7924.219;7924.219;7924.219;7924.219;7924.219;7924.219;7924.219;7924.219;7924.219;7924.219;7924.219;7924.219;7924.219;7924.219;7924.219;7924.219;7924.219	-11.67	35				6.040	2497.852	150.9645		5.212				2497.852	2497.852;7493.555;4995.703;4995.703;4995.703;2497.852;2497.852;2497.852;2497.852;2497.852;2497.852;7493.555;4995.703;4995.703;4995.703;2497.852;2497.852;2497.852;2497.852;2497.852;2497.852;7493.555;4995.703;4995.703;4995.703;2497.852;2497.852;2497.852;2497.852;2497.852;2497.852;2497.852;4995.703;4995.703	13.039	7493.555	860.588	2497.852	-430.294	6.000	860.588;-430.294;0.000;0.000;-430.294;0.000;0.000;0.000;0.000;0.000;860.588;-430.294;0.000;0.000;-430.294;0.000;0.000;0.000;0.000;0.000;860.588;-430.294;0.000;0.000;-430.294;0.000;0.000;0.000;0.000;0.000;0.000;430.294;0.000		-25.03	150.9645	0.8235			35.52	8821	150.8542	0.2647	150.8136	0.0588	150.9471	0.7353	150.9819	0.9118	149_f0-500_ncomp-16_neg.wav_1	f0 500	16_n
151	Spectrogram 1	1	151.800000000	152.000000000	200ms_schroeder_master.wav	/home/m/Dropbox/Projects/acoustic_fine_features_zebra_finch/data/processed/200ms_schroeder_master.wav	151.8000	450.000	8438.915	5.222		5.264	-31.31	3962.109	6976.758	151.8000		151.8000	6694380	0	6694380	4478.906	151.8991	0.5000	7988.915		0.2000	0.0929	0.1683	152.0000		200ms_schroeder_master.wav	6703200	/home/m/Dropbox/Projects/acoustic_fine_features_zebra_finch/data/processed/200ms_schroeder_master.wav	6703200	27.850		2497.852	947.461	6459.961	7924.219	947.461;947.461;947.461;947.461;947.461;947.461;947.461;947.461;947.461;947.461;947.461;947.461;947.461;947.461;947.461;947.461;947.461;947.461;947.461;947.461;947.461;947.461;947.461;947.461;947.461;947.461;947.461;947.461;947.461;947.461;947.461;947.461;947.461;947.461	2497.852;2497.852;2497.852;2497.852;2497.852;2497.852;2497.852;2497.852;2497.852;2497.852;2497.852;2497.852;2497.852;2497.852;2497.852;2497.852;2497.852;2497.852;2497.852;2497.852;2497.852;2497.852;2497.852;2497.852;2497.852;2497.852;2497.852;2497.852;2497.852;2497.852;2497.852;2497.852;2497.852;2497.852	4478.906;4478.906;4478.906;4478.906;4478.906;4478.906;4478.906;4478.906;4478.906;4478.906;4478.906;4478.906;4478.906;4478.906;4478.906;4478.906;4478.906;4478.906;4478.906;4478.906;4478.906;4478.906;4478.906;4478.906;4478.906;4478.906;4478.906;4478.906;4478.906;4478.906;4478.906;4478.906;4478.906;4478.906	6459.961;6459.961;6459.961;6459.961;6459.961;6459.961;6459.961;6459.961;6459.961;6459.961;6459.961;6459.961;6459.961;6459.961;6459.961;6459.961;6459.961;6459.961;6459.961;6459.961;6459.961;6459.961;6459.961;6459.961;6459.961;6459.961;6459.961;6459.961;6459.961;6459.961;6459.961;6459.961;6459.961;6373.828	7924.219;7924.219;7924.219;7924.219;7924.219;7924.219;7924.219;7924.219;7924.219;7924.219;7924.219;7924.219;7924.219;7924.219;7924.219;7924.219;7924.219;7924.219;7924.219;7924.219;7924.219;7924.219;7924.219;7924.219;7924.219;7924.219;7924.219;7924.219;7924.219;7924.219;7924.219;7924.219;7924.219;7924.219	-11.67	35				6.069	2497.852	151.9514		5.212				2497.852	4995.703;2497.852;2497.852;2497.852;2497.852;2497.852;2497.852;4995.703;4995.703;4995.703;7493.555;2497.852;2497.852;2497.852;2497.852;2497.852;2497.852;4995.703;4995.703;4995.703;4995.703;7493.555;2497.852;2497.852;2497.852;2497.852;2497.852;4995.703;4995.703;4995.703;4995.703;7493.555;2497.852;2497.852	-13.039	7493.555	430.294	2497.852	-860.588	6.000	-430.294;0.000;0.000;0.000;0.000;0.000;430.294;0.000;0.000;430.294;-860.588;0.000;0.000;0.000;0.000;0.000;430.294;0.000;0.000;0.000;430.294;-860.588;0.000;0.000;0.000;0.000;430.294;0.000;0.000;0.000;430.294;-860.588;0.000		-25.03	151.9514	0.7647			35.49	8821	151.8527	0.2647	151.8179	0.0882	151.9456	0.7353	151.9862	0.9412	150_f0-500_ncomp-16_pos.wav_1	f0 500	16_p
152	Spectrogram 1	1	152.800000000	153.000000000	200ms_schroeder_master.wav	/home/m/Dropbox/Projects/acoustic_fine_features_zebra_finch/data/processed/200ms_schroeder_master.wav	152.8000	450.000	8974.619	5.312		5.327	-31.34	4048.242	7493.555	152.8000		152.8000	6738480	0	6738480	4478.906	152.8976	0.4848	8524.619		0.2000	0.0929	0.1683	153.0000		200ms_schroeder_master.wav	6747300	/home/m/Dropbox/Projects/acoustic_fine_features_zebra_finch/data/processed/200ms_schroeder_master.wav	6747300	28.018		2497.852	947.461	6546.094	8441.016	947.461;947.461;947.461;947.461;947.461;947.461;947.461;947.461;947.461;947.461;947.461;947.461;947.461;947.461;947.461;947.461;947.461;947.461;947.461;947.461;947.461;947.461;947.461;947.461;947.461;947.461;947.461;947.461;947.461;947.461;947.461;947.461;947.461	2497.852;2497.852;2497.852;2497.852;2497.852;2497.852;2497.852;2497.852;2497.852;2497.852;2497.852;2497.852;2497.852;2497.852;2497.852;2497.852;2497.852;2497.852;2497.852;2497.852;2497.852;2497.852;2497.852;2497.852;2497.852;2497.852;2497.852;2497.852;2497.852;2497.852;2497.852;2497.852;2497.852	4478.906;4478.906;4478.906;4478.906;4478.906;4478.906;4478.906;4478.906;4478.906;4478.906;4478.906;4478.906;4478.906;4478.906;4478.906;4478.906;4478.906;4478.906;4478.906;4478.906;4478.906;4478.906;4478.906;4478.906;4478.906;4478.906;4478.906;4478.906;4478.906;4478.906;4478.906;4478.906;4565.039	6546.094;6546.094;6546.094;6546.094;6546.094;6546.094;6546.094;6546.094;6546.094;6546.094;6546.094;6546.094;6546.094;6546.094;6546.094;6546.094;6546.094;6546.094;6546.094;6546.094;6546.094;6546.094;6546.094;6546.094;6546.094;6546.094;6546.094;6546.094;6546.094;6546.094;6546.094;6546.094;6546.094	8441.016;8441.016;8441.016;8441.016;8441.016;8441.016;8441.016;8441.016;8441.016;8441.016;8441.016;8441.016;8441.016;8441.016;8441.016;8441.016;8441.016;8441.016;8441.016;8441.016;8441.016;8441.016;8441.016;8441.016;8441.016;8441.016;8441.016;8441.016;8441.016;8441.016;8441.016;8441.016;8441.016	-11.38	34				5.704	2497.852	152.8686		5.301				2497.852	2497.852;2497.852;2497.852;2497.852;7493.555;7493.555;4995.703;4995.703;4995.703;2497.852;2497.852;2497.852;2497.852;2497.852;2497.852;7493.555;4995.703;4995.703;4995.703;2497.852;2497.852;2497.852;2497.852;2497.852;2497.852;7493.555;4995.703;4995.703;4995.703;2497.852;2497.852;2497.852;7493.555	26.893	7493.555	860.588	2497.852	-430.294	6.000	0.000;0.000;0.000;860.588;0.000;-430.294;0.000;0.000;-430.294;0.000;0.000;0.000;0.000;0.000;860.588;-430.294;0.000;0.000;-430.294;0.000;0.000;0.000;0.000;0.000;860.588;-430.294;0.000;0.000;-430.294;0.000;0.000;860.588		-25.13	152.8686	0.3333			35.89	8821	152.8511	0.2424	152.8163	0.0606	152.9440	0.7273	152.9847	0.9394	151_f0-500_ncomp-17_neg.wav_1	f0 500	17_n
153	Spectrogram 1	1	153.800000000	154.000000000	200ms_schroeder_master.wav	/home/m/Dropbox/Projects/acoustic_fine_features_zebra_finch/data/processed/200ms_schroeder_master.wav	153.8000	450.000	8974.619	5.312		5.327	-31.34	4048.242	7493.555	153.8000		153.8000	6782580	0	6782580	4478.906	153.9018	0.5152	8524.619		0.2000	0.0929	0.1683	154.0000		200ms_schroeder_master.wav	6791400	/home/m/Dropbox/Projects/acoustic_fine_features_zebra_finch/data/processed/200ms_schroeder_master.wav	6791400	28.017		2497.852	947.461	6546.094	8441.016	947.461;947.461;947.461;947.461;947.461;947.461;947.461;947.461;947.461;947.461;947.461;947.461;947.461;947.461;947.461;947.461;947.461;947.461;947.461;947.461;947.461;947.461;947.461;947.461;947.461;947.461;947.461;947.461;947.461;947.461;947.461;947.461;947.461	2497.852;2497.852;2497.852;2497.852;2497.852;2497.852;2497.852;2497.852;2497.852;2497.852;2497.852;2497.852;2497.852;2497.852;2497.852;2497.852;2497.852;2497.852;2497.852;2497.852;2497.852;2497.852;2497.852;2497.852;2497.852;2497.852;2497.852;2497.852;2497.852;2497.852;2497.852;2497.852;2497.852	4478.906;4478.906;4478.906;4478.906;4478.906;4478.906;4478.906;4478.906;4478.906;4478.906;4478.906;4478.906;4478.906;4478.906;4478.906;4478.906;4478.906;4478.906;4478.906;4478.906;4478.906;4478.906;4478.906;4478.906;4478.906;4478.906;4478.906;4478.906;4478.906;4478.906;4478.906;4478.906;4565.039	6546.094;6546.094;6546.094;6546.094;6546.094;6546.094;6546.094;6546.094;6546.094;6546.094;6546.094;6546.094;6546.094;6546.094;6546.094;6546.094;6546.094;6546.094;6546.094;6546.094;6546.094;6546.094;6546.094;6546.094;6546.094;6546.094;6546.094;6546.094;6546.094;6546.094;6546.094;6546.094;6546.094	8441.016;8441.016;8441.016;8441.016;8441.016;8441.016;8441.016;8441.016;8441.016;8441.016;8441.016;8441.016;8441.016;8441.016;8441.016;8441.016;8441.016;8441.016;8441.016;8441.016;8441.016;8441.016;8441.016;8441.016;8441.016;8441.016;8441.016;8441.016;8441.016;8441.016;8441.016;8441.016;8441.016	-11.38	34				5.758	2497.852	153.9135		5.301				2497.852	2497.852;4995.703;4995.703;4995.703;7493.555;2497.852;2497.852;2497.852;2497.852;2497.852;4995.703;4995.703;4995.703;4995.703;7493.555;2497.852;2497.852;2497.852;2497.852;2497.852;2497.852;4995.703;4995.703;4995.703;7493.555;2497.852;2497.852;2497.852;2497.852;2497.852;2497.852;4995.703;4995.703	13.447	7493.555	430.294	2497.852	-860.588	6.000	430.294;0.000;0.000;430.294;-860.588;0.000;0.000;0.000;0.000;430.294;0.000;0.000;0.000;430.294;-860.588;0.000;0.000;0.000;0.000;0.000;430.294;0.000;0.000;430.294;-860.588;0.000;0.000;0.000;0.000;0.000;430.294;0.000		-25.13	153.9135	0.5758			35.93	8821	153.8554	0.2727	153.8148	0.0606	153.9483	0.7576	153.9831	0.9394	152_f0-500_ncomp-17_pos.wav_1	f0 500	17_p
154	Spectrogram 1	1	154.800000000	155.000000000	200ms_schroeder_master.wav	/home/m/Dropbox/Projects/acoustic_fine_features_zebra_finch/data/processed/200ms_schroeder_master.wav	154.8000	450.000	9510.323	5.396		5.437	-31.84	4478.906	8010.352	154.8000		154.8000	6826680	0	6826680	4909.570	154.9003	0.5000	9060.323		0.2000	0.0929	0.1683	155.0000		200ms_schroeder_master.wav	6835500	/home/m/Dropbox/Projects/acoustic_fine_features_zebra_finch/data/processed/200ms_schroeder_master.wav	6835500	27.897		2497.852	947.461	6976.758	8957.812	947.461;947.461;947.461;947.461;947.461;947.461;947.461;947.461;947.461;947.461;947.461;947.461;947.461;947.461;947.461;947.461;947.461;947.461;947.461;947.461;947.461;947.461;947.461;947.461;947.461;947.461;947.461;947.461;947.461;947.461;947.461;947.461;947.461;947.461	2497.852;2497.852;2497.852;2497.852;2497.852;2497.852;2497.852;2497.852;2497.852;2497.852;2497.852;2497.852;2497.852;2497.852;2497.852;2497.852;2497.852;2497.852;2497.852;2497.852;2497.852;2497.852;2497.852;2497.852;2497.852;2497.852;2497.852;2497.852;2497.852;2497.852;2497.852;2497.852;2497.852;2583.984	4909.570;4909.570;4909.570;4909.570;4909.570;4909.570;4909.570;4909.570;4909.570;4909.570;4909.570;4909.570;4909.570;4909.570;4909.570;4909.570;4909.570;4909.570;4909.570;4909.570;4909.570;4909.570;4909.570;4909.570;4909.570;4909.570;4909.570;4909.570;4909.570;4909.570;4909.570;4909.570;4909.570;4909.570	6976.758;6976.758;6976.758;6976.758;6976.758;6976.758;6976.758;6976.758;6976.758;6976.758;6976.758;6976.758;6976.758;6976.758;6976.758;6976.758;6976.758;6976.758;6976.758;6976.758;6976.758;6976.758;6976.758;6976.758;6976.758;6976.758;6976.758;6976.758;6976.758;6976.758;6976.758;6976.758;6976.758;7062.891	8957.812;8957.812;8957.812;8957.812;8957.812;8957.812;8957.812;8957.812;8957.812;8957.812;8957.812;8957.812;8957.812;8957.812;8957.812;8957.812;8957.812;8957.812;8957.812;8957.812;8957.812;8957.812;8957.812;8957.812;8957.812;8957.812;8957.812;8957.812;8957.812;8957.812;8957.812;8957.812;8957.812;8871.680	-11.63	35				6.152	2497.852	154.8365		5.386				2497.852	7493.555;4995.703;4995.703;4995.703;2497.852;2497.852;2497.852;2497.852;2497.852;7493.555;7493.555;4995.703;4995.703;4995.703;2497.852;2497.852;2497.852;2497.852;2497.852;2497.852;7493.555;4995.703;4995.703;4995.703;2497.852;2497.852;2497.852;2497.852;2497.852;2497.852;7493.555;4995.703;4995.703;2497.852	-26.078	7493.555	860.588	2497.852	-430.294	6.000	-430.294;0.000;0.000;-430.294;0.000;0.000;0.000;0.000;860.588;0.000;-430.294;0.000;0.000;-430.294;0.000;0.000;0.000;0.000;0.000;860.588;-430.294;0.000;0.000;-430.294;0.000;0.000;0.000;0.000;0.000;860.588;-430.294;0.000;-430.294		-25.51	154.8365	0.1765			35.35	8821	154.8539	0.2647	154.8132	0.0588	154.9467	0.7353	154.9816	0.9118	153_f0-500_ncomp-18_neg.wav_1	f0 500	18_n
155	Spectrogram 1	1	155.800000000	156.000000000	200ms_schroeder_master.wav	/home/m/Dropbox/Projects/acoustic_fine_features_zebra_finch/data/processed/200ms_schroeder_master.wav	155.8000	450.000	9510.323	5.396		5.439	-31.84	4478.906	8010.352	155.8000		155.8000	6870780	0	6870780	4909.570	155.8988	0.5000	9060.323		0.2000	0.0929	0.1683	156.0000		200ms_schroeder_master.wav	6879600	/home/m/Dropbox/Projects/acoustic_fine_features_zebra_finch/data/processed/200ms_schroeder_master.wav	6879600	27.897		2497.852	947.461	6976.758	8957.812	947.461;947.461;947.461;947.461;947.461;947.461;947.461;947.461;947.461;947.461;947.461;947.461;947.461;947.461;947.461;947.461;947.461;947.461;947.461;947.461;947.461;947.461;947.461;947.461;947.461;947.461;947.461;947.461;947.461;947.461;947.461;947.461;947.461;947.461	2497.852;2497.852;2497.852;2497.852;2497.852;2497.852;2497.852;2497.852;2497.852;2497.852;2497.852;2497.852;2497.852;2497.852;2497.852;2497.852;2497.852;2497.852;2497.852;2497.852;2497.852;2497.852;2497.852;2497.852;2497.852;2497.852;2497.852;2497.852;2497.852;2497.852;2497.852;2497.852;2497.852;2583.984	4909.570;4909.570;4909.570;4909.570;4909.570;4909.570;4909.570;4909.570;4909.570;4909.570;4909.570;4909.570;4909.570;4909.570;4909.570;4909.570;4909.570;4909.570;4909.570;4909.570;4909.570;4909.570;4909.570;4909.570;4909.570;4909.570;4909.570;4909.570;4909.570;4909.570;4909.570;4909.570;4909.570;4909.570	6976.758;6976.758;6976.758;6976.758;6976.758;6976.758;6976.758;6976.758;6976.758;6976.758;6976.758;6976.758;6976.758;6976.758;6976.758;6976.758;6976.758;6976.758;6976.758;6976.758;6976.758;6976.758;6976.758;6976.758;6976.758;6976.758;6976.758;6976.758;6976.758;6976.758;6976.758;6976.758;6976.758;6976.758	8957.812;8957.812;8957.812;8957.812;8957.812;8957.812;8957.812;8957.812;8957.812;8957.812;8957.812;8957.812;8957.812;8957.812;8957.812;8957.812;8957.812;8957.812;8957.812;8957.812;8957.812;8957.812;8957.812;8957.812;8957.812;8957.812;8957.812;8957.812;8957.812;8957.812;8957.812;8957.812;8957.812;8957.812	-11.63	35				6.315	2497.852	155.8175		5.386				2497.852	7493.555;2497.852;2497.852;2497.852;2497.852;4995.703;4995.703;4995.703;7493.555;2497.852;2497.852;2497.852;2497.852;2497.852;2497.852;4995.703;4995.703;4995.703;7493.555;2497.852;2497.852;2497.852;2497.852;2497.852;2497.852;4995.703;4995.703;4995.703;7493.555;2497.852;2497.852;2497.852;2497.852;4995.703	-13.039	7493.555	430.294	2497.852	-860.588	7.000	-860.588;0.000;0.000;0.000;430.294;0.000;0.000;430.294;-860.588;0.000;0.000;0.000;0.000;0.000;430.294;0.000;0.000;430.294;-860.588;0.000;0.000;0.000;0.000;0.000;430.294;0.000;0.000;430.294;-860.588;0.000;0.000;0.000;430.294		-25.51	155.8175	0.0882			35.30	8821	155.8523	0.2647	155.8175	0.0882	155.9452	0.7353	155.9858	0.9412	154_f0-500_ncomp-18_pos.wav_1	f0 500	18_p
156	Spectrogram 1	1	156.800000000	157.000000000	200ms_schroeder_master.wav	/home/m/Dropbox/Projects/acoustic_fine_features_zebra_finch/data/processed/200ms_schroeder_master.wav	156.8000	450.000	10046.027	5.476		5.490	-31.70	4909.570	8527.148	156.8000		156.8000	6914880	0	6914880	4995.703	156.8972	0.4848	9596.027		0.2000	0.0987	0.1683	157.0000		200ms_schroeder_master.wav	6923700	/home/m/Dropbox/Projects/acoustic_fine_features_zebra_finch/data/processed/200ms_schroeder_master.wav	6923700	28.147		2583.984	947.461	7493.555	9474.609	947.461;947.461;947.461;947.461;947.461;947.461;947.461;947.461;947.461;947.461;947.461;947.461;947.461;947.461;947.461;947.461;947.461;947.461;947.461;947.461;947.461;947.461;947.461;947.461;947.461;947.461;947.461;947.461;947.461;947.461;947.461;947.461;947.461	2583.984;2583.984;2583.984;2583.984;2583.984;2583.984;2583.984;2583.984;2583.984;2583.984;2583.984;2583.984;2583.984;2583.984;2583.984;2583.984;2583.984;2583.984;2583.984;2583.984;2583.984;2583.984;2583.984;2583.984;2583.984;2583.984;2583.984;2583.984;2583.984;2583.984;2583.984;2583.984;2670.117	4995.703;4995.703;4995.703;4995.703;4995.703;4995.703;4995.703;4995.703;4995.703;4995.703;4995.703;4995.703;4995.703;4995.703;4995.703;4995.703;4995.703;4995.703;4995.703;4995.703;4995.703;4995.703;4995.703;4995.703;4995.703;4995.703;4995.703;4995.703;4995.703;4995.703;4995.703;4995.703;4995.703	7493.555;7493.555;7493.555;7493.555;7493.555;7493.555;7493.555;7493.555;7493.555;7493.555;7493.555;7493.555;7493.555;7493.555;7493.555;7493.555;7493.555;7493.555;7493.555;7493.555;7493.555;7493.555;7493.555;7493.555;7493.555;7493.555;7493.555;7493.555;7493.555;7493.555;7493.555;7493.555;7493.555	9388.477;9474.609;9474.609;9474.609;9474.609;9474.609;9474.609;9474.609;9474.609;9474.609;9474.609;9474.609;9474.609;9474.609;9474.609;9474.609;9474.609;9474.609;9474.609;9474.609;9474.609;9474.609;9474.609;9474.609;9474.609;9474.609;9474.609;9474.609;9474.609;9474.609;9474.609;9388.477;9388.477	-11.25	34				5.835	2497.852	156.9204		5.466				2497.852	2497.852;2497.852;2497.852;7493.555;4995.703;4995.703;4995.703;2497.852;2497.852;2497.852;2497.852;2497.852;2497.852;7493.555;7493.555;4995.703;4995.703;4995.703;2497.852;2497.852;2497.852;2497.852;2497.852;2497.852;7493.555;4995.703;4995.703;4995.703;2497.852;2497.852;2497.852;2497.852;7493.555	26.893	7493.555	860.588	2497.852	-430.294	6.000	0.000;0.000;860.588;-430.294;0.000;0.000;-430.294;0.000;0.000;0.000;0.000;0.000;860.588;0.000;-430.294;0.000;0.000;-430.294;0.000;0.000;0.000;0.000;0.000;860.588;-430.294;0.000;0.000;-430.294;0.000;0.000;0.000;860.588		-25.50	156.9204	0.6061			35.22	8821	156.8508	0.2424	156.8160	0.0606	156.9495	0.7576	156.9843	0.9394	155_f0-500_ncomp-19_neg.wav_1	f0 500	19_n
157	Spectrogram 1	1	157.800000000	158.000000000	200ms_schroeder_master.wav	/home/m/Dropbox/Projects/acoustic_fine_features_zebra_finch/data/processed/200ms_schroeder_master.wav	157.8000	450.000	10046.027	5.476		5.492	-31.70	4909.570	8527.148	157.8000		157.8000	6958980	0	6958980	4995.703	157.9015	0.5152	9596.027		0.2000	0.0929	0.1683	158.0000		200ms_schroeder_master.wav	6967800	/home/m/Dropbox/Projects/acoustic_fine_features_zebra_finch/data/processed/200ms_schroeder_master.wav	6967800	28.147		2583.984	947.461	7493.555	9474.609	947.461;947.461;947.461;947.461;947.461;947.461;947.461;947.461;947.461;947.461;947.461;947.461;947.461;947.461;947.461;947.461;947.461;947.461;947.461;947.461;947.461;947.461;947.461;947.461;947.461;947.461;947.461;947.461;947.461;947.461;947.461;947.461;947.461	2583.984;2583.984;2583.984;2583.984;2583.984;2583.984;2583.984;2583.984;2583.984;2583.984;2583.984;2583.984;2583.984;2583.984;2583.984;2583.984;2583.984;2583.984;2583.984;2583.984;2583.984;2583.984;2583.984;2583.984;2583.984;2583.984;2583.984;2583.984;2583.984;2583.984;2583.984;2583.984;2583.984	4995.703;4995.703;4995.703;4995.703;4995.703;4995.703;4995.703;4995.703;4995.703;4995.703;4995.703;4995.703;4995.703;4995.703;4995.703;4995.703;4995.703;4995.703;4995.703;4995.703;4995.703;4995.703;4995.703;4995.703;4995.703;4995.703;4995.703;4995.703;4995.703;4995.703;4995.703;4995.703;4995.703	7493.555;7493.555;7493.555;7493.555;7493.555;7493.555;7493.555;7493.555;7493.555;7493.555;7493.555;7493.555;7493.555;7493.555;7493.555;7493.555;7493.555;7493.555;7493.555;7493.555;7493.555;7493.555;7493.555;7493.555;7493.555;7493.555;7493.555;7493.555;7493.555;7493.555;7493.555;7493.555;7493.555	9388.477;9388.477;9474.609;9474.609;9474.609;9474.609;9474.609;9474.609;9474.609;9474.609;9474.609;9474.609;9474.609;9474.609;9474.609;9474.609;9474.609;9474.609;9474.609;9474.609;9474.609;9474.609;9474.609;9474.609;9474.609;9474.609;9474.609;9474.609;9474.609;9474.609;9474.609;9474.609;9388.477	-11.25	34				5.964	2497.852	157.9015		5.466				2497.852	4995.703;7493.555;7493.555;2497.852;2497.852;2497.852;2497.852;2497.852;4995.703;4995.703;4995.703;7493.555;2497.852;2497.852;2497.852;2497.852;2497.852;2497.852;4995.703;4995.703;4995.703;7493.555;7493.555;2497.852;2497.852;2497.852;2497.852;2497.852;2497.852;4995.703;4995.703;7493.555;2497.852	-13.447	7493.555	430.294	2497.852	-860.588	7.000	430.294;0.000;-860.588;0.000;0.000;0.000;0.000;430.294;0.000;0.000;430.294;-860.588;0.000;0.000;0.000;0.000;0.000;430.294;0.000;0.000;430.294;0.000;-860.588;0.000;0.000;0.000;0.000;0.000;430.294;0.000;430.294;-860.588		-25.50	157.9015	0.5152			35.24	8821	157.8550	0.2727	157.8144	0.0606	157.9479	0.7576	157.9828	0.9394	156_f0-500_ncomp-19_pos.wav_1	f0 500	19_p
158	Spectrogram 1	1	158.800000000	159.000000000	200ms_schroeder_master.wav	/home/m/Dropbox/Projects/acoustic_fine_features_zebra_finch/data/processed/200ms_schroeder_master.wav	158.8000	450.000	10492.447	5.552		5.592	-32.01	4995.703	8957.812	158.8000		158.8000	7003080	0	7003080	5426.367	158.8999	0.5000	10042.447		0.2000	0.0929	0.1741	159.0000		200ms_schroeder_master.wav	7011900	/home/m/Dropbox/Projects/acoustic_fine_features_zebra_finch/data/processed/200ms_schroeder_master.wav	7011900	28.161		2928.516	947.461	7924.219	9905.273	947.461;947.461;947.461;947.461;947.461;947.461;947.461;947.461;947.461;947.461;947.461;947.461;947.461;947.461;947.461;947.461;947.461;947.461;947.461;947.461;947.461;947.461;947.461;947.461;947.461;947.461;947.461;947.461;947.461;947.461;947.461;947.461;947.461;947.461	2928.516;2928.516;2928.516;2928.516;2928.516;2928.516;2928.516;2928.516;2928.516;2928.516;2928.516;2928.516;2928.516;2928.516;2928.516;2928.516;2928.516;2928.516;2928.516;2928.516;2928.516;2928.516;2928.516;2928.516;2928.516;2928.516;2928.516;2928.516;2928.516;2928.516;2928.516;2928.516;2928.516;2928.516	5426.367;5426.367;5426.367;5426.367;5426.367;5426.367;5426.367;5426.367;5426.367;5426.367;5426.367;5426.367;5426.367;5426.367;5426.367;5426.367;5426.367;5426.367;5426.367;5426.367;5426.367;5426.367;5426.367;5426.367;5426.367;5426.367;5426.367;5426.367;5426.367;5426.367;5426.367;5426.367;5426.367;5426.367	7924.219;7924.219;7924.219;7924.219;7924.219;7924.219;7924.219;7924.219;7924.219;7924.219;7924.219;7924.219;7924.219;7924.219;7924.219;7924.219;7924.219;7924.219;7924.219;7924.219;7924.219;7924.219;7924.219;7924.219;7924.219;7924.219;7924.219;7924.219;7924.219;7924.219;7924.219;7924.219;7924.219;7924.219	9905.273;9905.273;9905.273;9905.273;9905.273;9905.273;9905.273;9905.273;9905.273;9905.273;9905.273;9905.273;9905.273;9905.273;9905.273;9905.273;9905.273;9905.273;9905.273;9905.273;9905.273;9905.273;9905.273;9905.273;9905.273;9905.273;9905.273;9905.273;9905.273;9905.273;9905.273;9905.273;9905.273;9819.141	-11.36	35				6.260	2497.852	158.9464		5.541				2497.852	7493.555;4995.703;2497.852;2497.852;2497.852;2497.852;2497.852;2497.852;7493.555;4995.703;4995.703;4995.703;2497.852;2497.852;2497.852;2497.852;2497.852;2497.852;7493.555;7493.555;4995.703;4995.703;4995.703;2497.852;2497.852;2497.852;2497.852;2497.852;2497.852;7493.555;4995.703;4995.703;2497.852;2497.852	-26.078	7493.555	860.588	2497.852	-430.294	6.000	-430.294;-430.294;0.000;0.000;0.000;0.000;0.000;860.588;-430.294;0.000;0.000;-430.294;0.000;0.000;0.000;0.000;0.000;860.588;0.000;-430.294;0.000;0.000;-430.294;0.000;0.000;0.000;0.000;0.000;860.588;-430.294;0.000;-430.294;0.000		-25.71	158.9464	0.7353			35.01	8821	158.8535	0.2647	158.8129	0.0588	158.9464	0.7353	158.9870	0.9412	157_f0-500_ncomp-20_neg.wav_1	f0 500	20_n
159	Spectrogram 1	1	159.800000000	160.000000000	200ms_schroeder_master.wav	/home/m/Dropbox/Projects/acoustic_fine_features_zebra_finch/data/processed/200ms_schroeder_master.wav	159.8000	450.000	10492.447	5.551		5.568	-31.88	4995.703	8957.812	159.8000		159.8000	7047180	0	7047180	5426.367	159.8984	0.4848	10042.447		0.2000	0.0929	0.1683	160.0000		200ms_schroeder_master.wav	7056000	/home/m/Dropbox/Projects/acoustic_fine_features_zebra_finch/data/processed/200ms_schroeder_master.wav	7056000	28.160		2928.516	947.461	7924.219	9905.273	947.461;947.461;947.461;947.461;947.461;947.461;947.461;947.461;947.461;947.461;947.461;947.461;947.461;947.461;947.461;947.461;947.461;947.461;947.461;947.461;947.461;947.461;947.461;947.461;947.461;947.461;947.461;947.461;947.461;947.461;947.461;947.461;947.461	2928.516;2928.516;2928.516;2928.516;2928.516;2928.516;2928.516;2928.516;2928.516;2928.516;2928.516;2928.516;2928.516;2928.516;2928.516;2928.516;2928.516;2928.516;2928.516;2928.516;2928.516;2928.516;2928.516;2928.516;2928.516;2928.516;2928.516;2928.516;2928.516;2928.516;2928.516;2928.516;2928.516	5426.367;5426.367;5426.367;5426.367;5426.367;5426.367;5426.367;5426.367;5426.367;5426.367;5426.367;5426.367;5426.367;5426.367;5426.367;5426.367;5426.367;5426.367;5426.367;5426.367;5426.367;5426.367;5426.367;5426.367;5426.367;5426.367;5426.367;5426.367;5426.367;5426.367;5426.367;5426.367;5426.367	7924.219;7924.219;7924.219;7924.219;7924.219;7924.219;7924.219;7924.219;7924.219;7924.219;7924.219;7924.219;7924.219;7924.219;7924.219;7924.219;7924.219;7924.219;7924.219;7924.219;7924.219;7924.219;7924.219;7924.219;7924.219;7924.219;7924.219;7924.219;7924.219;7924.219;7924.219;7924.219;7924.219	9905.273;9905.273;9905.273;9905.273;9905.273;9905.273;9905.273;9905.273;9905.273;9905.273;9905.273;9905.273;9905.273;9905.273;9905.273;9905.273;9905.273;9905.273;9905.273;9905.273;9905.273;9905.273;9905.273;9905.273;9905.273;9905.273;9905.273;9905.273;9905.273;9905.273;9905.273;9905.273;9905.273	-11.24	34				6.031	2497.852	159.9855		5.541				2497.852	2497.852;4995.703;4995.703;4995.703;7493.555;7493.555;2497.852;2497.852;2497.852;2497.852;2497.852;2497.852;4995.703;4995.703;7493.555;7493.555;2497.852;2497.852;2497.852;2497.852;2497.852;2497.852;4995.703;4995.703;4995.703;7493.555;2497.852;2497.852;2497.852;2497.852;2497.852;4995.703;4995.703	13.447	7493.555	430.294	2497.852	-860.588	6.000	430.294;0.000;0.000;430.294;0.000;-860.588;0.000;0.000;0.000;0.000;0.000;430.294;0.000;430.294;0.000;-860.588;0.000;0.000;0.000;0.000;0.000;430.294;0.000;0.000;430.294;-860.588;0.000;0.000;0.000;0.000;430.294;0.000		-25.71	159.9855	0.9394			35.17	8821	159.8520	0.2424	159.8171	0.0606	159.9448	0.7273	159.9855	0.9394	158_f0-500_ncomp-20_pos.wav_1	f0 500	20_p
160	Spectrogram 1	1	160.800000000	161.000000000	200ms_schroeder_master.wav	/home/m/Dropbox/Projects/acoustic_fine_features_zebra_finch/data/processed/200ms_schroeder_master.wav	160.8000	450.000	11028.151	5.624		5.638	-32.42	4995.703	9130.078	160.8000		160.8000	7091280	0	7091280	5512.500	160.9027	0.5152	10578.151		0.2000	0.0987	0.1683	161.0000		200ms_schroeder_master.wav	7100100	/home/m/Dropbox/Projects/acoustic_fine_features_zebra_finch/data/processed/200ms_schroeder_master.wav	7100100	27.880		3014.648	947.461	8010.352	10077.539	947.461;947.461;947.461;947.461;947.461;947.461;947.461;947.461;947.461;947.461;947.461;947.461;947.461;947.461;947.461;947.461;947.461;947.461;947.461;947.461;947.461;947.461;947.461;947.461;947.461;947.461;947.461;947.461;947.461;947.461;947.461;947.461;947.461	3014.648;3014.648;3014.648;3014.648;3014.648;3014.648;3014.648;3014.648;3014.648;3014.648;3014.648;3014.648;3014.648;3014.648;3014.648;3014.648;3014.648;3014.648;3014.648;3014.648;3014.648;3014.648;3014.648;3014.648;3014.648;3014.648;3014.648;3014.648;3014.648;3014.648;3014.648;3014.648;3014.648	5512.500;5512.500;5512.500;5512.500;5512.500;5512.500;5512.500;5512.500;5512.500;5512.500;5512.500;5512.500;5512.500;5512.500;5512.500;5512.500;5512.500;5512.500;5512.500;5512.500;5512.500;5512.500;5512.500;5512.500;5512.500;5512.500;5512.500;5512.500;5512.500;5512.500;5512.500;5512.500;5512.500	8010.352;8010.352;8010.352;8010.352;8010.352;8010.352;8010.352;8010.352;8010.352;8010.352;8010.352;8010.352;8010.352;8010.352;8010.352;8010.352;8010.352;8010.352;8010.352;8010.352;8010.352;8010.352;8010.352;8010.352;8010.352;8010.352;8010.352;8010.352;8010.352;8010.352;8010.352;8010.352;8096.484	10077.539;10077.539;10077.539;10077.539;10077.539;10077.539;10077.539;10077.539;10077.539;10077.539;10077.539;10077.539;10077.539;10077.539;10077.539;10077.539;10077.539;10077.539;10077.539;10077.539;10077.539;10077.539;10077.539;10077.539;10077.539;10077.539;10077.539;10077.539;10077.539;10077.539;10077.539;10077.539;10077.539	-11.52	34				5.988	2497.852	160.8504		5.613				2497.852	2497.852;2497.852;7493.555;4995.703;4995.703;4995.703;2497.852;2497.852;2497.852;2497.852;2497.852;2497.852;7493.555;4995.703;4995.703;4995.703;2497.852;2497.852;2497.852;2497.852;2497.852;2497.852;7493.555;7493.555;4995.703;4995.703;2497.852;2497.852;2497.852;2497.852;2497.852;2497.852;7493.555	26.893	7493.555	860.588	2497.852	-430.294	6.000	0.000;860.588;-430.294;0.000;0.000;-430.294;0.000;0.000;0.000;0.000;0.000;860.588;-430.294;0.000;0.000;-430.294;0.000;0.000;0.000;0.000;0.000;860.588;0.000;-430.294;0.000;-430.294;0.000;0.000;0.000;0.000;0.000;860.588		-26.20	160.8504	0.2424			35.82	8821	160.8504	0.2424	160.8156	0.0606	160.9491	0.7576	160.9839	0.9394	159_f0-500_ncomp-21_neg.wav_1	f0 500	21_n
161	Spectrogram 1	1	161.800000000	162.000000000	200ms_schroeder_master.wav	/home/m/Dropbox/Projects/acoustic_fine_features_zebra_finch/data/processed/200ms_schroeder_master.wav	161.8000	450.000	11028.151	5.624		5.666	-32.54	4995.703	9130.078	161.8000		161.8000	7135380	0	7135380	5512.500	161.9011	0.5000	10578.151		0.2000	0.0929	0.1683	162.0000		200ms_schroeder_master.wav	7144200	/home/m/Dropbox/Projects/acoustic_fine_features_zebra_finch/data/processed/200ms_schroeder_master.wav	7144200	27.880		3014.648	947.461	8010.352	10077.539	947.461;947.461;947.461;947.461;947.461;947.461;947.461;947.461;947.461;947.461;947.461;947.461;947.461;947.461;947.461;947.461;947.461;947.461;947.461;947.461;947.461;947.461;947.461;947.461;947.461;947.461;947.461;947.461;947.461;947.461;947.461;947.461;947.461;947.461	3014.648;3014.648;3014.648;3014.648;3014.648;3014.648;3014.648;3014.648;3014.648;3014.648;3014.648;3014.648;3014.648;3014.648;3014.648;3014.648;3014.648;3014.648;3014.648;3014.648;3014.648;3014.648;3014.648;3014.648;3014.648;3014.648;3014.648;3014.648;3014.648;3014.648;3014.648;3014.648;3014.648;3014.648	5512.500;5512.500;5512.500;5512.500;5512.500;5512.500;5512.500;5512.500;5512.500;5512.500;5512.500;5512.500;5512.500;5512.500;5512.500;5512.500;5512.500;5512.500;5512.500;5512.500;5512.500;5512.500;5512.500;5512.500;5512.500;5512.500;5512.500;5512.500;5512.500;5512.500;5512.500;5512.500;5512.500;5598.633	8010.352;8010.352;8010.352;8010.352;8010.352;8010.352;8010.352;8010.352;8010.352;8010.352;8010.352;8010.352;8010.352;8010.352;8010.352;8010.352;8010.352;8010.352;8010.352;8010.352;8010.352;8010.352;8010.352;8010.352;8010.352;8010.352;8010.352;8010.352;8010.352;8010.352;8010.352;8010.352;8010.352;8096.484	10077.539;10077.539;10077.539;10077.539;10077.539;10077.539;10077.539;10077.539;10077.539;10077.539;10077.539;10077.539;10077.539;10077.539;10077.539;10077.539;10077.539;10077.539;10077.539;10077.539;10077.539;10077.539;10077.539;10077.539;10077.539;10077.539;10077.539;10077.539;10077.539;10077.539;10077.539;10077.539;10077.539;10163.672	-11.64	35				6.529	2497.852	161.9476		5.613				2497.852	4995.703;2497.852;2497.852;2497.852;2497.852;2497.852;4995.703;4995.703;4995.703;7493.555;2497.852;2497.852;2497.852;2497.852;2497.852;2497.852;4995.703;4995.703;4995.703;7493.555;2497.852;2497.852;2497.852;2497.852;2497.852;2497.852;4995.703;4995.703;4995.703;7493.555;2497.852;2497.852;2497.852;2497.852	-13.039	7493.555	430.294	2497.852	-860.588	6.000	-430.294;0.000;0.000;0.000;0.000;430.294;0.000;0.000;430.294;-860.588;0.000;0.000;0.000;0.000;0.000;430.294;0.000;0.000;430.294;-860.588;0.000;0.000;0.000;0.000;0.000;430.294;0.000;0.000;430.294;-860.588;0.000;0.000;0.000		-26.20	161.9476	0.7353			35.77	8821	161.8547	0.2647	161.8140	0.0588	161.9476	0.7353	161.9824	0.9118	160_f0-500_ncomp-21_pos.wav_1	f0 500	21_p
162	Spectrogram 1	1	162.800000000	163.000000000	200ms_schroeder_master.wav	/home/m/Dropbox/Projects/acoustic_fine_features_zebra_finch/data/processed/200ms_schroeder_master.wav	162.8000	450.000	11563.855	5.692		5.733	-32.48	5512.500	9646.875	162.8000		162.8000	7179480	0	7179480	5943.164	162.8996	0.5000	11113.855		0.2000	0.0929	0.1683	163.0000		200ms_schroeder_master.wav	7188300	/home/m/Dropbox/Projects/acoustic_fine_features_zebra_finch/data/processed/200ms_schroeder_master.wav	7188300	28.148		3014.648	947.461	8527.148	10594.336	947.461;947.461;947.461;947.461;947.461;947.461;947.461;947.461;947.461;947.461;947.461;947.461;947.461;947.461;947.461;947.461;947.461;947.461;947.461;947.461;947.461;947.461;947.461;947.461;947.461;947.461;947.461;947.461;947.461;947.461;947.461;947.461;947.461;1033.594	3014.648;3014.648;3014.648;3014.648;3014.648;3014.648;3014.648;3014.648;3014.648;3014.648;3014.648;3014.648;3014.648;3014.648;3014.648;3014.648;3014.648;3014.648;3014.648;3014.648;3014.648;3014.648;3014.648;3014.648;3014.648;3014.648;3014.648;3014.648;3014.648;3014.648;3014.648;3014.648;3014.648;3100.781	5943.164;5943.164;5943.164;5943.164;5943.164;5943.164;5943.164;5943.164;5943.164;5943.164;5943.164;5943.164;5943.164;5943.164;5943.164;5943.164;5943.164;5943.164;5943.164;5943.164;5943.164;5943.164;5943.164;5943.164;5943.164;5943.164;5943.164;5943.164;5943.164;5943.164;5943.164;5943.164;5943.164;5943.164	8527.148;8527.148;8527.148;8527.148;8527.148;8527.148;8527.148;8527.148;8527.148;8527.148;8527.148;8527.148;8527.148;8527.148;8527.148;8527.148;8527.148;8527.148;8527.148;8527.148;8527.148;8527.148;8527.148;8527.148;8527.148;8527.148;8527.148;8527.148;8527.148;8527.148;8527.148;8527.148;8527.148;8527.148	10594.336;10594.336;10594.336;10594.336;10594.336;10594.336;10594.336;10594.336;10594.336;10594.336;10594.336;10594.336;10594.336;10594.336;10594.336;10594.336;10594.336;10594.336;10594.336;10594.336;10594.336;10594.336;10594.336;10594.336;10594.336;10594.336;10594.336;10594.336;10594.336;10594.336;10594.336;10594.336;10594.336;10594.336	-11.37	35				6.460	2497.852	162.8764		5.681				2497.852	4995.703;2497.852;2497.852;2497.852;2497.852;2497.852;2497.852;7493.555;4995.703;4995.703;4995.703;2497.852;2497.852;2497.852;2497.852;2497.852;2497.852;7493.555;4995.703;4995.703;4995.703;2497.852;2497.852;2497.852;2497.852;2497.852;2497.852;7493.555;7493.555;4995.703;4995.703;2497.852;2497.852;10508.203	28.776	10508.203	1379.908	2497.852	-430.294	7.000	-430.294;0.000;0.000;0.000;0.000;0.000;860.588;-430.294;0.000;0.000;-430.294;0.000;0.000;0.000;0.000;0.000;860.588;-430.294;0.000;0.000;-430.294;0.000;0.000;0.000;0.000;0.000;860.588;0.000;-430.294;0.000;-430.294;0.000;1379.908		-26.14	162.8764	0.3824			35.52	8821	162.8531	0.2647	162.8183	0.0882	162.9460	0.7353	162.9867	0.9412	161_f0-500_ncomp-22_neg.wav_1	f0 500	22_n
163	Spectrogram 1	1	163.800000000	164.000000000	200ms_schroeder_master.wav	/home/m/Dropbox/Projects/acoustic_fine_features_zebra_finch/data/processed/200ms_schroeder_master.wav	163.8000	450.000	11563.855	5.692		5.707	-32.36	5512.500	9646.875	163.8000		163.8000	7223580	0	7223580	5943.164	163.8980	0.4848	11113.855		0.2000	0.0929	0.1683	164.0000		200ms_schroeder_master.wav	7232400	/home/m/Dropbox/Projects/acoustic_fine_features_zebra_finch/data/processed/200ms_schroeder_master.wav	7232400	28.148		3014.648	947.461	8527.148	10594.336	947.461;947.461;947.461;947.461;947.461;947.461;947.461;947.461;947.461;947.461;947.461;947.461;947.461;947.461;947.461;947.461;947.461;947.461;947.461;947.461;947.461;947.461;947.461;947.461;947.461;947.461;947.461;947.461;947.461;947.461;947.461;947.461;947.461	3014.648;3014.648;3014.648;3014.648;3014.648;3014.648;3014.648;3014.648;3014.648;3014.648;3014.648;3014.648;3014.648;3014.648;3014.648;3014.648;3014.648;3014.648;3014.648;3014.648;3014.648;3014.648;3014.648;3014.648;3014.648;3014.648;3014.648;3014.648;3014.648;3014.648;3014.648;3014.648;3014.648	5943.164;5943.164;5943.164;5943.164;5943.164;5943.164;5943.164;5943.164;5943.164;5943.164;5943.164;5943.164;5943.164;5943.164;5943.164;5943.164;5943.164;5943.164;5943.164;5943.164;5943.164;5943.164;5943.164;5943.164;5943.164;5943.164;5943.164;5943.164;5943.164;5943.164;5943.164;5943.164;5943.164	8527.148;8527.148;8527.148;8527.148;8527.148;8527.148;8527.148;8527.148;8527.148;8527.148;8527.148;8527.148;8527.148;8527.148;8527.148;8527.148;8527.148;8527.148;8527.148;8527.148;8527.148;8527.148;8527.148;8527.148;8527.148;8527.148;8527.148;8527.148;8527.148;8527.148;8527.148;8527.148;8527.148	10594.336;10594.336;10594.336;10594.336;10594.336;10594.336;10594.336;10594.336;10594.336;10594.336;10594.336;10594.336;10594.336;10594.336;10594.336;10594.336;10594.336;10594.336;10594.336;10594.336;10594.336;10594.336;10594.336;10594.336;10594.336;10594.336;10594.336;10594.336;10594.336;10594.336;10594.336;10594.336;10594.336	-11.25	34				6.131	2497.852	163.8516		5.681				2497.852	4995.703;4995.703;7493.555;2497.852;2497.852;2497.852;2497.852;2497.852;2497.852;4995.703;4995.703;4995.703;7493.555;2497.852;2497.852;2497.852;2497.852;2497.852;2497.852;2497.852;4995.703;4995.703;7493.555;7493.555;2497.852;2497.852;2497.852;2497.852;2497.852;2497.852;4995.703;7493.555;7493.555	13.447	7493.555	430.294	2497.852	-860.588	6.000	0.000;430.294;-860.588;0.000;0.000;0.000;0.000;0.000;430.294;0.000;0.000;430.294;-860.588;0.000;0.000;0.000;0.000;0.000;0.000;430.294;0.000;430.294;0.000;-860.588;0.000;0.000;0.000;0.000;0.000;430.294;430.294;0.000		-26.14	163.8516	0.2424			35.56	8821	163.8516	0.2424	163.8168	0.0606	163.9445	0.7273	163.9851	0.9394	162_f0-500_ncomp-22_pos.wav_1	f0 500	22_p
164	Spectrogram 1	1	164.800000000	165.000000000	200ms_schroeder_master.wav	/home/m/Dropbox/Projects/acoustic_fine_features_zebra_finch/data/processed/200ms_schroeder_master.wav	164.8000	450.000	12099.559	5.757		5.772	-32.49	5857.031	10077.539	164.8000		164.8000	7267680	0	7267680	6029.297	164.9023	0.5152	11649.559		0.2000	0.0929	0.1683	165.0000		200ms_schroeder_master.wav	7276500	/home/m/Dropbox/Projects/acoustic_fine_features_zebra_finch/data/processed/200ms_schroeder_master.wav	7276500	28.209		3100.781	947.461	8957.812	11025.000	1033.594;1033.594;947.461;947.461;947.461;947.461;947.461;947.461;947.461;947.461;947.461;947.461;947.461;947.461;947.461;947.461;947.461;947.461;947.461;947.461;947.461;947.461;947.461;947.461;947.461;947.461;947.461;947.461;947.461;947.461;947.461;1033.594;1033.594	3100.781;3100.781;3100.781;3100.781;3100.781;3100.781;3100.781;3100.781;3100.781;3100.781;3100.781;3100.781;3100.781;3100.781;3100.781;3100.781;3100.781;3100.781;3100.781;3100.781;3100.781;3100.781;3100.781;3100.781;3100.781;3100.781;3100.781;3100.781;3100.781;3100.781;3100.781;3100.781;3100.781	6029.297;6029.297;6029.297;6029.297;6029.297;6029.297;6029.297;6029.297;6029.297;6029.297;6029.297;6029.297;6029.297;6029.297;6029.297;6029.297;6029.297;6029.297;6029.297;6029.297;6029.297;6029.297;6029.297;6029.297;6029.297;6029.297;6029.297;6029.297;6029.297;6029.297;6029.297;6029.297;6029.297	8957.812;8957.812;8957.812;8957.812;8957.812;8957.812;8957.812;8957.812;8957.812;8957.812;8957.812;8957.812;8957.812;8957.812;8957.812;8957.812;8957.812;8957.812;8957.812;8957.812;8957.812;8957.812;8957.812;8957.812;8957.812;8957.812;8957.812;8957.812;8957.812;8957.812;8957.812;8957.812;8957.812	11025.000;11025.000;11025.000;11025.000;11025.000;11025.000;11025.000;11025.000;11025.000;11025.000;11025.000;11025.000;11025.000;11025.000;11025.000;11025.000;11025.000;11025.000;11025.000;11025.000;11025.000;11025.000;11025.000;11025.000;11025.000;11025.000;11025.000;11025.000;11025.000;11025.000;11025.000;11025.000;11025.000	-11.19	34				6.157	2497.852	164.9604		5.747				2497.852	2497.852;7493.555;4995.703;4995.703;2497.852;2497.852;2497.852;2497.852;2497.852;2497.852;2497.852;7493.555;4995.703;4995.703;4995.703;2497.852;2497.852;2497.852;2497.852;2497.852;2497.852;7493.555;4995.703;4995.703;4995.703;2497.852;2497.852;2497.852;2497.852;2497.852;2497.852;4995.703;4995.703	13.447	7493.555	860.588	2497.852	-430.294	6.000	860.588;-430.294;0.000;-430.294;0.000;0.000;0.000;0.000;0.000;0.000;860.588;-430.294;0.000;0.000;-430.294;0.000;0.000;0.000;0.000;0.000;860.588;-430.294;0.000;0.000;-430.294;0.000;0.000;0.000;0.000;0.000;430.294;0.000		-26.27	164.9604	0.8182			34.98	8821	164.8559	0.2727	164.8152	0.0606	164.9487	0.7576	164.9836	0.9394	163_f0-500_ncomp-23_neg.wav_1	f0 500	23_n
165	Spectrogram 1	1	165.800000000	166.000000000	200ms_schroeder_master.wav	/home/m/Dropbox/Projects/acoustic_fine_features_zebra_finch/data/processed/200ms_schroeder_master.wav	165.8000	450.000	12099.559	5.757		5.799	-32.62	5857.031	10077.539	165.8000		165.8000	7311780	0	7311780	6029.297	165.9008	0.5000	11649.559		0.2000	0.0929	0.1683	166.0000		200ms_schroeder_master.wav	7320600	/home/m/Dropbox/Projects/acoustic_fine_features_zebra_finch/data/processed/200ms_schroeder_master.wav	7320600	28.209		3100.781	947.461	8957.812	11025.000	1033.594;947.461;947.461;947.461;947.461;947.461;947.461;947.461;947.461;947.461;947.461;947.461;947.461;947.461;947.461;947.461;947.461;947.461;947.461;947.461;947.461;947.461;947.461;947.461;947.461;947.461;947.461;947.461;947.461;947.461;947.461;947.461;1033.594;1033.594	3100.781;3100.781;3100.781;3100.781;3100.781;3100.781;3100.781;3100.781;3100.781;3100.781;3100.781;3100.781;3100.781;3100.781;3100.781;3100.781;3100.781;3100.781;3100.781;3100.781;3100.781;3100.781;3100.781;3100.781;3100.781;3100.781;3100.781;3100.781;3100.781;3100.781;3100.781;3100.781;3100.781;3186.914	6029.297;6029.297;6029.297;6029.297;6029.297;6029.297;6029.297;6029.297;6029.297;6029.297;6029.297;6029.297;6029.297;6029.297;6029.297;6029.297;6029.297;6029.297;6029.297;6029.297;6029.297;6029.297;6029.297;6029.297;6029.297;6029.297;6029.297;6029.297;6029.297;6029.297;6029.297;6029.297;6029.297;6029.297	8957.812;8957.812;8957.812;8957.812;8957.812;8957.812;8957.812;8957.812;8957.812;8957.812;8957.812;8957.812;8957.812;8957.812;8957.812;8957.812;8957.812;8957.812;8957.812;8957.812;8957.812;8957.812;8957.812;8957.812;8957.812;8957.812;8957.812;8957.812;8957.812;8957.812;8957.812;8957.812;8957.812;8957.812	11025.000;11025.000;11025.000;11025.000;11025.000;11025.000;11025.000;11025.000;11025.000;11025.000;11025.000;11025.000;11025.000;11025.000;11025.000;11025.000;11025.000;11025.000;11025.000;11025.000;11025.000;11025.000;11025.000;11025.000;11025.000;11025.000;11025.000;11025.000;11025.000;11025.000;11025.000;11025.000;11025.000;11111.133	-11.31	35				6.593	2497.852	165.9356		5.747				2497.852	2497.852;2497.852;2497.852;2497.852;4995.703;4995.703;7493.555;7493.555;2497.852;2497.852;2497.852;2497.852;2497.852;2497.852;4995.703;4995.703;4995.703;7493.555;2497.852;2497.852;2497.852;2497.852;2497.852;2497.852;4995.703;4995.703;4995.703;7493.555;2497.852;2497.852;2497.852;2497.852;2497.852;4995.703	13.039	7493.555	430.294	2497.852	-860.588	6.000	0.000;0.000;0.000;430.294;0.000;430.294;0.000;-860.588;0.000;0.000;0.000;0.000;0.000;430.294;0.000;0.000;430.294;-860.588;0.000;0.000;0.000;0.000;0.000;430.294;0.000;0.000;430.294;-860.588;0.000;0.000;0.000;0.000;430.294		-26.27	165.9356	0.6765			35.08	8821	165.8543	0.2647	165.8137	0.0588	165.9472	0.7353	165.9820	0.9118	164_f0-500_ncomp-23_pos.wav_1	f0 500	23_p
166	Spectrogram 1	1	166.800000000	167.000000000	200ms_schroeder_master.wav	/home/m/Dropbox/Projects/acoustic_fine_features_zebra_finch/data/processed/200ms_schroeder_master.wav	166.8000	450.000	12635.263	5.820		5.861	-32.92	6029.297	10508.203	166.8000		166.8000	7355880	0	7355880	6459.961	166.8992	0.5000	12185.263		0.2000	0.0929	0.1683	167.0000		200ms_schroeder_master.wav	7364700	/home/m/Dropbox/Projects/acoustic_fine_features_zebra_finch/data/processed/200ms_schroeder_master.wav	7364700	28.095		3445.312	1033.594	9474.609	11541.797	1033.594;1033.594;1033.594;1033.594;1033.594;1033.594;1033.594;1033.594;1033.594;1033.594;1033.594;1033.594;1033.594;1033.594;1033.594;1033.594;1033.594;1033.594;1033.594;1033.594;1033.594;1033.594;1033.594;1033.594;1033.594;1033.594;1033.594;1033.594;1033.594;1033.594;1033.594;1033.594;1033.594;1033.594	3445.312;3445.312;3445.312;3445.312;3445.312;3445.312;3445.312;3445.312;3445.312;3445.312;3445.312;3445.312;3445.312;3445.312;3445.312;3445.312;3445.312;3445.312;3445.312;3445.312;3445.312;3445.312;3445.312;3445.312;3445.312;3445.312;3445.312;3445.312;3445.312;3445.312;3445.312;3445.312;3445.312;3445.312	6459.961;6459.961;6459.961;6459.961;6459.961;6459.961;6459.961;6459.961;6459.961;6459.961;6459.961;6459.961;6459.961;6459.961;6459.961;6459.961;6459.961;6459.961;6459.961;6459.961;6459.961;6459.961;6459.961;6459.961;6459.961;6459.961;6459.961;6459.961;6459.961;6459.961;6459.961;6459.961;6459.961;6459.961	9388.477;9474.609;9474.609;9474.609;9474.609;9474.609;9474.609;9474.609;9474.609;9474.609;9474.609;9474.609;9474.609;9474.609;9474.609;9474.609;9474.609;9474.609;9474.609;9474.609;9474.609;9474.609;9474.609;9474.609;9474.609;9474.609;9474.609;9474.609;9474.609;9474.609;9474.609;9474.609;9388.477;9388.477	11541.797;11541.797;11541.797;11541.797;11541.797;11541.797;11541.797;11541.797;11541.797;11541.797;11541.797;11541.797;11541.797;11541.797;11541.797;11541.797;11541.797;11541.797;11541.797;11541.797;11541.797;11541.797;11541.797;11541.797;11541.797;11541.797;11541.797;11541.797;11541.797;11541.797;11541.797;11541.797;11541.797;11541.797	-11.43	35				6.652	2497.852	166.8644		5.809				2497.852	2497.852;2497.852;2497.852;2497.852;2497.852;2497.852;7493.555;4995.703;4995.703;2497.852;2497.852;2497.852;2497.852;2497.852;2497.852;2497.852;7493.555;4995.703;4995.703;2497.852;2497.852;2497.852;2497.852;2497.852;2497.852;2497.852;7493.555;4995.703;4995.703;4995.703;2497.852;2497.852;2497.852;10508.203	41.815	10508.203	1379.908	2497.852	-430.294	6.000	0.000;0.000;0.000;0.000;0.000;860.588;-430.294;0.000;-430.294;0.000;0.000;0.000;0.000;0.000;0.000;860.588;-430.294;0.000;-430.294;0.000;0.000;0.000;0.000;0.000;0.000;860.588;-430.294;0.000;0.000;-430.294;0.000;0.000;1379.908		-26.58	166.8644	0.3235			34.84	8821	166.8528	0.2647	166.8179	0.0882	166.9457	0.7353	166.9863	0.9412	165_f0-500_ncomp-24_neg.wav_1	f0 500	24_n
167	Spectrogram 1	1	167.800000000	168.000000000	200ms_schroeder_master.wav	/home/m/Dropbox/Projects/acoustic_fine_features_zebra_finch/data/processed/200ms_schroeder_master.wav	167.8000	450.000	12635.263	5.819		5.834	-32.79	6029.297	10508.203	167.8000		167.8000	7399980	0	7399980	6459.961	167.8977	0.4848	12185.263		0.2000	0.0929	0.1683	168.0000		200ms_schroeder_master.wav	7408800	/home/m/Dropbox/Projects/acoustic_fine_features_zebra_finch/data/processed/200ms_schroeder_master.wav	7408800	28.094		3445.312	1033.594	9474.609	11541.797	1033.594;1033.594;1033.594;1033.594;1033.594;1033.594;1033.594;1033.594;1033.594;1033.594;1033.594;1033.594;1033.594;1033.594;1033.594;1033.594;1033.594;1033.594;1033.594;1033.594;1033.594;1033.594;1033.594;1033.594;1033.594;1033.594;1033.594;1033.594;1033.594;1033.594;1033.594;1033.594;1033.594	3445.312;3445.312;3445.312;3445.312;3445.312;3445.312;3445.312;3445.312;3445.312;3445.312;3445.312;3445.312;3445.312;3445.312;3445.312;3445.312;3445.312;3445.312;3445.312;3445.312;3445.312;3445.312;3445.312;3445.312;3445.312;3445.312;3445.312;3445.312;3445.312;3445.312;3445.312;3445.312;3445.312	6459.961;6459.961;6459.961;6459.961;6459.961;6459.961;6459.961;6459.961;6459.961;6459.961;6459.961;6459.961;6459.961;6459.961;6459.961;6459.961;6459.961;6459.961;6459.961;6459.961;6459.961;6459.961;6459.961;6459.961;6459.961;6459.961;6459.961;6459.961;6459.961;6459.961;6459.961;6459.961;6459.961	9474.609;9474.609;9474.609;9474.609;9474.609;9474.609;9474.609;9474.609;9474.609;9474.609;9474.609;9474.609;9474.609;9474.609;9474.609;9474.609;9474.609;9474.609;9474.609;9474.609;9474.609;9474.609;9474.609;9474.609;9474.609;9474.609;9474.609;9474.609;9474.609;9474.609;9474.609;9474.609;9388.477	11541.797;11541.797;11541.797;11541.797;11541.797;11541.797;11541.797;11541.797;11541.797;11541.797;11541.797;11541.797;11541.797;11541.797;11541.797;11541.797;11541.797;11541.797;11541.797;11541.797;11541.797;11541.797;11541.797;11541.797;11541.797;11541.797;11541.797;11541.797;11541.797;11541.797;11541.797;11541.797;11541.797	-11.30	34				6.221	2497.852	167.8396		5.809				2497.852	4995.703;2497.852;2497.852;2497.852;2497.852;2497.852;2497.852;4995.703;4995.703;4995.703;7493.555;2497.852;2497.852;2497.852;2497.852;2497.852;2497.852;2497.852;4995.703;4995.703;7493.555;2497.852;2497.852;2497.852;2497.852;2497.852;2497.852;2497.852;4995.703;4995.703;7493.555;2497.852;10508.203	29.675	10508.203	1379.908	2497.852	-860.588	7.000	-430.294;0.000;0.000;0.000;0.000;0.000;430.294;0.000;0.000;430.294;-860.588;0.000;0.000;0.000;0.000;0.000;0.000;430.294;0.000;430.294;-860.588;0.000;0.000;0.000;0.000;0.000;0.000;430.294;0.000;430.294;-860.588;1379.908		-26.57	167.8396	0.1818			34.81	8821	167.8512	0.2424	167.8164	0.0606	167.9441	0.7273	167.9848	0.9394	166_f0-500_ncomp-24_pos.wav_1	f0 500	24_p
168	Spectrogram 1	1	168.800000000	169.000000000	200ms_schroeder_master.wav	/home/m/Dropbox/Projects/acoustic_fine_features_zebra_finch/data/processed/200ms_schroeder_master.wav	168.8000	450.000	13081.683	5.879		5.895	-32.73	6029.297	11025.000	168.8000		168.8000	7444080	0	7444080	6546.094	168.9019	0.5152	12631.683		0.2000	0.0929	0.1683	169.0000		200ms_schroeder_master.wav	7452900	/home/m/Dropbox/Projects/acoustic_fine_features_zebra_finch/data/processed/200ms_schroeder_master.wav	7452900	28.307		3531.445	1033.594	9560.742	12058.594	1033.594;1033.594;1033.594;1033.594;1033.594;1033.594;1033.594;1033.594;1033.594;1033.594;1033.594;1033.594;1033.594;1033.594;1033.594;1033.594;1033.594;1033.594;1033.594;1033.594;1033.594;1033.594;1033.594;1033.594;1033.594;1033.594;1033.594;1033.594;1033.594;1033.594;1033.594;1033.594;1033.594	3531.445;3531.445;3531.445;3531.445;3531.445;3531.445;3531.445;3531.445;3531.445;3531.445;3531.445;3531.445;3531.445;3531.445;3531.445;3531.445;3531.445;3531.445;3531.445;3531.445;3531.445;3531.445;3531.445;3531.445;3531.445;3531.445;3531.445;3531.445;3531.445;3531.445;3531.445;3531.445;3531.445	6546.094;6546.094;6546.094;6546.094;6546.094;6546.094;6546.094;6546.094;6546.094;6546.094;6546.094;6546.094;6546.094;6546.094;6546.094;6546.094;6546.094;6546.094;6546.094;6546.094;6546.094;6546.094;6546.094;6546.094;6546.094;6546.094;6546.094;6546.094;6546.094;6546.094;6546.094;6546.094;6546.094	9560.742;9560.742;9560.742;9560.742;9560.742;9560.742;9560.742;9560.742;9560.742;9560.742;9560.742;9560.742;9560.742;9560.742;9560.742;9560.742;9560.742;9560.742;9560.742;9560.742;9560.742;9560.742;9560.742;9560.742;9560.742;9560.742;9560.742;9560.742;9560.742;9560.742;9560.742;9560.742;9560.742	12058.594;12058.594;12058.594;12058.594;12058.594;12058.594;12058.594;12058.594;12058.594;12058.594;12058.594;12058.594;12058.594;12058.594;12058.594;12058.594;12058.594;12058.594;12058.594;12058.594;12058.594;12058.594;12058.594;12058.594;12058.594;12058.594;12058.594;12058.594;12058.594;12058.594;12058.594;12058.594;12058.594	-11.09	34				6.316	2497.852	168.8903		5.869				2497.852	7493.555;4995.703;4995.703;2497.852;2497.852;2497.852;2497.852;2497.852;2497.852;7493.555;4995.703;4995.703;4995.703;2497.852;2497.852;2497.852;2497.852;2497.852;2497.852;2497.852;7493.555;4995.703;4995.703;2497.852;2497.852;2497.852;2497.852;2497.852;2497.852;2497.852;7493.555;4995.703;2497.852	-26.893	7493.555	860.588	2497.852	-430.294	6.000	-430.294;0.000;-430.294;0.000;0.000;0.000;0.000;0.000;860.588;-430.294;0.000;0.000;-430.294;0.000;0.000;0.000;0.000;0.000;0.000;860.588;-430.294;0.000;-430.294;0.000;0.000;0.000;0.000;0.000;0.000;860.588;-430.294;-430.294		-26.54	168.8903	0.4545			34.83	8821	168.8555	0.2727	168.8149	0.0606	168.9484	0.7576	168.9832	0.9394	167_f0-500_ncomp-25_neg.wav_1	f0 500	25_n
169	Spectrogram 1	1	169.800000000	170.000000000	200ms_schroeder_master.wav	/home/m/Dropbox/Projects/acoustic_fine_features_zebra_finch/data/processed/200ms_schroeder_master.wav	169.8000	450.000	13081.683	5.880		5.921	-32.86	6029.297	11025.000	169.8000		169.8000	7488180	0	7488180	6546.094	169.9004	0.5000	12631.683		0.2000	0.0929	0.1683	170.0000		200ms_schroeder_master.wav	7497000	/home/m/Dropbox/Projects/acoustic_fine_features_zebra_finch/data/processed/200ms_schroeder_master.wav	7497000	28.307		3531.445	1033.594	9560.742	12058.594	1033.594;1033.594;1033.594;1033.594;1033.594;1033.594;1033.594;1033.594;1033.594;1033.594;1033.594;1033.594;1033.594;1033.594;1033.594;1033.594;1033.594;1033.594;1033.594;1033.594;1033.594;1033.594;1033.594;1033.594;1033.594;1033.594;1033.594;1033.594;1033.594;1033.594;1033.594;1033.594;1033.594;1033.594	3531.445;3531.445;3531.445;3531.445;3531.445;3531.445;3531.445;3531.445;3531.445;3531.445;3531.445;3531.445;3531.445;3531.445;3531.445;3531.445;3531.445;3531.445;3531.445;3531.445;3531.445;3531.445;3531.445;3531.445;3531.445;3531.445;3531.445;3531.445;3531.445;3531.445;3531.445;3531.445;3531.445;3531.445	6546.094;6546.094;6546.094;6546.094;6546.094;6546.094;6546.094;6546.094;6546.094;6546.094;6546.094;6546.094;6546.094;6546.094;6546.094;6546.094;6546.094;6546.094;6546.094;6546.094;6546.094;6546.094;6546.094;6546.094;6546.094;6546.094;6546.094;6546.094;6546.094;6546.094;6546.094;6546.094;6546.094;6546.094	9560.742;9560.742;9560.742;9560.742;9560.742;9560.742;9560.742;9560.742;9560.742;9560.742;9560.742;9560.742;9560.742;9560.742;9560.742;9560.742;9560.742;9560.742;9560.742;9560.742;9560.742;9560.742;9560.742;9560.742;9560.742;9560.742;9560.742;9560.742;9560.742;9560.742;9560.742;9560.742;9560.742;9560.742	12058.594;12058.594;12058.594;12058.594;12058.594;12058.594;12058.594;12058.594;12058.594;12058.594;12058.594;12058.594;12058.594;12058.594;12058.594;12058.594;12058.594;12058.594;12058.594;12058.594;12058.594;12058.594;12058.594;12058.594;12058.594;12058.594;12058.594;12058.594;12058.594;12058.594;12058.594;12058.594;12058.594;12058.594	-11.22	35				6.652	2497.852	169.9236		5.869				2497.852	2497.852;2497.852;4995.703;4995.703;4995.703;7493.555;2497.852;2497.852;2497.852;2497.852;2497.852;2497.852;4995.703;4995.703;7493.555;2497.852;2497.852;2497.852;2497.852;2497.852;2497.852;2497.852;4995.703;4995.703;4995.703;7493.555;2497.852;2497.852;2497.852;2497.852;2497.852;2497.852;4995.703;7493.555	26.078	7493.555	430.294	2497.852	-860.588	6.000	0.000;430.294;0.000;0.000;430.294;-860.588;0.000;0.000;0.000;0.000;0.000;430.294;0.000;430.294;-860.588;0.000;0.000;0.000;0.000;0.000;0.000;430.294;0.000;0.000;430.294;-860.588;0.000;0.000;0.000;0.000;0.000;430.294;430.294		-26.54	169.9236	0.6176			34.87	8821	169.8540	0.2647	169.8133	0.0588	169.9468	0.7353	169.9817	0.9118	168_f0-500_ncomp-25_pos.wav_1	f0 500	25_p
170	Spectrogram 1	1	170.800000000	171.000000000	200ms_schroeder_master.wav	/home/m/Dropbox/Projects/acoustic_fine_features_zebra_finch/data/processed/200ms_schroeder_master.wav	170.8000	550.000	3260.442	3.484		3.525	-26.50	1205.859	2411.719	170.8000		170.8000	7532280	0	7532280	1808.789	170.8989	0.5000	2710.442		0.2000	0.0929	0.1683	171.0000		200ms_schroeder_master.wav	7541100	/home/m/Dropbox/Projects/acoustic_fine_features_zebra_finch/data/processed/200ms_schroeder_master.wav	7541100	27.937		1205.859	602.930	2411.719	3014.648	602.930;602.930;602.930;602.930;602.930;602.930;602.930;602.930;602.930;602.930;602.930;602.930;602.930;602.930;602.930;602.930;602.930;602.930;602.930;602.930;602.930;602.930;602.930;602.930;602.930;602.930;602.930;602.930;602.930;602.930;602.930;602.930;602.930;602.930	1205.859;1205.859;1205.859;1205.859;1205.859;1205.859;1205.859;1205.859;1205.859;1205.859;1205.859;1205.859;1205.859;1205.859;1205.859;1205.859;1205.859;1205.859;1205.859;1205.859;1205.859;1205.859;1205.859;1205.859;1205.859;1205.859;1205.859;1205.859;1205.859;1205.859;1205.859;1205.859;1205.859;1205.859	1808.789;1808.789;1808.789;1808.789;1808.789;1808.789;1808.789;1808.789;1808.789;1808.789;1808.789;1808.789;1808.789;1808.789;1808.789;1808.789;1808.789;1808.789;1808.789;1808.789;1808.789;1808.789;1808.789;1808.789;1808.789;1808.789;1808.789;1808.789;1808.789;1808.789;1808.789;1808.789;1808.789;1808.789	2411.719;2411.719;2411.719;2411.719;2411.719;2411.719;2411.719;2411.719;2411.719;2411.719;2411.719;2411.719;2411.719;2411.719;2411.719;2411.719;2411.719;2411.719;2411.719;2411.719;2411.719;2411.719;2411.719;2411.719;2411.719;2411.719;2411.719;2411.719;2411.719;2411.719;2411.719;2411.719;2411.719;2497.852	3014.648;3014.648;3014.648;3014.648;3014.648;3014.648;3014.648;3014.648;3014.648;3014.648;3014.648;3014.648;3014.648;3014.648;3014.648;3014.648;3014.648;3014.648;3014.648;3014.648;3014.648;3014.648;3014.648;3014.648;3014.648;3014.648;3014.648;3014.648;3014.648;3014.648;3014.648;3014.648;3014.648;3014.648	-11.59	35				4.381	602.930	170.9279		3.473				602.930	602.930;602.930;602.930;602.930;602.930;602.930;602.930;602.930;602.930;602.930;602.930;602.930;602.930;602.930;602.930;602.930;602.930;602.930;602.930;602.930;602.930;602.930;602.930;602.930;602.930;602.930;602.930;602.930;602.930;602.930;602.930;602.930;602.930;602.930	0.000	602.930	0.000	602.930	0.000	0.000	0.000;0.000;0.000;0.000;0.000;0.000;0.000;0.000;0.000;0.000;0.000;0.000;0.000;0.000;0.000;0.000;0.000;0.000;0.000;0.000;0.000;0.000;0.000;0.000;0.000;0.000;0.000;0.000;0.000;0.000;0.000;0.000;0.000		-19.83	170.9279	0.6471			41.85	8821	170.8524	0.2647	170.8176	0.0882	170.9453	0.7353	170.9859	0.9412	169_f0-600_ncomp-5_neg.wav_1	f0 600	5_n
171	Spectrogram 1	1	171.800000000	172.000000000	200ms_schroeder_master.wav	/home/m/Dropbox/Projects/acoustic_fine_features_zebra_finch/data/processed/200ms_schroeder_master.wav	171.8000	550.000	3260.442	3.484		3.498	-26.37	1205.859	2411.719	171.8000		171.8000	7576380	0	7576380	1808.789	171.8973	0.4848	2710.442		0.2000	0.0987	0.1683	172.0000		200ms_schroeder_master.wav	7585200	/home/m/Dropbox/Projects/acoustic_fine_features_zebra_finch/data/processed/200ms_schroeder_master.wav	7585200	27.936		1205.859	602.930	2411.719	3014.648	602.930;602.930;602.930;602.930;602.930;602.930;602.930;602.930;602.930;602.930;602.930;602.930;602.930;602.930;602.930;602.930;602.930;602.930;602.930;602.930;602.930;602.930;602.930;602.930;602.930;602.930;602.930;602.930;602.930;602.930;602.930;602.930;602.930	1205.859;1205.859;1205.859;1205.859;1205.859;1205.859;1205.859;1205.859;1205.859;1205.859;1205.859;1205.859;1205.859;1205.859;1205.859;1205.859;1205.859;1205.859;1205.859;1205.859;1205.859;1205.859;1205.859;1205.859;1205.859;1205.859;1205.859;1205.859;1205.859;1205.859;1205.859;1205.859;1205.859	1808.789;1808.789;1808.789;1808.789;1808.789;1808.789;1808.789;1808.789;1808.789;1808.789;1808.789;1808.789;1808.789;1808.789;1808.789;1808.789;1808.789;1808.789;1808.789;1808.789;1808.789;1808.789;1808.789;1808.789;1808.789;1808.789;1808.789;1808.789;1808.789;1808.789;1808.789;1808.789;1808.789	2411.719;2411.719;2411.719;2411.719;2411.719;2411.719;2411.719;2411.719;2411.719;2411.719;2411.719;2411.719;2411.719;2411.719;2411.719;2411.719;2411.719;2411.719;2411.719;2411.719;2411.719;2411.719;2411.719;2411.719;2411.719;2411.719;2411.719;2411.719;2411.719;2411.719;2411.719;2411.719;2411.719	3014.648;3014.648;3014.648;3014.648;3014.648;3014.648;3014.648;3014.648;3014.648;3014.648;3014.648;3014.648;3014.648;3014.648;3014.648;3014.648;3014.648;3014.648;3014.648;3014.648;3014.648;3014.648;3014.648;3014.648;3014.648;3014.648;3014.648;3014.648;3014.648;3014.648;3014.648;3014.648;3014.648	-11.46	34				3.840	602.930	171.9438		3.473				602.930	602.930;602.930;602.930;602.930;602.930;602.930;602.930;602.930;602.930;602.930;602.930;602.930;602.930;602.930;602.930;602.930;602.930;602.930;602.930;602.930;602.930;602.930;602.930;602.930;602.930;602.930;602.930;602.930;602.930;602.930;602.930;602.930;602.930	0.000	602.930	0.000	602.930	0.000	0.000	0.000;0.000;0.000;0.000;0.000;0.000;0.000;0.000;0.000;0.000;0.000;0.000;0.000;0.000;0.000;0.000;0.000;0.000;0.000;0.000;0.000;0.000;0.000;0.000;0.000;0.000;0.000;0.000;0.000;0.000;0.000;0.000		-19.83	171.9438	0.7273			45.22	8821	171.8509	0.2424	171.8160	0.0606	171.9496	0.7576	171.9844	0.9394	170_f0-600_ncomp-5_pos.wav_1	f0 600	5_p
172	Spectrogram 1	1	172.800000000	173.000000000	200ms_schroeder_master.wav	/home/m/Dropbox/Projects/acoustic_fine_features_zebra_finch/data/processed/200ms_schroeder_master.wav	172.8000	550.000	3885.430	3.763		3.779	-28.01	1808.789	3014.648	172.8000		172.8000	7620480	0	7620480	2325.586	172.9016	0.5152	3335.430		0.2000	0.0929	0.1683	173.0000		200ms_schroeder_master.wav	7629300	/home/m/Dropbox/Projects/acoustic_fine_features_zebra_finch/data/processed/200ms_schroeder_master.wav	7629300	27.297		1205.859	602.930	3014.648	3617.578	602.930;602.930;602.930;602.930;602.930;602.930;602.930;602.930;602.930;602.930;602.930;602.930;602.930;602.930;602.930;602.930;602.930;602.930;602.930;602.930;602.930;602.930;602.930;602.930;602.930;602.930;602.930;602.930;602.930;602.930;602.930;602.930;602.930	1205.859;1205.859;1205.859;1205.859;1205.859;1205.859;1205.859;1205.859;1205.859;1205.859;1205.859;1205.859;1205.859;1205.859;1205.859;1205.859;1205.859;1205.859;1205.859;1205.859;1205.859;1205.859;1205.859;1205.859;1205.859;1205.859;1205.859;1205.859;1205.859;1205.859;1205.859;1205.859;1205.859	2325.586;2325.586;2325.586;2325.586;2325.586;2325.586;2325.586;2325.586;2325.586;2325.586;2325.586;2325.586;2325.586;2325.586;2325.586;2325.586;2325.586;2325.586;2325.586;2325.586;2325.586;2325.586;2325.586;2325.586;2325.586;2325.586;2325.586;2325.586;2325.586;2325.586;2325.586;2325.586;2325.586	3014.648;3014.648;3014.648;3014.648;3014.648;3014.648;3014.648;3014.648;3014.648;3014.648;3014.648;3014.648;3014.648;3014.648;3014.648;3014.648;3014.648;3014.648;3014.648;3014.648;3014.648;3014.648;3014.648;3014.648;3014.648;3014.648;3014.648;3014.648;3014.648;3014.648;3014.648;3014.648;3014.648	3617.578;3617.578;3617.578;3617.578;3617.578;3617.578;3617.578;3617.578;3617.578;3617.578;3617.578;3617.578;3617.578;3617.578;3617.578;3617.578;3617.578;3617.578;3617.578;3617.578;3617.578;3617.578;3617.578;3617.578;3617.578;3617.578;3617.578;3617.578;3617.578;3617.578;3617.578;3617.578;3617.578	-12.10	34				4.230	602.930	172.8377		3.753				602.930	602.930;602.930;602.930;602.930;602.930;602.930;602.930;602.930;602.930;602.930;602.930;602.930;602.930;602.930;602.930;602.930;602.930;602.930;602.930;602.930;602.930;602.930;602.930;602.930;602.930;602.930;602.930;602.930;602.930;602.930;602.930;602.930;602.930	0.000	602.930	0.000	602.930	0.000	0.000	0.000;0.000;0.000;0.000;0.000;0.000;0.000;0.000;0.000;0.000;0.000;0.000;0.000;0.000;0.000;0.000;0.000;0.000;0.000;0.000;0.000;0.000;0.000;0.000;0.000;0.000;0.000;0.000;0.000;0.000;0.000;0.000		-21.29	172.8377	0.1818			41.48	8821	172.8551	0.2727	172.8145	0.0606	172.9480	0.7576	172.9828	0.9394	171_f0-600_ncomp-6_neg.wav_1	f0 600	6_n
173	Spectrogram 1	1	173.800000000	174.000000000	200ms_schroeder_master.wav	/home/m/Dropbox/Projects/acoustic_fine_features_zebra_finch/data/processed/200ms_schroeder_master.wav	173.8000	550.000	3885.430	3.764		3.804	-28.14	1808.789	3014.648	173.8000		173.8000	7664580	0	7664580	2325.586	173.9000	0.5000	3335.430		0.2000	0.0929	0.1741	174.0000		200ms_schroeder_master.wav	7673400	/home/m/Dropbox/Projects/acoustic_fine_features_zebra_finch/data/processed/200ms_schroeder_master.wav	7673400	27.297		1205.859	602.930	3014.648	3617.578	602.930;602.930;602.930;602.930;602.930;602.930;602.930;602.930;602.930;602.930;602.930;602.930;602.930;602.930;602.930;602.930;602.930;602.930;602.930;602.930;602.930;602.930;602.930;602.930;602.930;602.930;602.930;602.930;602.930;602.930;602.930;602.930;602.930;602.930	1205.859;1205.859;1205.859;1205.859;1205.859;1205.859;1205.859;1205.859;1205.859;1205.859;1205.859;1205.859;1205.859;1205.859;1205.859;1205.859;1205.859;1205.859;1205.859;1205.859;1205.859;1205.859;1205.859;1205.859;1205.859;1205.859;1205.859;1205.859;1205.859;1205.859;1205.859;1205.859;1205.859;1291.992	2325.586;2325.586;2325.586;2325.586;2325.586;2325.586;2325.586;2325.586;2325.586;2325.586;2325.586;2325.586;2325.586;2325.586;2325.586;2325.586;2325.586;2325.586;2325.586;2325.586;2325.586;2325.586;2325.586;2325.586;2325.586;2325.586;2325.586;2325.586;2325.586;2325.586;2325.586;2325.586;2325.586;2325.586	3014.648;3014.648;3014.648;3014.648;3014.648;3014.648;3014.648;3014.648;3014.648;3014.648;3014.648;3014.648;3014.648;3014.648;3014.648;3014.648;3014.648;3014.648;3014.648;3014.648;3014.648;3014.648;3014.648;3014.648;3014.648;3014.648;3014.648;3014.648;3014.648;3014.648;3014.648;3014.648;3014.648;3014.648	3617.578;3617.578;3617.578;3617.578;3617.578;3617.578;3617.578;3617.578;3617.578;3617.578;3617.578;3617.578;3617.578;3617.578;3617.578;3617.578;3617.578;3617.578;3617.578;3617.578;3617.578;3617.578;3617.578;3617.578;3617.578;3617.578;3617.578;3617.578;3617.578;3617.578;3617.578;3617.578;3617.578;3617.578	-12.23	35				4.461	602.930	173.9755		3.753				602.930	602.930;602.930;602.930;602.930;602.930;602.930;602.930;602.930;602.930;602.930;602.930;602.930;602.930;602.930;602.930;602.930;602.930;602.930;602.930;602.930;602.930;602.930;602.930;602.930;602.930;602.930;602.930;602.930;602.930;602.930;602.930;602.930;602.930;2411.719	9.442	2411.719	311.592	602.930	0.000	0.000	0.000;0.000;0.000;0.000;0.000;0.000;0.000;0.000;0.000;0.000;0.000;0.000;0.000;0.000;0.000;0.000;0.000;0.000;0.000;0.000;0.000;0.000;0.000;0.000;0.000;0.000;0.000;0.000;0.000;0.000;0.000;0.000;311.592		-21.29	173.9755	0.8824			41.52	8821	173.8536	0.2647	173.8130	0.0588	173.9465	0.7353	173.9871	0.9412	172_f0-600_ncomp-6_pos.wav_1	f0 600	6_p
174	Spectrogram 1	1	174.800000000	175.000000000	200ms_schroeder_master.wav	/home/m/Dropbox/Projects/acoustic_fine_features_zebra_finch/data/processed/200ms_schroeder_master.wav	174.8000	550.000	4510.418	3.998		4.014	-28.83	2325.586	3617.578	174.8000		174.8000	7708680	0	7708680	2411.719	174.8985	0.4848	3960.418		0.2000	0.0929	0.1683	175.0000		200ms_schroeder_master.wav	7717500	/home/m/Dropbox/Projects/acoustic_fine_features_zebra_finch/data/processed/200ms_schroeder_master.wav	7717500	27.193		1291.992	602.930	3617.578	4220.508	602.930;602.930;602.930;602.930;602.930;602.930;602.930;602.930;602.930;602.930;602.930;602.930;602.930;602.930;602.930;602.930;602.930;602.930;602.930;602.930;602.930;602.930;602.930;602.930;602.930;602.930;602.930;602.930;602.930;602.930;602.930;602.930;602.930	1291.992;1291.992;1291.992;1291.992;1291.992;1291.992;1291.992;1291.992;1291.992;1291.992;1291.992;1291.992;1291.992;1291.992;1291.992;1291.992;1291.992;1291.992;1291.992;1291.992;1291.992;1291.992;1291.992;1291.992;1291.992;1291.992;1291.992;1291.992;1291.992;1291.992;1291.992;1291.992;1291.992	2411.719;2411.719;2411.719;2411.719;2411.719;2411.719;2411.719;2411.719;2411.719;2411.719;2411.719;2411.719;2411.719;2411.719;2411.719;2411.719;2411.719;2411.719;2411.719;2411.719;2411.719;2411.719;2411.719;2411.719;2411.719;2411.719;2411.719;2411.719;2411.719;2411.719;2411.719;2411.719;2411.719	3617.578;3617.578;3617.578;3617.578;3617.578;3617.578;3617.578;3617.578;3617.578;3617.578;3617.578;3617.578;3617.578;3617.578;3617.578;3617.578;3617.578;3617.578;3617.578;3617.578;3617.578;3617.578;3617.578;3617.578;3617.578;3617.578;3617.578;3617.578;3617.578;3617.578;3617.578;3531.445;3531.445	4220.508;4220.508;4220.508;4220.508;4220.508;4220.508;4220.508;4220.508;4220.508;4220.508;4220.508;4220.508;4220.508;4220.508;4220.508;4220.508;4220.508;4220.508;4220.508;4220.508;4220.508;4220.508;4220.508;4220.508;4220.508;4220.508;4220.508;4220.508;4220.508;4220.508;4220.508;4220.508;4220.508	-12.20	34				4.481	602.930	174.8811		3.987				602.930	602.930;602.930;602.930;602.930;602.930;602.930;602.930;602.930;602.930;602.930;602.930;602.930;602.930;602.930;602.930;602.930;602.930;602.930;602.930;602.930;602.930;602.930;602.930;602.930;602.930;602.930;602.930;602.930;602.930;602.930;602.930;602.930;602.930	0.000	602.930	0.000	602.930	0.000	0.000	0.000;0.000;0.000;0.000;0.000;0.000;0.000;0.000;0.000;0.000;0.000;0.000;0.000;0.000;0.000;0.000;0.000;0.000;0.000;0.000;0.000;0.000;0.000;0.000;0.000;0.000;0.000;0.000;0.000;0.000;0.000;0.000		-22.08	174.8811	0.3939			41.29	8821	174.8521	0.2424	174.8172	0.0606	174.9449	0.7273	174.9856	0.9394	173_f0-600_ncomp-7_neg.wav_1	f0 600	7_n
175	Spectrogram 1	1	175.800000000	176.000000000	200ms_schroeder_master.wav	/home/m/Dropbox/Projects/acoustic_fine_features_zebra_finch/data/processed/200ms_schroeder_master.wav	175.8000	550.000	4510.418	3.998		4.012	-28.83	2325.586	3617.578	175.8000		175.8000	7752780	0	7752780	2411.719	175.9028	0.5152	3960.418		0.2000	0.0987	0.1683	176.0000		200ms_schroeder_master.wav	7761600	/home/m/Dropbox/Projects/acoustic_fine_features_zebra_finch/data/processed/200ms_schroeder_master.wav	7761600	27.193		1291.992	602.930	3617.578	4220.508	602.930;602.930;602.930;602.930;602.930;602.930;602.930;602.930;602.930;602.930;602.930;602.930;602.930;602.930;602.930;602.930;602.930;602.930;602.930;602.930;602.930;602.930;602.930;602.930;602.930;602.930;602.930;602.930;602.930;602.930;602.930;602.930;602.930	1291.992;1291.992;1291.992;1291.992;1291.992;1291.992;1291.992;1291.992;1291.992;1291.992;1291.992;1291.992;1291.992;1291.992;1291.992;1291.992;1291.992;1291.992;1291.992;1291.992;1291.992;1291.992;1291.992;1291.992;1291.992;1291.992;1291.992;1291.992;1291.992;1291.992;1291.992;1291.992;1291.992	2411.719;2411.719;2411.719;2411.719;2411.719;2411.719;2411.719;2411.719;2411.719;2411.719;2411.719;2411.719;2411.719;2411.719;2411.719;2411.719;2411.719;2411.719;2411.719;2411.719;2411.719;2411.719;2411.719;2411.719;2411.719;2411.719;2411.719;2411.719;2411.719;2411.719;2411.719;2411.719;2411.719	3531.445;3617.578;3617.578;3617.578;3617.578;3617.578;3617.578;3617.578;3617.578;3617.578;3617.578;3617.578;3617.578;3617.578;3617.578;3617.578;3617.578;3617.578;3617.578;3617.578;3617.578;3617.578;3617.578;3617.578;3617.578;3617.578;3617.578;3617.578;3617.578;3617.578;3617.578;3617.578;3531.445	4220.508;4220.508;4220.508;4220.508;4220.508;4220.508;4220.508;4220.508;4220.508;4220.508;4220.508;4220.508;4220.508;4220.508;4220.508;4220.508;4220.508;4220.508;4220.508;4220.508;4220.508;4220.508;4220.508;4220.508;4220.508;4220.508;4220.508;4220.508;4220.508;4220.508;4220.508;4220.508;4220.508	-12.20	34				4.347	602.930	175.8389		3.987				602.930	602.930;602.930;602.930;602.930;602.930;602.930;602.930;602.930;602.930;602.930;602.930;602.930;602.930;602.930;602.930;602.930;602.930;602.930;602.930;602.930;602.930;602.930;602.930;602.930;602.930;602.930;602.930;602.930;602.930;602.930;602.930;602.930;602.930	0.000	602.930	0.000	602.930	0.000	0.000	0.000;0.000;0.000;0.000;0.000;0.000;0.000;0.000;0.000;0.000;0.000;0.000;0.000;0.000;0.000;0.000;0.000;0.000;0.000;0.000;0.000;0.000;0.000;0.000;0.000;0.000;0.000;0.000;0.000;0.000;0.000;0.000		-22.08	175.8389	0.1818			41.11	8821	175.8505	0.2424	175.8157	0.0606	175.9492	0.7576	175.9840	0.9394	174_f0-600_ncomp-7_pos.wav_1	f0 600	7_p
176	Spectrogram 1	1	176.800000000	177.000000000	200ms_schroeder_master.wav	/home/m/Dropbox/Projects/acoustic_fine_features_zebra_finch/data/processed/200ms_schroeder_master.wav	176.8000	550.000	5135.406	4.199		4.242	-28.74	2411.719	4220.508	176.8000		176.8000	7796880	0	7796880	2928.516	176.9012	0.5000	4585.406		0.2000	0.0929	0.1683	177.0000		200ms_schroeder_master.wav	7805700	/home/m/Dropbox/Projects/acoustic_fine_features_zebra_finch/data/processed/200ms_schroeder_master.wav	7805700	28.021		1722.656	602.930	4134.375	4823.438	602.930;602.930;602.930;602.930;602.930;602.930;602.930;602.930;602.930;602.930;602.930;602.930;602.930;602.930;602.930;602.930;602.930;602.930;602.930;602.930;602.930;602.930;602.930;602.930;602.930;602.930;602.930;602.930;602.930;602.930;602.930;602.930;602.930;689.062	1722.656;1722.656;1722.656;1722.656;1722.656;1722.656;1722.656;1722.656;1722.656;1722.656;1722.656;1722.656;1722.656;1722.656;1722.656;1722.656;1722.656;1722.656;1722.656;1722.656;1722.656;1722.656;1722.656;1722.656;1722.656;1722.656;1722.656;1722.656;1722.656;1722.656;1722.656;1722.656;1722.656;1722.656	2928.516;2928.516;2928.516;2928.516;2928.516;2928.516;2928.516;2928.516;2928.516;2928.516;2928.516;2928.516;2928.516;2928.516;2928.516;2928.516;2928.516;2928.516;2928.516;2928.516;2928.516;2928.516;2928.516;2928.516;2928.516;2928.516;2928.516;2928.516;2928.516;2928.516;2928.516;2928.516;2928.516;2928.516	4134.375;4134.375;4134.375;4134.375;4134.375;4134.375;4134.375;4134.375;4134.375;4134.375;4134.375;4134.375;4134.375;4134.375;4134.375;4134.375;4134.375;4134.375;4134.375;4134.375;4134.375;4134.375;4134.375;4134.375;4134.375;4134.375;4134.375;4134.375;4134.375;4134.375;4134.375;4134.375;4134.375;4048.242	4823.438;4823.438;4823.438;4823.438;4823.438;4823.438;4823.438;4823.438;4823.438;4823.438;4823.438;4823.438;4823.438;4823.438;4823.438;4823.438;4823.438;4823.438;4823.438;4823.438;4823.438;4823.438;4823.438;4823.438;4823.438;4823.438;4823.438;4823.438;4823.438;4823.438;4823.438;4823.438;4823.438;4823.438	-11.50	35				5.131	602.930	176.9360		4.189				602.930	602.930;602.930;602.930;602.930;602.930;602.930;602.930;602.930;602.930;602.930;602.930;602.930;602.930;602.930;602.930;602.930;602.930;602.930;602.930;602.930;602.930;602.930;602.930;602.930;602.930;602.930;602.930;602.930;602.930;602.930;602.930;602.930;602.930;1205.859	3.147	1205.859	103.864	602.930	0.000	0.000	0.000;0.000;0.000;0.000;0.000;0.000;0.000;0.000;0.000;0.000;0.000;0.000;0.000;0.000;0.000;0.000;0.000;0.000;0.000;0.000;0.000;0.000;0.000;0.000;0.000;0.000;0.000;0.000;0.000;0.000;0.000;0.000;103.864		-21.85	176.9360	0.6765			40.88	8821	176.8548	0.2647	176.8141	0.0588	176.9477	0.7353	176.9825	0.9118	175_f0-600_ncomp-8_neg.wav_1	f0 600	8_n
177	Spectrogram 1	1	177.800000000	178.000000000	200ms_schroeder_master.wav	/home/m/Dropbox/Projects/acoustic_fine_features_zebra_finch/data/processed/200ms_schroeder_master.wav	177.8000	550.000	5135.406	4.199		4.240	-28.74	2411.719	4220.508	177.8000		177.8000	7840980	0	7840980	2928.516	177.8997	0.5000	4585.406		0.2000	0.0929	0.1683	178.0000		200ms_schroeder_master.wav	7849800	/home/m/Dropbox/Projects/acoustic_fine_features_zebra_finch/data/processed/200ms_schroeder_master.wav	7849800	28.022		1722.656	602.930	4134.375	4823.438	602.930;602.930;602.930;602.930;602.930;602.930;602.930;602.930;602.930;602.930;602.930;602.930;602.930;602.930;602.930;602.930;602.930;602.930;602.930;602.930;602.930;602.930;602.930;602.930;602.930;602.930;602.930;602.930;602.930;602.930;602.930;602.930;602.930;602.930	1722.656;1722.656;1722.656;1722.656;1722.656;1722.656;1722.656;1722.656;1722.656;1722.656;1722.656;1722.656;1722.656;1722.656;1722.656;1722.656;1722.656;1722.656;1722.656;1722.656;1722.656;1722.656;1722.656;1722.656;1722.656;1722.656;1722.656;1722.656;1722.656;1722.656;1722.656;1722.656;1722.656;1722.656	2928.516;2928.516;2928.516;2928.516;2928.516;2928.516;2928.516;2928.516;2928.516;2928.516;2928.516;2928.516;2928.516;2928.516;2928.516;2928.516;2928.516;2928.516;2928.516;2928.516;2928.516;2928.516;2928.516;2928.516;2928.516;2928.516;2928.516;2928.516;2928.516;2928.516;2928.516;2928.516;2928.516;2928.516	4134.375;4134.375;4134.375;4134.375;4134.375;4134.375;4134.375;4134.375;4134.375;4134.375;4134.375;4134.375;4134.375;4134.375;4134.375;4134.375;4134.375;4134.375;4134.375;4134.375;4134.375;4134.375;4134.375;4134.375;4134.375;4134.375;4134.375;4134.375;4134.375;4134.375;4134.375;4134.375;4134.375;4048.242	4823.438;4823.438;4823.438;4823.438;4823.438;4823.438;4823.438;4823.438;4823.438;4823.438;4823.438;4823.438;4823.438;4823.438;4823.438;4823.438;4823.438;4823.438;4823.438;4823.438;4823.438;4823.438;4823.438;4823.438;4823.438;4823.438;4823.438;4823.438;4823.438;4823.438;4823.438;4823.438;4823.438;4823.438	-11.50	35				4.949	602.930	177.8823		4.189				602.930	602.930;602.930;602.930;602.930;602.930;602.930;602.930;602.930;602.930;602.930;602.930;602.930;602.930;602.930;602.930;602.930;602.930;602.930;602.930;602.930;602.930;602.930;602.930;602.930;602.930;602.930;602.930;602.930;602.930;602.930;602.930;602.930;602.930;602.930	0.000	602.930	0.000	602.930	0.000	0.000	0.000;0.000;0.000;0.000;0.000;0.000;0.000;0.000;0.000;0.000;0.000;0.000;0.000;0.000;0.000;0.000;0.000;0.000;0.000;0.000;0.000;0.000;0.000;0.000;0.000;0.000;0.000;0.000;0.000;0.000;0.000;0.000;0.000		-21.85	177.8823	0.4118			40.93	8821	177.8532	0.2647	177.8184	0.0882	177.9461	0.7353	177.9867	0.9412	176_f0-600_ncomp-8_pos.wav_1	f0 600	8_p
178	Spectrogram 1	1	178.800000000	179.000000000	200ms_schroeder_master.wav	/home/m/Dropbox/Projects/acoustic_fine_features_zebra_finch/data/processed/200ms_schroeder_master.wav	178.8000	550.000	5760.394	4.376		4.391	-29.56	2411.719	4823.438	178.8000		178.8000	7885080	0	7885080	3014.648	178.8981	0.4848	5210.394		0.2000	0.0929	0.1683	179.0000		200ms_schroeder_master.wav	7893900	/home/m/Dropbox/Projects/acoustic_fine_features_zebra_finch/data/processed/200ms_schroeder_master.wav	7893900	27.620		1808.789	602.930	4220.508	5426.367	602.930;602.930;602.930;602.930;602.930;602.930;602.930;602.930;602.930;602.930;602.930;602.930;602.930;602.930;602.930;602.930;602.930;602.930;602.930;602.930;602.930;602.930;602.930;602.930;602.930;602.930;602.930;602.930;602.930;602.930;602.930;602.930;602.930	1808.789;1808.789;1808.789;1808.789;1808.789;1808.789;1808.789;1808.789;1808.789;1808.789;1808.789;1808.789;1808.789;1808.789;1808.789;1808.789;1808.789;1808.789;1808.789;1808.789;1808.789;1808.789;1808.789;1808.789;1808.789;1808.789;1808.789;1808.789;1808.789;1808.789;1808.789;1808.789;1808.789	3014.648;3014.648;3014.648;3014.648;3014.648;3014.648;3014.648;3014.648;3014.648;3014.648;3014.648;3014.648;3014.648;3014.648;3014.648;3014.648;3014.648;3014.648;3014.648;3014.648;3014.648;3014.648;3014.648;3014.648;3014.648;3014.648;3014.648;3014.648;3014.648;3014.648;3014.648;3014.648;3014.648	4220.508;4220.508;4220.508;4220.508;4220.508;4220.508;4220.508;4220.508;4220.508;4220.508;4220.508;4220.508;4220.508;4220.508;4220.508;4220.508;4220.508;4220.508;4220.508;4220.508;4220.508;4220.508;4220.508;4220.508;4220.508;4220.508;4220.508;4220.508;4220.508;4220.508;4220.508;4220.508;4220.508	5426.367;5426.367;5426.367;5426.367;5426.367;5426.367;5426.367;5426.367;5426.367;5426.367;5426.367;5426.367;5426.367;5426.367;5426.367;5426.367;5426.367;5426.367;5426.367;5426.367;5426.367;5426.367;5426.367;5426.367;5426.367;5426.367;5426.367;5426.367;5426.367;5426.367;5426.367;5426.367;5426.367	-11.78	34				4.819	602.930	178.8227		4.365				602.930	602.930;602.930;602.930;602.930;602.930;602.930;602.930;602.930;602.930;602.930;602.930;602.930;602.930;602.930;602.930;602.930;602.930;602.930;602.930;602.930;602.930;602.930;602.930;602.930;602.930;602.930;602.930;602.930;602.930;602.930;602.930;602.930;602.930	0.000	602.930	0.000	602.930	0.000	0.000	0.000;0.000;0.000;0.000;0.000;0.000;0.000;0.000;0.000;0.000;0.000;0.000;0.000;0.000;0.000;0.000;0.000;0.000;0.000;0.000;0.000;0.000;0.000;0.000;0.000;0.000;0.000;0.000;0.000;0.000;0.000;0.000		-22.77	178.8227	0.0909			40.39	8821	178.8517	0.2424	178.8169	0.0606	178.9446	0.7273	178.9852	0.9394	177_f0-600_ncomp-9_neg.wav_1	f0 600	9_n
179	Spectrogram 1	1	179.800000000	180.000000000	200ms_schroeder_master.wav	/home/m/Dropbox/Projects/acoustic_fine_features_zebra_finch/data/processed/200ms_schroeder_master.wav	179.8000	550.000	5760.394	4.376		4.390	-29.56	2411.719	4823.438	179.8000		179.8000	7929180	0	7929180	3014.648	179.9024	0.5152	5210.394		0.2000	0.0929	0.1683	180.0000		200ms_schroeder_master.wav	7938000	/home/m/Dropbox/Projects/acoustic_fine_features_zebra_finch/data/processed/200ms_schroeder_master.wav	7938000	27.620		1808.789	602.930	4220.508	5426.367	602.930;602.930;602.930;602.930;602.930;602.930;602.930;602.930;602.930;602.930;602.930;602.930;602.930;602.930;602.930;602.930;602.930;602.930;602.930;602.930;602.930;602.930;602.930;602.930;602.930;602.930;602.930;602.930;602.930;602.930;602.930;602.930;602.930	1808.789;1808.789;1808.789;1808.789;1808.789;1808.789;1808.789;1808.789;1808.789;1808.789;1808.789;1808.789;1808.789;1808.789;1808.789;1808.789;1808.789;1808.789;1808.789;1808.789;1808.789;1808.789;1808.789;1808.789;1808.789;1808.789;1808.789;1808.789;1808.789;1808.789;1808.789;1808.789;1808.789	3014.648;3014.648;3014.648;3014.648;3014.648;3014.648;3014.648;3014.648;3014.648;3014.648;3014.648;3014.648;3014.648;3014.648;3014.648;3014.648;3014.648;3014.648;3014.648;3014.648;3014.648;3014.648;3014.648;3014.648;3014.648;3014.648;3014.648;3014.648;3014.648;3014.648;3014.648;3014.648;3014.648	4220.508;4220.508;4220.508;4220.508;4220.508;4220.508;4220.508;4220.508;4220.508;4220.508;4220.508;4220.508;4220.508;4220.508;4220.508;4220.508;4220.508;4220.508;4220.508;4220.508;4220.508;4220.508;4220.508;4220.508;4220.508;4220.508;4220.508;4220.508;4220.508;4220.508;4220.508;4220.508;4220.508	5426.367;5426.367;5426.367;5426.367;5426.367;5426.367;5426.367;5426.367;5426.367;5426.367;5426.367;5426.367;5426.367;5426.367;5426.367;5426.367;5426.367;5426.367;5426.367;5426.367;5426.367;5426.367;5426.367;5426.367;5426.367;5426.367;5426.367;5426.367;5426.367;5426.367;5426.367;5426.367;5426.367	-11.78	34				4.761	602.930	179.9256		4.365				602.930	602.930;602.930;602.930;602.930;602.930;602.930;602.930;602.930;602.930;602.930;602.930;602.930;602.930;602.930;602.930;602.930;602.930;602.930;602.930;602.930;602.930;602.930;602.930;602.930;602.930;602.930;602.930;602.930;602.930;602.930;602.930;602.930;602.930	0.000	602.930	0.000	602.930	0.000	0.000	0.000;0.000;0.000;0.000;0.000;0.000;0.000;0.000;0.000;0.000;0.000;0.000;0.000;0.000;0.000;0.000;0.000;0.000;0.000;0.000;0.000;0.000;0.000;0.000;0.000;0.000;0.000;0.000;0.000;0.000;0.000;0.000		-22.77	179.9256	0.6364			40.12	8821	179.8560	0.2727	179.8153	0.0606	179.9488	0.7576	179.9837	0.9394	178_f0-600_ncomp-9_pos.wav_1	f0 600	9_p
180	Spectrogram 1	1	180.800000000	181.000000000	200ms_schroeder_master.wav	/home/m/Dropbox/Projects/acoustic_fine_features_zebra_finch/data/processed/200ms_schroeder_master.wav	180.8000	550.000	6385.383	4.533		4.575	-30.42	3014.648	5426.367	180.8000		180.8000	7973280	0	7973280	3531.445	180.9009	0.5000	5835.383		0.2000	0.0929	0.1683	181.0000		200ms_schroeder_master.wav	7982100	/home/m/Dropbox/Projects/acoustic_fine_features_zebra_finch/data/processed/200ms_schroeder_master.wav	7982100	27.429		1808.789	602.930	4823.438	6029.297	602.930;602.930;602.930;602.930;602.930;602.930;602.930;602.930;602.930;602.930;602.930;602.930;602.930;602.930;602.930;602.930;602.930;602.930;602.930;602.930;602.930;602.930;602.930;602.930;602.930;602.930;602.930;602.930;602.930;602.930;602.930;602.930;602.930;689.062	1808.789;1808.789;1808.789;1808.789;1808.789;1808.789;1808.789;1808.789;1808.789;1808.789;1808.789;1808.789;1808.789;1808.789;1808.789;1808.789;1808.789;1808.789;1808.789;1808.789;1808.789;1808.789;1808.789;1808.789;1808.789;1808.789;1808.789;1808.789;1808.789;1808.789;1808.789;1808.789;1808.789;1894.922	3531.445;3531.445;3531.445;3531.445;3531.445;3531.445;3531.445;3531.445;3531.445;3531.445;3531.445;3531.445;3531.445;3531.445;3531.445;3531.445;3531.445;3531.445;3531.445;3531.445;3531.445;3531.445;3531.445;3531.445;3531.445;3531.445;3531.445;3531.445;3531.445;3531.445;3531.445;3531.445;3531.445;3531.445	4823.438;4823.438;4823.438;4823.438;4823.438;4823.438;4823.438;4823.438;4823.438;4823.438;4823.438;4823.438;4823.438;4823.438;4823.438;4823.438;4823.438;4823.438;4823.438;4823.438;4823.438;4823.438;4823.438;4823.438;4823.438;4823.438;4823.438;4823.438;4823.438;4823.438;4823.438;4823.438;4823.438;4823.438	6029.297;6029.297;6029.297;6029.297;6029.297;6029.297;6029.297;6029.297;6029.297;6029.297;6029.297;6029.297;6029.297;6029.297;6029.297;6029.297;6029.297;6029.297;6029.297;6029.297;6029.297;6029.297;6029.297;6029.297;6029.297;6029.297;6029.297;6029.297;6029.297;6029.297;6029.297;6029.297;6029.297;6029.297	-12.09	35				5.397	602.930	180.8776		4.522				602.930	602.930;602.930;602.930;602.930;602.930;602.930;602.930;602.930;602.930;602.930;602.930;602.930;602.930;602.930;602.930;602.930;602.930;602.930;602.930;602.930;602.930;602.930;602.930;602.930;602.930;602.930;602.930;602.930;602.930;602.930;602.930;602.930;602.930;1205.859	3.147	1205.859	103.864	602.930	0.000	0.000	0.000;0.000;0.000;0.000;0.000;0.000;0.000;0.000;0.000;0.000;0.000;0.000;0.000;0.000;0.000;0.000;0.000;0.000;0.000;0.000;0.000;0.000;0.000;0.000;0.000;0.000;0.000;0.000;0.000;0.000;0.000;0.000;103.864		-23.43	180.8776	0.3824			40.50	8821	180.8544	0.2647	180.8138	0.0588	180.9473	0.7353	180.9821	0.9118	179_f0-600_ncomp-10_neg.wav_1	f0 600	10_n
181	Spectrogram 1	1	181.800000000	182.000000000	200ms_schroeder_master.wav	/home/m/Dropbox/Projects/acoustic_fine_features_zebra_finch/data/processed/200ms_schroeder_master.wav	181.8000	550.000	6385.383	4.533		4.575	-30.42	3014.648	5426.367	181.8000		181.8000	8017380	0	8017380	3531.445	181.8993	0.5000	5835.383		0.2000	0.0929	0.1683	182.0000		200ms_schroeder_master.wav	8026200	/home/m/Dropbox/Projects/acoustic_fine_features_zebra_finch/data/processed/200ms_schroeder_master.wav	8026200	27.429		1808.789	602.930	4823.438	6029.297	602.930;602.930;602.930;602.930;602.930;602.930;602.930;602.930;602.930;602.930;602.930;602.930;602.930;602.930;602.930;602.930;602.930;602.930;602.930;602.930;602.930;602.930;602.930;602.930;602.930;602.930;602.930;602.930;602.930;602.930;602.930;602.930;602.930;689.062	1808.789;1808.789;1808.789;1808.789;1808.789;1808.789;1808.789;1808.789;1808.789;1808.789;1808.789;1808.789;1808.789;1808.789;1808.789;1808.789;1808.789;1808.789;1808.789;1808.789;1808.789;1808.789;1808.789;1808.789;1808.789;1808.789;1808.789;1808.789;1808.789;1808.789;1808.789;1808.789;1808.789;1808.789	3531.445;3531.445;3531.445;3531.445;3531.445;3531.445;3531.445;3531.445;3531.445;3531.445;3531.445;3531.445;3531.445;3531.445;3531.445;3531.445;3531.445;3531.445;3531.445;3531.445;3531.445;3531.445;3531.445;3531.445;3531.445;3531.445;3531.445;3531.445;3531.445;3531.445;3531.445;3531.445;3531.445;3531.445	4823.438;4823.438;4823.438;4823.438;4823.438;4823.438;4823.438;4823.438;4823.438;4823.438;4823.438;4823.438;4823.438;4823.438;4823.438;4823.438;4823.438;4823.438;4823.438;4823.438;4823.438;4823.438;4823.438;4823.438;4823.438;4823.438;4823.438;4823.438;4823.438;4823.438;4823.438;4823.438;4823.438;4823.438	6029.297;6029.297;6029.297;6029.297;6029.297;6029.297;6029.297;6029.297;6029.297;6029.297;6029.297;6029.297;6029.297;6029.297;6029.297;6029.297;6029.297;6029.297;6029.297;6029.297;6029.297;6029.297;6029.297;6029.297;6029.297;6029.297;6029.297;6029.297;6029.297;6029.297;6029.297;6029.297;6029.297;6029.297	-12.09	35				5.357	602.930	181.9690		4.522				602.930	602.930;602.930;602.930;602.930;602.930;602.930;602.930;602.930;602.930;602.930;602.930;602.930;602.930;602.930;602.930;602.930;602.930;602.930;602.930;602.930;602.930;602.930;602.930;602.930;602.930;602.930;602.930;602.930;602.930;602.930;602.930;602.930;602.930;602.930	0.000	602.930	0.000	602.930	0.000	0.000	0.000;0.000;0.000;0.000;0.000;0.000;0.000;0.000;0.000;0.000;0.000;0.000;0.000;0.000;0.000;0.000;0.000;0.000;0.000;0.000;0.000;0.000;0.000;0.000;0.000;0.000;0.000;0.000;0.000;0.000;0.000;0.000;0.000		-23.43	181.9690	0.8529			40.50	8821	181.8529	0.2647	181.8180	0.0882	181.9457	0.7353	181.9864	0.9412	180_f0-600_ncomp-10_pos.wav_1	f0 600	10_p
182	Spectrogram 1	1	182.800000000	183.000000000	200ms_schroeder_master.wav	/home/m/Dropbox/Projects/acoustic_fine_features_zebra_finch/data/processed/200ms_schroeder_master.wav	182.8000	550.000	7010.371	4.675		4.690	-30.33	3445.312	6029.297	182.8000		182.8000	8061480	0	8061480	3617.578	182.8978	0.4848	6460.371		0.2000	0.0929	0.1683	183.0000		200ms_schroeder_master.wav	8070300	/home/m/Dropbox/Projects/acoustic_fine_features_zebra_finch/data/processed/200ms_schroeder_master.wav	8070300	27.823		1894.922	602.930	5340.234	6632.227	602.930;602.930;602.930;602.930;602.930;602.930;602.930;602.930;602.930;602.930;602.930;602.930;602.930;602.930;602.930;602.930;602.930;602.930;602.930;602.930;602.930;602.930;602.930;602.930;602.930;602.930;602.930;602.930;602.930;602.930;602.930;602.930;689.062	1894.922;1894.922;1894.922;1894.922;1894.922;1894.922;1894.922;1894.922;1894.922;1894.922;1894.922;1894.922;1894.922;1894.922;1894.922;1894.922;1894.922;1894.922;1894.922;1894.922;1894.922;1894.922;1894.922;1894.922;1894.922;1894.922;1894.922;1894.922;1894.922;1894.922;1894.922;1894.922;1894.922	3617.578;3617.578;3617.578;3617.578;3617.578;3617.578;3617.578;3617.578;3617.578;3617.578;3617.578;3617.578;3617.578;3617.578;3617.578;3617.578;3617.578;3617.578;3617.578;3617.578;3617.578;3617.578;3617.578;3617.578;3617.578;3617.578;3617.578;3617.578;3617.578;3617.578;3617.578;3617.578;3617.578	5340.234;5340.234;5340.234;5340.234;5340.234;5340.234;5340.234;5340.234;5340.234;5340.234;5340.234;5340.234;5340.234;5340.234;5340.234;5340.234;5340.234;5340.234;5340.234;5340.234;5340.234;5340.234;5340.234;5340.234;5340.234;5340.234;5340.234;5340.234;5340.234;5340.234;5340.234;5340.234;5340.234	6632.227;6632.227;6632.227;6632.227;6632.227;6632.227;6632.227;6632.227;6632.227;6632.227;6632.227;6632.227;6632.227;6632.227;6632.227;6632.227;6632.227;6632.227;6632.227;6632.227;6632.227;6632.227;6632.227;6632.227;6632.227;6632.227;6632.227;6632.227;6632.227;6632.227;6632.227;6632.227;6632.227	-11.57	34				5.082	602.930	182.9210		4.664				602.930	602.930;602.930;602.930;602.930;602.930;602.930;602.930;602.930;602.930;602.930;602.930;602.930;602.930;602.930;602.930;602.930;602.930;602.930;602.930;602.930;602.930;602.930;602.930;602.930;602.930;602.930;602.930;602.930;602.930;602.930;602.930;602.930;1205.859	3.246	1205.859	103.864	602.930	0.000	0.000	0.000;0.000;0.000;0.000;0.000;0.000;0.000;0.000;0.000;0.000;0.000;0.000;0.000;0.000;0.000;0.000;0.000;0.000;0.000;0.000;0.000;0.000;0.000;0.000;0.000;0.000;0.000;0.000;0.000;0.000;0.000;103.864		-23.46	182.9210	0.6061			40.28	8821	182.8513	0.2424	182.8165	0.0606	182.9442	0.7273	182.9848	0.9394	181_f0-600_ncomp-11_neg.wav_1	f0 600	11_n
183	Spectrogram 1	1	183.800000000	184.000000000	200ms_schroeder_master.wav	/home/m/Dropbox/Projects/acoustic_fine_features_zebra_finch/data/processed/200ms_schroeder_master.wav	183.8000	550.000	7010.371	4.675		4.690	-30.33	3445.312	6029.297	183.8000		183.8000	8105580	0	8105580	3617.578	183.9020	0.5152	6460.371		0.2000	0.0929	0.1683	184.0000		200ms_schroeder_master.wav	8114400	/home/m/Dropbox/Projects/acoustic_fine_features_zebra_finch/data/processed/200ms_schroeder_master.wav	8114400	27.823		1894.922	602.930	5340.234	6632.227	602.930;602.930;602.930;602.930;602.930;602.930;602.930;602.930;602.930;602.930;602.930;602.930;602.930;602.930;602.930;602.930;602.930;602.930;602.930;602.930;602.930;602.930;602.930;602.930;602.930;602.930;602.930;602.930;602.930;602.930;602.930;602.930;602.930	1894.922;1894.922;1894.922;1894.922;1894.922;1894.922;1894.922;1894.922;1894.922;1894.922;1894.922;1894.922;1894.922;1894.922;1894.922;1894.922;1894.922;1894.922;1894.922;1894.922;1894.922;1894.922;1894.922;1894.922;1894.922;1894.922;1894.922;1894.922;1894.922;1894.922;1894.922;1894.922;1894.922	3617.578;3617.578;3617.578;3617.578;3617.578;3617.578;3617.578;3617.578;3617.578;3617.578;3617.578;3617.578;3617.578;3617.578;3617.578;3617.578;3617.578;3617.578;3617.578;3617.578;3617.578;3617.578;3617.578;3617.578;3617.578;3617.578;3617.578;3617.578;3617.578;3617.578;3617.578;3617.578;3617.578	5340.234;5340.234;5340.234;5340.234;5340.234;5340.234;5340.234;5340.234;5340.234;5340.234;5340.234;5340.234;5340.234;5340.234;5340.234;5340.234;5340.234;5340.234;5340.234;5340.234;5340.234;5340.234;5340.234;5340.234;5340.234;5340.234;5340.234;5340.234;5340.234;5340.234;5340.234;5340.234;5340.234	6632.227;6632.227;6632.227;6632.227;6632.227;6632.227;6632.227;6632.227;6632.227;6632.227;6632.227;6632.227;6632.227;6632.227;6632.227;6632.227;6632.227;6632.227;6632.227;6632.227;6632.227;6632.227;6632.227;6632.227;6632.227;6632.227;6632.227;6632.227;6632.227;6632.227;6632.227;6632.227;6632.227	-11.57	34				5.098	602.930	183.8440		4.664				602.930	602.930;602.930;602.930;602.930;602.930;602.930;602.930;602.930;602.930;602.930;602.930;602.930;602.930;602.930;602.930;602.930;602.930;602.930;602.930;602.930;602.930;602.930;602.930;602.930;602.930;602.930;602.930;602.930;602.930;602.930;602.930;602.930;602.930	0.000	602.930	0.000	602.930	0.000	0.000	0.000;0.000;0.000;0.000;0.000;0.000;0.000;0.000;0.000;0.000;0.000;0.000;0.000;0.000;0.000;0.000;0.000;0.000;0.000;0.000;0.000;0.000;0.000;0.000;0.000;0.000;0.000;0.000;0.000;0.000;0.000;0.000		-23.46	183.8440	0.2121			40.30	8821	183.8556	0.2727	183.8150	0.0606	183.9485	0.7576	183.9833	0.9394	182_f0-600_ncomp-11_pos.wav_1	f0 600	11_p
184	Spectrogram 1	1	184.800000000	185.000000000	200ms_schroeder_master.wav	/home/m/Dropbox/Projects/acoustic_fine_features_zebra_finch/data/processed/200ms_schroeder_master.wav	184.8000	550.000	7635.359	4.804		4.845	-30.79	3617.578	6546.094	184.8000		184.8000	8149680	0	8149680	4134.375	184.9005	0.5000	7085.359		0.2000	0.0929	0.1683	185.0000		200ms_schroeder_master.wav	8158500	/home/m/Dropbox/Projects/acoustic_fine_features_zebra_finch/data/processed/200ms_schroeder_master.wav	8158500	27.868		2325.586	602.930	5943.164	7149.023	602.930;602.930;602.930;602.930;602.930;602.930;602.930;602.930;602.930;602.930;602.930;602.930;602.930;602.930;602.930;602.930;602.930;602.930;602.930;602.930;602.930;602.930;602.930;602.930;602.930;602.930;602.930;602.930;602.930;602.930;602.930;602.930;689.062;689.062	2325.586;2325.586;2325.586;2325.586;2325.586;2325.586;2325.586;2325.586;2325.586;2325.586;2325.586;2325.586;2325.586;2325.586;2325.586;2325.586;2325.586;2325.586;2325.586;2325.586;2325.586;2325.586;2325.586;2325.586;2325.586;2325.586;2325.586;2325.586;2325.586;2325.586;2325.586;2325.586;2325.586;2325.586	4134.375;4134.375;4134.375;4134.375;4134.375;4134.375;4134.375;4134.375;4134.375;4134.375;4134.375;4134.375;4134.375;4134.375;4134.375;4134.375;4134.375;4134.375;4134.375;4134.375;4134.375;4134.375;4134.375;4134.375;4134.375;4134.375;4134.375;4134.375;4134.375;4134.375;4134.375;4134.375;4134.375;4134.375	5943.164;5943.164;5943.164;5943.164;5943.164;5943.164;5943.164;5943.164;5943.164;5943.164;5943.164;5943.164;5943.164;5943.164;5943.164;5943.164;5943.164;5943.164;5943.164;5943.164;5943.164;5943.164;5943.164;5943.164;5943.164;5943.164;5943.164;5943.164;5943.164;5943.164;5943.164;5943.164;5943.164;5857.031	7149.023;7149.023;7149.023;7149.023;7149.023;7149.023;7149.023;7149.023;7149.023;7149.023;7149.023;7149.023;7149.023;7149.023;7149.023;7149.023;7149.023;7149.023;7149.023;7149.023;7149.023;7149.023;7149.023;7149.023;7149.023;7149.023;7149.023;7149.023;7149.023;7149.023;7149.023;7149.023;7149.023;7149.023	-11.66	35				5.599	602.930	184.9760		4.793				602.930	602.930;602.930;602.930;602.930;602.930;602.930;602.930;602.930;602.930;602.930;602.930;602.930;602.930;602.930;602.930;602.930;602.930;602.930;602.930;602.930;602.930;602.930;602.930;602.930;602.930;602.930;602.930;602.930;602.930;602.930;602.930;602.930;602.930;602.930	0.000	602.930	0.000	602.930	0.000	0.000	0.000;0.000;0.000;0.000;0.000;0.000;0.000;0.000;0.000;0.000;0.000;0.000;0.000;0.000;0.000;0.000;0.000;0.000;0.000;0.000;0.000;0.000;0.000;0.000;0.000;0.000;0.000;0.000;0.000;0.000;0.000;0.000;0.000		-23.80	184.9760	0.8824			40.06	8821	184.8540	0.2647	184.8134	0.0588	184.9469	0.7353	184.9818	0.9118	183_f0-600_ncomp-12_neg.wav_1	f0 600	12_n
185	Spectrogram 1	1	185.800000000	186.000000000	200ms_schroeder_master.wav	/home/m/Dropbox/Projects/acoustic_fine_features_zebra_finch/data/processed/200ms_schroeder_master.wav	185.8000	550.000	7635.359	4.804		4.846	-30.79	3617.578	6546.094	185.8000		185.8000	8193780	0	8193780	4134.375	185.8989	0.5000	7085.359		0.2000	0.0929	0.1683	186.0000		200ms_schroeder_master.wav	8202600	/home/m/Dropbox/Projects/acoustic_fine_features_zebra_finch/data/processed/200ms_schroeder_master.wav	8202600	27.868		2325.586	602.930	5943.164	7149.023	689.062;602.930;602.930;602.930;602.930;602.930;602.930;602.930;602.930;602.930;602.930;602.930;602.930;602.930;602.930;602.930;602.930;602.930;602.930;602.930;602.930;602.930;602.930;602.930;602.930;602.930;602.930;602.930;602.930;602.930;602.930;602.930;602.930;689.062	2325.586;2325.586;2325.586;2325.586;2325.586;2325.586;2325.586;2325.586;2325.586;2325.586;2325.586;2325.586;2325.586;2325.586;2325.586;2325.586;2325.586;2325.586;2325.586;2325.586;2325.586;2325.586;2325.586;2325.586;2325.586;2325.586;2325.586;2325.586;2325.586;2325.586;2325.586;2325.586;2325.586;2325.586	4134.375;4134.375;4134.375;4134.375;4134.375;4134.375;4134.375;4134.375;4134.375;4134.375;4134.375;4134.375;4134.375;4134.375;4134.375;4134.375;4134.375;4134.375;4134.375;4134.375;4134.375;4134.375;4134.375;4134.375;4134.375;4134.375;4134.375;4134.375;4134.375;4134.375;4134.375;4134.375;4134.375;4134.375	5943.164;5943.164;5943.164;5943.164;5943.164;5943.164;5943.164;5943.164;5943.164;5943.164;5943.164;5943.164;5943.164;5943.164;5943.164;5943.164;5943.164;5943.164;5943.164;5943.164;5943.164;5943.164;5943.164;5943.164;5943.164;5943.164;5943.164;5943.164;5943.164;5943.164;5943.164;5943.164;5943.164;5857.031	7149.023;7149.023;7149.023;7149.023;7149.023;7149.023;7149.023;7149.023;7149.023;7149.023;7149.023;7149.023;7149.023;7149.023;7149.023;7149.023;7149.023;7149.023;7149.023;7149.023;7149.023;7149.023;7149.023;7149.023;7149.023;7149.023;7149.023;7149.023;7149.023;7149.023;7149.023;7149.023;7149.023;7149.023	-11.66	35				5.701	602.930	185.8873		4.793				602.930	602.930;602.930;602.930;602.930;602.930;602.930;602.930;602.930;602.930;602.930;602.930;602.930;602.930;602.930;602.930;602.930;602.930;602.930;602.930;602.930;602.930;602.930;602.930;602.930;602.930;602.930;602.930;602.930;602.930;602.930;602.930;602.930;602.930;1205.859	3.147	1205.859	103.864	602.930	0.000	0.000	0.000;0.000;0.000;0.000;0.000;0.000;0.000;0.000;0.000;0.000;0.000;0.000;0.000;0.000;0.000;0.000;0.000;0.000;0.000;0.000;0.000;0.000;0.000;0.000;0.000;0.000;0.000;0.000;0.000;0.000;0.000;0.000;103.864		-23.80	185.8873	0.4412			39.95	8821	185.8525	0.2647	185.8177	0.0882	185.9454	0.7353	185.9860	0.9412	184_f0-600_ncomp-12_pos.wav_1	f0 600	12_p
186	Spectrogram 1	1	186.800000000	187.000000000	200ms_schroeder_master.wav	/home/m/Dropbox/Projects/acoustic_fine_features_zebra_finch/data/processed/200ms_schroeder_master.wav	186.8000	550.000	8260.347	4.922		4.937	-31.23	3617.578	7149.023	186.8000		186.8000	8237880	0	8237880	4220.508	186.8974	0.4848	7710.347		0.2000	0.0987	0.1683	187.0000		200ms_schroeder_master.wav	8246700	/home/m/Dropbox/Projects/acoustic_fine_features_zebra_finch/data/processed/200ms_schroeder_master.wav	8246700	27.657		2411.719	602.930	6029.297	7751.953	689.062;602.930;602.930;602.930;602.930;602.930;602.930;602.930;602.930;602.930;602.930;602.930;602.930;602.930;602.930;602.930;602.930;602.930;602.930;602.930;602.930;602.930;602.930;602.930;602.930;602.930;602.930;602.930;602.930;602.930;602.930;689.062;689.062	2411.719;2411.719;2411.719;2411.719;2411.719;2411.719;2411.719;2411.719;2411.719;2411.719;2411.719;2411.719;2411.719;2411.719;2411.719;2411.719;2411.719;2411.719;2411.719;2411.719;2411.719;2411.719;2411.719;2411.719;2411.719;2411.719;2411.719;2411.719;2411.719;2411.719;2411.719;2411.719;2411.719	4220.508;4220.508;4220.508;4220.508;4220.508;4220.508;4220.508;4220.508;4220.508;4220.508;4220.508;4220.508;4220.508;4220.508;4220.508;4220.508;4220.508;4220.508;4220.508;4220.508;4220.508;4220.508;4220.508;4220.508;4220.508;4220.508;4220.508;4220.508;4220.508;4220.508;4220.508;4220.508;4220.508	6029.297;6029.297;6029.297;6029.297;6029.297;6029.297;6029.297;6029.297;6029.297;6029.297;6029.297;6029.297;6029.297;6029.297;6029.297;6029.297;6029.297;6029.297;6029.297;6029.297;6029.297;6029.297;6029.297;6029.297;6029.297;6029.297;6029.297;6029.297;6029.297;6029.297;6029.297;6029.297;6029.297	7751.953;7751.953;7751.953;7751.953;7751.953;7751.953;7751.953;7751.953;7751.953;7751.953;7751.953;7751.953;7751.953;7751.953;7751.953;7751.953;7751.953;7751.953;7751.953;7751.953;7751.953;7751.953;7751.953;7751.953;7751.953;7751.953;7751.953;7751.953;7751.953;7751.953;7751.953;7751.953;7751.953	-11.74	34				5.295	602.930	186.8510		4.911				602.930	602.930;602.930;602.930;602.930;602.930;602.930;602.930;602.930;602.930;602.930;602.930;602.930;602.930;602.930;602.930;602.930;602.930;602.930;602.930;602.930;602.930;602.930;602.930;602.930;602.930;602.930;602.930;602.930;602.930;602.930;602.930;602.930;602.930	0.000	602.930	0.000	602.930	0.000	0.000	0.000;0.000;0.000;0.000;0.000;0.000;0.000;0.000;0.000;0.000;0.000;0.000;0.000;0.000;0.000;0.000;0.000;0.000;0.000;0.000;0.000;0.000;0.000;0.000;0.000;0.000;0.000;0.000;0.000;0.000;0.000;0.000		-24.36	186.8510	0.2424			39.69	8821	186.8510	0.2424	186.8161	0.0606	186.9496	0.7576	186.9845	0.9394	185_f0-600_ncomp-13_neg.wav_1	f0 600	13_n
187	Spectrogram 1	1	187.800000000	188.000000000	200ms_schroeder_master.wav	/home/m/Dropbox/Projects/acoustic_fine_features_zebra_finch/data/processed/200ms_schroeder_master.wav	187.8000	550.000	8260.347	4.922		4.938	-31.23	3617.578	7149.023	187.8000		187.8000	8281980	0	8281980	4220.508	187.9017	0.5152	7710.347		0.2000	0.0929	0.1683	188.0000		200ms_schroeder_master.wav	8290800	/home/m/Dropbox/Projects/acoustic_fine_features_zebra_finch/data/processed/200ms_schroeder_master.wav	8290800	27.657		2411.719	602.930	6029.297	7751.953	689.062;602.930;602.930;602.930;602.930;602.930;602.930;602.930;602.930;602.930;602.930;602.930;602.930;602.930;602.930;602.930;602.930;602.930;602.930;602.930;602.930;602.930;602.930;602.930;602.930;602.930;602.930;602.930;602.930;602.930;602.930;602.930;689.062	2411.719;2411.719;2411.719;2411.719;2411.719;2411.719;2411.719;2411.719;2411.719;2411.719;2411.719;2411.719;2411.719;2411.719;2411.719;2411.719;2411.719;2411.719;2411.719;2411.719;2411.719;2411.719;2411.719;2411.719;2411.719;2411.719;2411.719;2411.719;2411.719;2411.719;2411.719;2411.719;2411.719	4220.508;4220.508;4220.508;4220.508;4220.508;4220.508;4220.508;4220.508;4220.508;4220.508;4220.508;4220.508;4220.508;4220.508;4220.508;4220.508;4220.508;4220.508;4220.508;4220.508;4220.508;4220.508;4220.508;4220.508;4220.508;4220.508;4220.508;4220.508;4220.508;4220.508;4220.508;4220.508;4220.508	6029.297;6029.297;6029.297;6029.297;6029.297;6029.297;6029.297;6029.297;6029.297;6029.297;6029.297;6029.297;6029.297;6029.297;6029.297;6029.297;6029.297;6029.297;6029.297;6029.297;6029.297;6029.297;6029.297;6029.297;6029.297;6029.297;6029.297;6029.297;6029.297;6029.297;6029.297;6029.297;6029.297	7751.953;7751.953;7751.953;7751.953;7751.953;7751.953;7751.953;7751.953;7751.953;7751.953;7751.953;7751.953;7751.953;7751.953;7751.953;7751.953;7751.953;7751.953;7751.953;7751.953;7751.953;7751.953;7751.953;7751.953;7751.953;7751.953;7751.953;7751.953;7751.953;7751.953;7751.953;7751.953;7751.953	-11.74	34				5.387	602.930	187.9423		4.911				602.930	602.930;602.930;602.930;602.930;602.930;602.930;602.930;602.930;602.930;602.930;602.930;602.930;602.930;602.930;602.930;602.930;602.930;602.930;602.930;602.930;602.930;602.930;602.930;602.930;602.930;602.930;602.930;602.930;602.930;602.930;602.930;602.930;602.930	0.000	602.930	0.000	602.930	0.000	0.000	0.000;0.000;0.000;0.000;0.000;0.000;0.000;0.000;0.000;0.000;0.000;0.000;0.000;0.000;0.000;0.000;0.000;0.000;0.000;0.000;0.000;0.000;0.000;0.000;0.000;0.000;0.000;0.000;0.000;0.000;0.000;0.000		-24.36	187.9423	0.7273			39.76	8821	187.8552	0.2727	187.8146	0.0606	187.9481	0.7576	187.9829	0.9394	186_f0-600_ncomp-13_pos.wav_1	f0 600	13_p
188	Spectrogram 1	1	188.800000000	189.000000000	200ms_schroeder_master.wav	/home/m/Dropbox/Projects/acoustic_fine_features_zebra_finch/data/processed/200ms_schroeder_master.wav	188.8000	550.000	8885.335	5.032		5.073	-31.41	4220.508	7665.820	188.8000		188.8000	8326080	0	8326080	4737.305	188.9001	0.5000	8335.335		0.2000	0.0929	0.1741	189.0000		200ms_schroeder_master.wav	8334900	/home/m/Dropbox/Projects/acoustic_fine_features_zebra_finch/data/processed/200ms_schroeder_master.wav	8334900	27.982		2411.719	689.062	6632.227	8354.883	689.062;689.062;689.062;689.062;689.062;689.062;689.062;689.062;689.062;689.062;689.062;689.062;689.062;689.062;689.062;689.062;689.062;689.062;689.062;689.062;689.062;689.062;689.062;689.062;689.062;689.062;689.062;689.062;689.062;689.062;689.062;689.062;689.062;775.195	2411.719;2411.719;2411.719;2411.719;2411.719;2411.719;2411.719;2411.719;2411.719;2411.719;2411.719;2411.719;2411.719;2411.719;2411.719;2411.719;2411.719;2411.719;2411.719;2411.719;2411.719;2411.719;2411.719;2411.719;2411.719;2411.719;2411.719;2411.719;2411.719;2411.719;2411.719;2411.719;2411.719;2411.719	4737.305;4737.305;4737.305;4737.305;4737.305;4737.305;4737.305;4737.305;4737.305;4737.305;4737.305;4737.305;4737.305;4737.305;4737.305;4737.305;4737.305;4737.305;4737.305;4737.305;4737.305;4737.305;4737.305;4737.305;4737.305;4737.305;4737.305;4737.305;4737.305;4737.305;4737.305;4737.305;4737.305;4737.305	6632.227;6632.227;6632.227;6632.227;6632.227;6632.227;6632.227;6632.227;6632.227;6632.227;6632.227;6632.227;6632.227;6632.227;6632.227;6632.227;6632.227;6632.227;6632.227;6632.227;6632.227;6632.227;6632.227;6632.227;6632.227;6632.227;6632.227;6632.227;6632.227;6632.227;6632.227;6632.227;6632.227;6632.227	8354.883;8354.883;8354.883;8354.883;8354.883;8354.883;8354.883;8354.883;8354.883;8354.883;8354.883;8354.883;8354.883;8354.883;8354.883;8354.883;8354.883;8354.883;8354.883;8354.883;8354.883;8354.883;8354.883;8354.883;8354.883;8354.883;8354.883;8354.883;8354.883;8354.883;8354.883;8354.883;8354.883;8354.883	-11.54	35				5.760	602.930	188.9059		5.020				602.930	602.930;602.930;602.930;602.930;602.930;602.930;602.930;602.930;602.930;602.930;602.930;602.930;602.930;602.930;602.930;602.930;602.930;602.930;602.930;602.930;602.930;602.930;602.930;602.930;602.930;602.930;602.930;602.930;602.930;602.930;602.930;602.930;602.930;602.930	0.000	602.930	0.000	602.930	0.000	0.000	0.000;0.000;0.000;0.000;0.000;0.000;0.000;0.000;0.000;0.000;0.000;0.000;0.000;0.000;0.000;0.000;0.000;0.000;0.000;0.000;0.000;0.000;0.000;0.000;0.000;0.000;0.000;0.000;0.000;0.000;0.000;0.000;0.000		-24.36	188.9059	0.5294			40.09	8821	188.8537	0.2647	188.8130	0.0588	188.9466	0.7353	188.9872	0.9412	187_f0-600_ncomp-14_neg.wav_1	f0 600	14_n
189	Spectrogram 1	1	189.800000000	190.000000000	200ms_schroeder_master.wav	/home/m/Dropbox/Projects/acoustic_fine_features_zebra_finch/data/processed/200ms_schroeder_master.wav	189.8000	550.000	8885.335	5.031		5.048	-31.28	4220.508	7665.820	189.8000		189.8000	8370180	0	8370180	4737.305	189.8986	0.4848	8335.335		0.2000	0.0929	0.1683	190.0000		200ms_schroeder_master.wav	8379000	/home/m/Dropbox/Projects/acoustic_fine_features_zebra_finch/data/processed/200ms_schroeder_master.wav	8379000	27.981		2411.719	689.062	6632.227	8354.883	689.062;689.062;689.062;689.062;689.062;689.062;689.062;689.062;689.062;689.062;689.062;689.062;689.062;689.062;689.062;689.062;689.062;689.062;689.062;689.062;689.062;689.062;689.062;689.062;689.062;689.062;689.062;689.062;689.062;689.062;689.062;689.062;689.062	2411.719;2411.719;2411.719;2411.719;2411.719;2411.719;2411.719;2411.719;2411.719;2411.719;2411.719;2411.719;2411.719;2411.719;2411.719;2411.719;2411.719;2411.719;2411.719;2411.719;2411.719;2411.719;2411.719;2411.719;2411.719;2411.719;2411.719;2411.719;2411.719;2411.719;2411.719;2411.719;2411.719	4737.305;4737.305;4737.305;4737.305;4737.305;4737.305;4737.305;4737.305;4737.305;4737.305;4737.305;4737.305;4737.305;4737.305;4737.305;4737.305;4737.305;4737.305;4737.305;4737.305;4737.305;4737.305;4737.305;4737.305;4737.305;4737.305;4737.305;4737.305;4737.305;4737.305;4737.305;4737.305;4737.305	6632.227;6632.227;6632.227;6632.227;6632.227;6632.227;6632.227;6632.227;6632.227;6632.227;6632.227;6632.227;6632.227;6632.227;6632.227;6632.227;6632.227;6632.227;6632.227;6632.227;6632.227;6632.227;6632.227;6632.227;6632.227;6632.227;6632.227;6632.227;6632.227;6632.227;6632.227;6632.227;6632.227	8354.883;8354.883;8354.883;8354.883;8354.883;8354.883;8354.883;8354.883;8354.883;8354.883;8354.883;8354.883;8354.883;8354.883;8354.883;8354.883;8354.883;8354.883;8354.883;8354.883;8354.883;8354.883;8354.883;8354.883;8354.883;8354.883;8354.883;8354.883;8354.883;8354.883;8354.883;8354.883;8354.883	-11.42	34				5.534	602.930	189.8173		5.020				602.930	602.930;602.930;602.930;602.930;602.930;602.930;602.930;602.930;602.930;602.930;602.930;602.930;602.930;602.930;602.930;602.930;602.930;602.930;602.930;602.930;602.930;602.930;602.930;602.930;602.930;602.930;602.930;602.930;602.930;602.930;602.930;602.930;602.930	0.000	602.930	0.000	602.930	0.000	0.000	0.000;0.000;0.000;0.000;0.000;0.000;0.000;0.000;0.000;0.000;0.000;0.000;0.000;0.000;0.000;0.000;0.000;0.000;0.000;0.000;0.000;0.000;0.000;0.000;0.000;0.000;0.000;0.000;0.000;0.000;0.000;0.000		-24.36	189.8173	0.0606			40.16	8821	189.8521	0.2424	189.8173	0.0606	189.9450	0.7273	189.9857	0.9394	188_f0-600_ncomp-14_pos.wav_1	f0 600	14_p
190	Spectrogram 1	1	190.800000000	191.000000000	200ms_schroeder_master.wav	/home/m/Dropbox/Projects/acoustic_fine_features_zebra_finch/data/processed/200ms_schroeder_master.wav	190.8000	550.000	9510.323	5.133		5.148	-31.52	4737.305	8268.750	190.8000		190.8000	8414280	0	8414280	4823.438	190.9028	0.5152	8960.323		0.2000	0.0987	0.1683	191.0000		200ms_schroeder_master.wav	8423100	/home/m/Dropbox/Projects/acoustic_fine_features_zebra_finch/data/processed/200ms_schroeder_master.wav	8423100	28.052		2411.719	689.062	7149.023	8957.812	689.062;689.062;689.062;689.062;689.062;689.062;689.062;689.062;689.062;689.062;689.062;689.062;689.062;689.062;689.062;689.062;689.062;689.062;689.062;689.062;689.062;689.062;689.062;689.062;689.062;689.062;689.062;689.062;689.062;689.062;689.062;689.062;689.062	2497.852;2497.852;2411.719;2411.719;2411.719;2411.719;2411.719;2411.719;2411.719;2411.719;2411.719;2411.719;2411.719;2411.719;2411.719;2411.719;2411.719;2411.719;2411.719;2411.719;2411.719;2411.719;2411.719;2411.719;2411.719;2411.719;2411.719;2411.719;2411.719;2411.719;2411.719;2497.852;2497.852	4823.438;4823.438;4823.438;4823.438;4823.438;4823.438;4823.438;4823.438;4823.438;4823.438;4823.438;4823.438;4823.438;4823.438;4823.438;4823.438;4823.438;4823.438;4823.438;4823.438;4823.438;4823.438;4823.438;4823.438;4823.438;4823.438;4823.438;4823.438;4823.438;4823.438;4823.438;4823.438;4823.438	7149.023;7149.023;7149.023;7149.023;7149.023;7149.023;7149.023;7149.023;7149.023;7149.023;7149.023;7149.023;7149.023;7149.023;7149.023;7149.023;7149.023;7149.023;7149.023;7149.023;7149.023;7149.023;7149.023;7149.023;7149.023;7149.023;7149.023;7149.023;7149.023;7149.023;7149.023;7149.023;7149.023	8957.812;8957.812;8957.812;8957.812;8957.812;8957.812;8957.812;8957.812;8957.812;8957.812;8957.812;8957.812;8957.812;8957.812;8957.812;8957.812;8957.812;8957.812;8957.812;8957.812;8957.812;8957.812;8957.812;8957.812;8957.812;8957.812;8957.812;8957.812;8957.812;8957.812;8957.812;8957.812;8957.812	-11.34	34				5.480	602.930	190.9493		5.122				602.930	602.930;602.930;602.930;602.930;602.930;602.930;602.930;602.930;602.930;602.930;602.930;602.930;602.930;602.930;602.930;602.930;602.930;602.930;602.930;602.930;602.930;602.930;602.930;602.930;602.930;602.930;602.930;602.930;602.930;602.930;602.930;602.930;602.930	0.000	602.930	0.000	602.930	0.000	0.000	0.000;0.000;0.000;0.000;0.000;0.000;0.000;0.000;0.000;0.000;0.000;0.000;0.000;0.000;0.000;0.000;0.000;0.000;0.000;0.000;0.000;0.000;0.000;0.000;0.000;0.000;0.000;0.000;0.000;0.000;0.000;0.000		-24.59	190.9493	0.7576			39.95	8821	190.8506	0.2424	190.8158	0.0606	190.9493	0.7576	190.9841	0.9394	189_f0-600_ncomp-15_neg.wav_1	f0 600	15_n
191	Spectrogram 1	1	191.800000000	192.000000000	200ms_schroeder_master.wav	/home/m/Dropbox/Projects/acoustic_fine_features_zebra_finch/data/processed/200ms_schroeder_master.wav	191.8000	550.000	9510.323	5.133		5.177	-31.64	4737.305	8268.750	191.8000		191.8000	8458380	0	8458380	4823.438	191.9013	0.5000	8960.323		0.2000	0.0929	0.1683	192.0000		200ms_schroeder_master.wav	8467200	/home/m/Dropbox/Projects/acoustic_fine_features_zebra_finch/data/processed/200ms_schroeder_master.wav	8467200	28.053		2411.719	689.062	7149.023	8957.812	689.062;689.062;689.062;689.062;689.062;689.062;689.062;689.062;689.062;689.062;689.062;689.062;689.062;689.062;689.062;689.062;689.062;689.062;689.062;689.062;689.062;689.062;689.062;689.062;689.062;689.062;689.062;689.062;689.062;689.062;689.062;689.062;689.062;1033.594	2497.852;2497.852;2411.719;2411.719;2411.719;2411.719;2411.719;2411.719;2411.719;2411.719;2411.719;2411.719;2411.719;2411.719;2411.719;2411.719;2411.719;2411.719;2411.719;2411.719;2411.719;2411.719;2411.719;2411.719;2411.719;2411.719;2411.719;2411.719;2411.719;2411.719;2411.719;2497.852;2497.852;2583.984	4823.438;4823.438;4823.438;4823.438;4823.438;4823.438;4823.438;4823.438;4823.438;4823.438;4823.438;4823.438;4823.438;4823.438;4823.438;4823.438;4823.438;4823.438;4823.438;4823.438;4823.438;4823.438;4823.438;4823.438;4823.438;4823.438;4823.438;4823.438;4823.438;4823.438;4823.438;4823.438;4823.438;4823.438	7149.023;7149.023;7149.023;7149.023;7149.023;7149.023;7149.023;7149.023;7149.023;7149.023;7149.023;7149.023;7149.023;7149.023;7149.023;7149.023;7149.023;7149.023;7149.023;7149.023;7149.023;7149.023;7149.023;7149.023;7149.023;7149.023;7149.023;7149.023;7149.023;7149.023;7149.023;7149.023;7149.023;7149.023	8957.812;8957.812;8957.812;8957.812;8957.812;8957.812;8957.812;8957.812;8957.812;8957.812;8957.812;8957.812;8957.812;8957.812;8957.812;8957.812;8957.812;8957.812;8957.812;8957.812;8957.812;8957.812;8957.812;8957.812;8957.812;8957.812;8957.812;8957.812;8957.812;8957.812;8957.812;8957.812;8957.812;8957.812	-11.47	35				6.092	602.930	191.8607		5.122				602.930	602.930;602.930;602.930;602.930;602.930;602.930;602.930;602.930;602.930;602.930;602.930;602.930;602.930;602.930;602.930;602.930;602.930;602.930;602.930;602.930;602.930;602.930;602.930;602.930;602.930;602.930;602.930;602.930;602.930;602.930;602.930;602.930;602.930;602.930	0.000	602.930	0.000	602.930	0.000	0.000	0.000;0.000;0.000;0.000;0.000;0.000;0.000;0.000;0.000;0.000;0.000;0.000;0.000;0.000;0.000;0.000;0.000;0.000;0.000;0.000;0.000;0.000;0.000;0.000;0.000;0.000;0.000;0.000;0.000;0.000;0.000;0.000;0.000		-24.59	191.8607	0.2941			39.95	8821	191.8549	0.2647	191.8142	0.0588	191.9477	0.7353	191.9826	0.9118	190_f0-600_ncomp-15_pos.wav_1	f0 600	15_p
192	Spectrogram 1	1	192.800000000	193.000000000	200ms_schroeder_master.wav	/home/m/Dropbox/Projects/acoustic_fine_features_zebra_finch/data/processed/200ms_schroeder_master.wav	192.8000	550.000	10135.311	5.228		5.269	-32.08	4823.438	8871.680	192.8000		192.8000	8502480	0	8502480	5340.234	192.8998	0.5000	9585.311		0.2000	0.0929	0.1683	193.0000		200ms_schroeder_master.wav	8511300	/home/m/Dropbox/Projects/acoustic_fine_features_zebra_finch/data/processed/200ms_schroeder_master.wav	8511300	27.895		2928.516	689.062	7751.953	9560.742	1119.727;689.062;689.062;689.062;689.062;689.062;689.062;689.062;689.062;689.062;689.062;689.062;689.062;689.062;689.062;689.062;689.062;689.062;689.062;689.062;689.062;689.062;689.062;689.062;689.062;689.062;689.062;689.062;689.062;689.062;689.062;689.062;1119.727;1119.727	2928.516;2928.516;2928.516;2928.516;2928.516;2928.516;2928.516;2928.516;2928.516;2928.516;2928.516;2928.516;2928.516;2928.516;2928.516;2928.516;2928.516;2928.516;2928.516;2928.516;2928.516;2928.516;2928.516;2928.516;2928.516;2928.516;2928.516;2928.516;2928.516;2928.516;2928.516;2928.516;2928.516;2928.516	5340.234;5340.234;5340.234;5340.234;5340.234;5340.234;5340.234;5340.234;5340.234;5340.234;5340.234;5340.234;5340.234;5340.234;5340.234;5340.234;5340.234;5340.234;5340.234;5340.234;5340.234;5340.234;5340.234;5340.234;5340.234;5340.234;5340.234;5340.234;5340.234;5340.234;5340.234;5340.234;5340.234;5340.234	7751.953;7751.953;7751.953;7751.953;7751.953;7751.953;7751.953;7751.953;7751.953;7751.953;7751.953;7751.953;7751.953;7751.953;7751.953;7751.953;7751.953;7751.953;7751.953;7751.953;7751.953;7751.953;7751.953;7751.953;7751.953;7751.953;7751.953;7751.953;7751.953;7751.953;7751.953;7751.953;7751.953;7665.820	9560.742;9560.742;9560.742;9560.742;9560.742;9560.742;9560.742;9560.742;9560.742;9560.742;9560.742;9560.742;9560.742;9560.742;9560.742;9560.742;9560.742;9560.742;9560.742;9560.742;9560.742;9560.742;9560.742;9560.742;9560.742;9560.742;9560.742;9560.742;9560.742;9560.742;9560.742;9560.742;9560.742;9560.742	-11.63	35				5.969	602.930	192.8359		5.217				602.930	602.930;602.930;602.930;602.930;602.930;602.930;602.930;602.930;602.930;602.930;602.930;602.930;602.930;602.930;602.930;602.930;602.930;602.930;602.930;602.930;602.930;602.930;602.930;602.930;602.930;602.930;602.930;602.930;602.930;602.930;602.930;602.930;602.930;1808.789	6.295	1808.789	207.728	602.930	0.000	0.000	0.000;0.000;0.000;0.000;0.000;0.000;0.000;0.000;0.000;0.000;0.000;0.000;0.000;0.000;0.000;0.000;0.000;0.000;0.000;0.000;0.000;0.000;0.000;0.000;0.000;0.000;0.000;0.000;0.000;0.000;0.000;0.000;207.728		-25.03	192.8359	0.1765			39.99	8821	192.8533	0.2647	192.8185	0.0882	192.9462	0.7353	192.9868	0.9412	191_f0-600_ncomp-16_neg.wav_1	f0 600	16_n
193	Spectrogram 1	1	193.800000000	194.000000000	200ms_schroeder_master.wav	/home/m/Dropbox/Projects/acoustic_fine_features_zebra_finch/data/processed/200ms_schroeder_master.wav	193.8000	550.000	10135.311	5.228		5.244	-31.96	4823.438	8871.680	193.8000		193.8000	8546580	0	8546580	5340.234	193.8982	0.4848	9585.311		0.2000	0.0929	0.1683	194.0000		200ms_schroeder_master.wav	8555400	/home/m/Dropbox/Projects/acoustic_fine_features_zebra_finch/data/processed/200ms_schroeder_master.wav	8555400	27.894		2928.516	689.062	7751.953	9560.742	689.062;689.062;689.062;689.062;689.062;689.062;689.062;689.062;689.062;689.062;689.062;689.062;689.062;689.062;689.062;689.062;689.062;689.062;689.062;689.062;689.062;689.062;689.062;689.062;689.062;689.062;689.062;689.062;689.062;689.062;689.062;689.062;1119.727	2928.516;2928.516;2928.516;2928.516;2928.516;2928.516;2928.516;2928.516;2928.516;2928.516;2928.516;2928.516;2928.516;2928.516;2928.516;2928.516;2928.516;2928.516;2928.516;2928.516;2928.516;2928.516;2928.516;2928.516;2928.516;2928.516;2928.516;2928.516;2928.516;2928.516;2928.516;2928.516;2928.516	5340.234;5340.234;5340.234;5340.234;5340.234;5340.234;5340.234;5340.234;5340.234;5340.234;5340.234;5340.234;5340.234;5340.234;5340.234;5340.234;5340.234;5340.234;5340.234;5340.234;5340.234;5340.234;5340.234;5340.234;5340.234;5340.234;5340.234;5340.234;5340.234;5340.234;5340.234;5340.234;5340.234	7751.953;7751.953;7751.953;7751.953;7751.953;7751.953;7751.953;7751.953;7751.953;7751.953;7751.953;7751.953;7751.953;7751.953;7751.953;7751.953;7751.953;7751.953;7751.953;7751.953;7751.953;7751.953;7751.953;7751.953;7751.953;7751.953;7751.953;7751.953;7751.953;7751.953;7751.953;7751.953;7665.820	9560.742;9560.742;9560.742;9560.742;9560.742;9560.742;9560.742;9560.742;9560.742;9560.742;9560.742;9560.742;9560.742;9560.742;9560.742;9560.742;9560.742;9560.742;9560.742;9560.742;9560.742;9560.742;9560.742;9560.742;9560.742;9560.742;9560.742;9560.742;9560.742;9560.742;9560.742;9560.742;9560.742	-11.50	34				5.687	602.930	193.9040		5.217				602.930	602.930;602.930;602.930;602.930;602.930;602.930;602.930;602.930;602.930;602.930;602.930;602.930;602.930;602.930;602.930;602.930;602.930;602.930;602.930;602.930;602.930;602.930;602.930;602.930;602.930;602.930;602.930;602.930;602.930;602.930;602.930;602.930;602.930	0.000	602.930	0.000	602.930	0.000	0.000	0.000;0.000;0.000;0.000;0.000;0.000;0.000;0.000;0.000;0.000;0.000;0.000;0.000;0.000;0.000;0.000;0.000;0.000;0.000;0.000;0.000;0.000;0.000;0.000;0.000;0.000;0.000;0.000;0.000;0.000;0.000;0.000		-25.03	193.9040	0.5152			39.95	8821	193.8518	0.2424	193.8170	0.0606	193.9447	0.7273	193.9853	0.9394	192_f0-600_ncomp-16_pos.wav_1	f0 600	16_p
194	Spectrogram 1	1	194.800000000	195.000000000	200ms_schroeder_master.wav	/home/m/Dropbox/Projects/acoustic_fine_features_zebra_finch/data/processed/200ms_schroeder_master.wav	194.8000	550.000	10760.299	5.317		5.332	-31.98	4823.438	9043.945	194.8000		194.8000	8590680	0	8590680	5426.367	194.9025	0.5152	10210.299		0.2000	0.0987	0.1683	195.0000		200ms_schroeder_master.wav	8599500	/home/m/Dropbox/Projects/acoustic_fine_features_zebra_finch/data/processed/200ms_schroeder_master.wav	8599500	28.136		3014.648	1119.727	7838.086	10163.672	1119.727;1119.727;1119.727;1119.727;1119.727;1119.727;1119.727;1119.727;1119.727;1119.727;1119.727;1119.727;1119.727;1119.727;1119.727;1119.727;1119.727;1119.727;1119.727;1119.727;1119.727;1119.727;1119.727;1119.727;1119.727;1119.727;1119.727;1119.727;1119.727;1119.727;1119.727;1119.727;1119.727	3014.648;3014.648;3014.648;3014.648;3014.648;3014.648;3014.648;3014.648;3014.648;3014.648;3014.648;3014.648;3014.648;3014.648;3014.648;3014.648;3014.648;3014.648;3014.648;3014.648;3014.648;3014.648;3014.648;3014.648;3014.648;3014.648;3014.648;3014.648;3014.648;3014.648;3014.648;3014.648;3014.648	5426.367;5426.367;5426.367;5426.367;5426.367;5426.367;5426.367;5426.367;5426.367;5426.367;5426.367;5426.367;5426.367;5426.367;5426.367;5426.367;5426.367;5426.367;5426.367;5426.367;5426.367;5426.367;5426.367;5426.367;5426.367;5426.367;5426.367;5426.367;5426.367;5426.367;5426.367;5426.367;5426.367	7838.086;7838.086;7838.086;7838.086;7838.086;7838.086;7838.086;7838.086;7838.086;7838.086;7838.086;7838.086;7838.086;7838.086;7838.086;7838.086;7838.086;7838.086;7838.086;7838.086;7838.086;7838.086;7838.086;7838.086;7838.086;7838.086;7838.086;7838.086;7838.086;7838.086;7838.086;7838.086;7838.086	10163.672;10163.672;10163.672;10163.672;10163.672;10163.672;10163.672;10163.672;10163.672;10163.672;10163.672;10163.672;10163.672;10163.672;10163.672;10163.672;10163.672;10163.672;10163.672;10163.672;10163.672;10163.672;10163.672;10163.672;10163.672;10163.672;10163.672;10163.672;10163.672;10163.672;10163.672;10163.672;10163.672	-11.26	34				5.698	602.930	194.8793		5.306				602.930	602.930;602.930;602.930;602.930;602.930;602.930;602.930;602.930;602.930;602.930;602.930;602.930;602.930;602.930;602.930;602.930;602.930;602.930;602.930;602.930;602.930;602.930;602.930;602.930;602.930;602.930;602.930;602.930;602.930;602.930;602.930;602.930;602.930	0.000	602.930	0.000	602.930	0.000	0.000	0.000;0.000;0.000;0.000;0.000;0.000;0.000;0.000;0.000;0.000;0.000;0.000;0.000;0.000;0.000;0.000;0.000;0.000;0.000;0.000;0.000;0.000;0.000;0.000;0.000;0.000;0.000;0.000;0.000;0.000;0.000;0.000		-25.06	194.8793	0.3939			39.04	8821	194.8502	0.2424	194.8154	0.0606	194.9489	0.7576	194.9838	0.9394	193_f0-600_ncomp-17_neg.wav_1	f0 600	17_n
195	Spectrogram 1	1	195.800000000	196.000000000	200ms_schroeder_master.wav	/home/m/Dropbox/Projects/acoustic_fine_features_zebra_finch/data/processed/200ms_schroeder_master.wav	195.8000	550.000	10760.299	5.317		5.360	-32.11	4823.438	9043.945	195.8000		195.8000	8634780	0	8634780	5426.367	195.9009	0.5000	10210.299		0.2000	0.0929	0.1683	196.0000		200ms_schroeder_master.wav	8643600	/home/m/Dropbox/Projects/acoustic_fine_features_zebra_finch/data/processed/200ms_schroeder_master.wav	8643600	28.136		3014.648	1119.727	7838.086	10163.672	1119.727;1119.727;1119.727;1119.727;1119.727;1119.727;1119.727;1119.727;1119.727;1119.727;1119.727;1119.727;1119.727;1119.727;1119.727;1119.727;1119.727;1119.727;1119.727;1119.727;1119.727;1119.727;1119.727;1119.727;1119.727;1119.727;1119.727;1119.727;1119.727;1119.727;1119.727;1119.727;1119.727;1119.727	3014.648;3014.648;3014.648;3014.648;3014.648;3014.648;3014.648;3014.648;3014.648;3014.648;3014.648;3014.648;3014.648;3014.648;3014.648;3014.648;3014.648;3014.648;3014.648;3014.648;3014.648;3014.648;3014.648;3014.648;3014.648;3014.648;3014.648;3014.648;3014.648;3014.648;3014.648;3014.648;3014.648;3014.648	5426.367;5426.367;5426.367;5426.367;5426.367;5426.367;5426.367;5426.367;5426.367;5426.367;5426.367;5426.367;5426.367;5426.367;5426.367;5426.367;5426.367;5426.367;5426.367;5426.367;5426.367;5426.367;5426.367;5426.367;5426.367;5426.367;5426.367;5426.367;5426.367;5426.367;5426.367;5426.367;5426.367;5426.367	7838.086;7838.086;7838.086;7838.086;7838.086;7838.086;7838.086;7838.086;7838.086;7838.086;7838.086;7838.086;7838.086;7838.086;7838.086;7838.086;7838.086;7838.086;7838.086;7838.086;7838.086;7838.086;7838.086;7838.086;7838.086;7838.086;7838.086;7838.086;7838.086;7838.086;7838.086;7838.086;7838.086;7924.219	10163.672;10163.672;10163.672;10163.672;10163.672;10163.672;10163.672;10163.672;10163.672;10163.672;10163.672;10163.672;10163.672;10163.672;10163.672;10163.672;10163.672;10163.672;10163.672;10163.672;10163.672;10163.672;10163.672;10163.672;10163.672;10163.672;10163.672;10163.672;10163.672;10163.672;10163.672;10163.672;10163.672;10077.539	-11.39	35				6.203	602.930	195.9590		5.306				602.930	602.930;602.930;602.930;602.930;602.930;602.930;602.930;602.930;602.930;602.930;602.930;602.930;602.930;602.930;602.930;602.930;602.930;602.930;602.930;602.930;602.930;602.930;602.930;602.930;602.930;602.930;602.930;602.930;602.930;602.930;602.930;602.930;602.930;1205.859	3.147	1205.859	103.864	602.930	0.000	0.000	0.000;0.000;0.000;0.000;0.000;0.000;0.000;0.000;0.000;0.000;0.000;0.000;0.000;0.000;0.000;0.000;0.000;0.000;0.000;0.000;0.000;0.000;0.000;0.000;0.000;0.000;0.000;0.000;0.000;0.000;0.000;0.000;103.864		-25.06	195.9590	0.7941			39.60	8821	195.8545	0.2647	195.8139	0.0588	195.9474	0.7353	195.9822	0.9118	194_f0-600_ncomp-17_pos.wav_1	f0 600	17_p
196	Spectrogram 1	1	196.800000000	197.000000000	200ms_schroeder_master.wav	/home/m/Dropbox/Projects/acoustic_fine_features_zebra_finch/data/processed/200ms_schroeder_master.wav	196.8000	550.000	11385.287	5.401		5.443	-32.60	5426.367	9646.875	196.8000		196.8000	8678880	0	8678880	5943.164	196.8994	0.5000	10835.287		0.2000	0.0929	0.1683	197.0000		200ms_schroeder_master.wav	8687700	/home/m/Dropbox/Projects/acoustic_fine_features_zebra_finch/data/processed/200ms_schroeder_master.wav	8687700	27.924		3014.648	1119.727	8441.016	10766.602	1119.727;1119.727;1119.727;1119.727;1119.727;1119.727;1119.727;1119.727;1119.727;1119.727;1119.727;1119.727;1119.727;1119.727;1119.727;1119.727;1119.727;1119.727;1119.727;1119.727;1119.727;1119.727;1119.727;1119.727;1119.727;1119.727;1119.727;1119.727;1119.727;1119.727;1119.727;1119.727;1119.727;1119.727	3014.648;3014.648;3014.648;3014.648;3014.648;3014.648;3014.648;3014.648;3014.648;3014.648;3014.648;3014.648;3014.648;3014.648;3014.648;3014.648;3014.648;3014.648;3014.648;3014.648;3014.648;3014.648;3014.648;3014.648;3014.648;3014.648;3014.648;3014.648;3014.648;3014.648;3014.648;3014.648;3014.648;3014.648	5943.164;5943.164;5943.164;5943.164;5943.164;5943.164;5943.164;5943.164;5943.164;5943.164;5943.164;5943.164;5943.164;5943.164;5943.164;5943.164;5943.164;5943.164;5943.164;5943.164;5943.164;5943.164;5943.164;5943.164;5943.164;5943.164;5943.164;5943.164;5943.164;5943.164;5943.164;5943.164;5943.164;5943.164	8441.016;8441.016;8441.016;8441.016;8441.016;8441.016;8441.016;8441.016;8441.016;8441.016;8441.016;8441.016;8441.016;8441.016;8441.016;8441.016;8441.016;8441.016;8441.016;8441.016;8441.016;8441.016;8441.016;8441.016;8441.016;8441.016;8441.016;8441.016;8441.016;8441.016;8441.016;8441.016;8441.016;8441.016	10766.602;10766.602;10766.602;10766.602;10766.602;10766.602;10766.602;10766.602;10766.602;10766.602;10766.602;10766.602;10766.602;10766.602;10766.602;10766.602;10766.602;10766.602;10766.602;10766.602;10766.602;10766.602;10766.602;10766.602;10766.602;10766.602;10766.602;10766.602;10766.602;10766.602;10766.602;10766.602;10766.602;10680.469	-11.60	35				6.212	602.930	196.9342		5.390				602.930	602.930;602.930;602.930;602.930;602.930;602.930;602.930;602.930;602.930;602.930;602.930;602.930;602.930;602.930;602.930;602.930;602.930;602.930;602.930;602.930;602.930;602.930;602.930;602.930;602.930;602.930;602.930;602.930;602.930;602.930;602.930;602.930;602.930;1205.859	3.147	1205.859	103.864	602.930	0.000	0.000	0.000;0.000;0.000;0.000;0.000;0.000;0.000;0.000;0.000;0.000;0.000;0.000;0.000;0.000;0.000;0.000;0.000;0.000;0.000;0.000;0.000;0.000;0.000;0.000;0.000;0.000;0.000;0.000;0.000;0.000;0.000;0.000;103.864		-25.52	196.9342	0.6765			39.78	8821	196.8530	0.2647	196.8181	0.0882	196.9458	0.7353	196.9865	0.9412	195_f0-600_ncomp-18_neg.wav_1	f0 600	18_n
197	Spectrogram 1	1	197.800000000	198.000000000	200ms_schroeder_master.wav	/home/m/Dropbox/Projects/acoustic_fine_features_zebra_finch/data/processed/200ms_schroeder_master.wav	197.8000	550.000	11385.287	5.401		5.416	-32.48	5426.367	9646.875	197.8000		197.8000	8722980	0	8722980	5943.164	197.8979	0.4848	10835.287		0.2000	0.0929	0.1683	198.0000		200ms_schroeder_master.wav	8731800	/home/m/Dropbox/Projects/acoustic_fine_features_zebra_finch/data/processed/200ms_schroeder_master.wav	8731800	27.923		3014.648	1119.727	8441.016	10766.602	1119.727;1119.727;1119.727;1119.727;1119.727;1119.727;1119.727;1119.727;1119.727;1119.727;1119.727;1119.727;1119.727;1119.727;1119.727;1119.727;1119.727;1119.727;1119.727;1119.727;1119.727;1119.727;1119.727;1119.727;1119.727;1119.727;1119.727;1119.727;1119.727;1119.727;1119.727;1119.727;1119.727	3014.648;3014.648;3014.648;3014.648;3014.648;3014.648;3014.648;3014.648;3014.648;3014.648;3014.648;3014.648;3014.648;3014.648;3014.648;3014.648;3014.648;3014.648;3014.648;3014.648;3014.648;3014.648;3014.648;3014.648;3014.648;3014.648;3014.648;3014.648;3014.648;3014.648;3014.648;3014.648;3014.648	5943.164;5943.164;5943.164;5943.164;5943.164;5943.164;5943.164;5943.164;5943.164;5943.164;5943.164;5943.164;5943.164;5943.164;5943.164;5943.164;5943.164;5943.164;5943.164;5943.164;5943.164;5943.164;5943.164;5943.164;5943.164;5943.164;5943.164;5943.164;5943.164;5943.164;5943.164;5943.164;5943.164	8441.016;8441.016;8441.016;8441.016;8441.016;8441.016;8441.016;8441.016;8441.016;8441.016;8441.016;8441.016;8441.016;8441.016;8441.016;8441.016;8441.016;8441.016;8441.016;8441.016;8441.016;8441.016;8441.016;8441.016;8441.016;8441.016;8441.016;8441.016;8441.016;8441.016;8441.016;8441.016;8441.016	10766.602;10766.602;10766.602;10766.602;10766.602;10766.602;10766.602;10766.602;10766.602;10766.602;10766.602;10766.602;10766.602;10766.602;10766.602;10766.602;10766.602;10766.602;10766.602;10766.602;10766.602;10766.602;10766.602;10766.602;10766.602;10766.602;10766.602;10766.602;10766.602;10766.602;10766.602;10766.602;10766.602	-11.47	34				5.821	602.930	197.8340		5.390				602.930	602.930;602.930;602.930;602.930;602.930;602.930;602.930;602.930;602.930;602.930;602.930;602.930;602.930;602.930;602.930;602.930;602.930;602.930;602.930;602.930;602.930;602.930;602.930;602.930;602.930;602.930;602.930;602.930;602.930;602.930;602.930;602.930;602.930	0.000	602.930	0.000	602.930	0.000	0.000	0.000;0.000;0.000;0.000;0.000;0.000;0.000;0.000;0.000;0.000;0.000;0.000;0.000;0.000;0.000;0.000;0.000;0.000;0.000;0.000;0.000;0.000;0.000;0.000;0.000;0.000;0.000;0.000;0.000;0.000;0.000;0.000		-25.52	197.8340	0.1515			39.31	8821	197.8514	0.2424	197.8166	0.0606	197.9443	0.7273	197.9849	0.9394	196_f0-600_ncomp-18_pos.wav_1	f0 600	18_p
198	Spectrogram 1	1	198.800000000	199.000000000	200ms_schroeder_master.wav	/home/m/Dropbox/Projects/acoustic_fine_features_zebra_finch/data/processed/200ms_schroeder_master.wav	198.8000	550.000	12010.275	5.481		5.496	-32.42	5943.164	10249.805	198.8000		198.8000	8767080	0	8767080	6029.297	198.9021	0.5152	11460.275		0.2000	0.0929	0.1683	199.0000		200ms_schroeder_master.wav	8775900	/home/m/Dropbox/Projects/acoustic_fine_features_zebra_finch/data/processed/200ms_schroeder_master.wav	8775900	28.214		3014.648	1119.727	8957.812	11369.531	1119.727;1119.727;1119.727;1119.727;1119.727;1119.727;1119.727;1119.727;1119.727;1119.727;1119.727;1119.727;1119.727;1119.727;1119.727;1119.727;1119.727;1119.727;1119.727;1119.727;1119.727;1119.727;1119.727;1119.727;1119.727;1119.727;1119.727;1119.727;1119.727;1119.727;1119.727;1119.727;1119.727	3100.781;3014.648;3014.648;3014.648;3014.648;3014.648;3014.648;3014.648;3014.648;3014.648;3014.648;3014.648;3014.648;3014.648;3014.648;3014.648;3014.648;3014.648;3014.648;3014.648;3014.648;3014.648;3014.648;3014.648;3014.648;3014.648;3014.648;3014.648;3014.648;3014.648;3014.648;3014.648;3100.781	6029.297;6029.297;6029.297;6029.297;6029.297;6029.297;6029.297;6029.297;6029.297;6029.297;6029.297;6029.297;6029.297;6029.297;6029.297;6029.297;6029.297;6029.297;6029.297;6029.297;6029.297;6029.297;6029.297;6029.297;6029.297;6029.297;6029.297;6029.297;6029.297;6029.297;6029.297;6029.297;6029.297	8957.812;8957.812;8957.812;8957.812;8957.812;8957.812;8957.812;8957.812;8957.812;8957.812;8957.812;8957.812;8957.812;8957.812;8957.812;8957.812;8957.812;8957.812;8957.812;8957.812;8957.812;8957.812;8957.812;8957.812;8957.812;8957.812;8957.812;8957.812;8957.812;8957.812;8957.812;8957.812;8957.812	11283.398;11369.531;11369.531;11369.531;11369.531;11369.531;11369.531;11369.531;11369.531;11369.531;11369.531;11369.531;11369.531;11369.531;11369.531;11369.531;11369.531;11369.531;11369.531;11369.531;11369.531;11369.531;11369.531;11369.531;11369.531;11369.531;11369.531;11369.531;11369.531;11369.531;11369.531;11369.531;11283.398	-11.18	34				5.898	602.930	198.9776		5.469				602.930	602.930;602.930;602.930;602.930;602.930;602.930;602.930;602.930;602.930;602.930;602.930;602.930;602.930;602.930;602.930;602.930;602.930;602.930;602.930;602.930;602.930;602.930;602.930;602.930;602.930;602.930;602.930;602.930;602.930;602.930;602.930;602.930;602.930	0.000	602.930	0.000	602.930	0.000	0.000	0.000;0.000;0.000;0.000;0.000;0.000;0.000;0.000;0.000;0.000;0.000;0.000;0.000;0.000;0.000;0.000;0.000;0.000;0.000;0.000;0.000;0.000;0.000;0.000;0.000;0.000;0.000;0.000;0.000;0.000;0.000;0.000		-25.47	198.9776	0.9091			39.05	8821	198.8557	0.2727	198.8150	0.0606	198.9486	0.7576	198.9834	0.9394	197_f0-600_ncomp-19_neg.wav_1	f0 600	19_n
199	Spectrogram 1	1	199.800000000	200.000000000	200ms_schroeder_master.wav	/home/m/Dropbox/Projects/acoustic_fine_features_zebra_finch/data/processed/200ms_schroeder_master.wav	199.8000	550.000	12010.275	5.481		5.522	-32.55	5943.164	10249.805	199.8000		199.8000	8811180	0	8811180	6029.297	199.9006	0.5000	11460.275		0.2000	0.0929	0.1683	200.0000		200ms_schroeder_master.wav	8820000	/home/m/Dropbox/Projects/acoustic_fine_features_zebra_finch/data/processed/200ms_schroeder_master.wav	8820000	28.214		3014.648	1119.727	8957.812	11369.531	1119.727;1119.727;1119.727;1119.727;1119.727;1119.727;1119.727;1119.727;1119.727;1119.727;1119.727;1119.727;1119.727;1119.727;1119.727;1119.727;1119.727;1119.727;1119.727;1119.727;1119.727;1119.727;1119.727;1119.727;1119.727;1119.727;1119.727;1119.727;1119.727;1119.727;1119.727;1119.727;1119.727;1119.727	3100.781;3100.781;3014.648;3014.648;3014.648;3014.648;3014.648;3014.648;3014.648;3014.648;3014.648;3014.648;3014.648;3014.648;3014.648;3014.648;3014.648;3014.648;3014.648;3014.648;3014.648;3014.648;3014.648;3014.648;3014.648;3014.648;3014.648;3014.648;3014.648;3014.648;3014.648;3014.648;3100.781;3359.180	6029.297;6029.297;6029.297;6029.297;6029.297;6029.297;6029.297;6029.297;6029.297;6029.297;6029.297;6029.297;6029.297;6029.297;6029.297;6029.297;6029.297;6029.297;6029.297;6029.297;6029.297;6029.297;6029.297;6029.297;6029.297;6029.297;6029.297;6029.297;6029.297;6029.297;6029.297;6029.297;6029.297;6029.297	8957.812;8957.812;8957.812;8957.812;8957.812;8957.812;8957.812;8957.812;8957.812;8957.812;8957.812;8957.812;8957.812;8957.812;8957.812;8957.812;8957.812;8957.812;8957.812;8957.812;8957.812;8957.812;8957.812;8957.812;8957.812;8957.812;8957.812;8957.812;8957.812;8957.812;8957.812;8957.812;8957.812;8957.812	11283.398;11369.531;11369.531;11369.531;11369.531;11369.531;11369.531;11369.531;11369.531;11369.531;11369.531;11369.531;11369.531;11369.531;11369.531;11369.531;11369.531;11369.531;11369.531;11369.531;11369.531;11369.531;11369.531;11369.531;11369.531;11369.531;11369.531;11369.531;11369.531;11369.531;11369.531;11369.531;11283.398;11283.398	-11.31	35				6.296	602.930	199.8774		5.469				602.930	602.930;602.930;602.930;602.930;602.930;602.930;602.930;602.930;602.930;602.930;602.930;602.930;602.930;602.930;602.930;602.930;602.930;602.930;602.930;602.930;602.930;602.930;602.930;602.930;602.930;602.930;602.930;602.930;602.930;602.930;602.930;602.930;602.930;1205.859	3.147	1205.859	103.864	602.930	0.000	0.000	0.000;0.000;0.000;0.000;0.000;0.000;0.000;0.000;0.000;0.000;0.000;0.000;0.000;0.000;0.000;0.000;0.000;0.000;0.000;0.000;0.000;0.000;0.000;0.000;0.000;0.000;0.000;0.000;0.000;0.000;0.000;0.000;103.864		-25.47	199.8774	0.3824			39.47	8821	199.8541	0.2647	199.8135	0.0588	199.9470	0.7353	199.9818	0.9118	198_f0-600_ncomp-19_pos.wav_1	f0 600	19_p
200	Spectrogram 1	1	200.800000000	201.000000000	200ms_schroeder_master.wav	/home/m/Dropbox/Projects/acoustic_fine_features_zebra_finch/data/processed/200ms_schroeder_master.wav	200.8000	550.000	12635.263	5.556		5.598	-32.80	6029.297	10766.602	200.8000		200.8000	8855280	0	8855280	6546.094	200.8990	0.5000	12085.263		0.2000	0.0929	0.1683	201.0000		200ms_schroeder_master.wav	8864100	/home/m/Dropbox/Projects/acoustic_fine_features_zebra_finch/data/processed/200ms_schroeder_master.wav	8864100	28.182		3531.445	1119.727	9560.742	11886.328	1119.727;1119.727;1119.727;1119.727;1119.727;1119.727;1119.727;1119.727;1119.727;1119.727;1119.727;1119.727;1119.727;1119.727;1119.727;1119.727;1119.727;1119.727;1119.727;1119.727;1119.727;1119.727;1119.727;1119.727;1119.727;1119.727;1119.727;1119.727;1119.727;1119.727;1119.727;1119.727;1119.727;1119.727	3531.445;3531.445;3531.445;3531.445;3531.445;3531.445;3531.445;3531.445;3531.445;3531.445;3531.445;3531.445;3531.445;3531.445;3531.445;3531.445;3531.445;3531.445;3531.445;3531.445;3531.445;3531.445;3531.445;3531.445;3531.445;3531.445;3531.445;3531.445;3531.445;3531.445;3531.445;3531.445;3531.445;3531.445	6546.094;6546.094;6546.094;6546.094;6546.094;6546.094;6546.094;6546.094;6546.094;6546.094;6546.094;6546.094;6546.094;6546.094;6546.094;6546.094;6546.094;6546.094;6546.094;6546.094;6546.094;6546.094;6546.094;6546.094;6546.094;6546.094;6546.094;6546.094;6546.094;6546.094;6546.094;6546.094;6546.094;6546.094	9474.609;9560.742;9560.742;9560.742;9560.742;9560.742;9560.742;9560.742;9560.742;9560.742;9560.742;9560.742;9560.742;9560.742;9560.742;9560.742;9560.742;9560.742;9560.742;9560.742;9560.742;9560.742;9560.742;9560.742;9560.742;9560.742;9560.742;9560.742;9560.742;9560.742;9560.742;9560.742;9560.742;9474.609	11886.328;11886.328;11886.328;11886.328;11886.328;11886.328;11886.328;11886.328;11886.328;11886.328;11886.328;11886.328;11886.328;11886.328;11886.328;11886.328;11886.328;11886.328;11886.328;11886.328;11886.328;11886.328;11886.328;11886.328;11886.328;11886.328;11886.328;11886.328;11886.328;11886.328;11886.328;11886.328;11886.328;11886.328	-11.34	35				6.438	602.930	200.8526		5.544				602.930	602.930;602.930;602.930;602.930;602.930;602.930;602.930;602.930;602.930;602.930;602.930;602.930;602.930;602.930;602.930;602.930;602.930;602.930;602.930;602.930;602.930;602.930;602.930;602.930;602.930;602.930;602.930;602.930;602.930;602.930;602.930;602.930;602.930;602.930	0.000	602.930	0.000	602.930	0.000	0.000	0.000;0.000;0.000;0.000;0.000;0.000;0.000;0.000;0.000;0.000;0.000;0.000;0.000;0.000;0.000;0.000;0.000;0.000;0.000;0.000;0.000;0.000;0.000;0.000;0.000;0.000;0.000;0.000;0.000;0.000;0.000;0.000;0.000		-25.73	200.8526	0.2647			39.08	8821	200.8526	0.2647	200.8178	0.0882	200.9455	0.7353	200.9861	0.9412	199_f0-600_ncomp-20_neg.wav_1	f0 600	20_n
201	Spectrogram 1	1	201.800000000	202.000000000	200ms_schroeder_master.wav	/home/m/Dropbox/Projects/acoustic_fine_features_zebra_finch/data/processed/200ms_schroeder_master.wav	201.8000	550.000	12635.263	5.556		5.571	-32.68	6029.297	10766.602	201.8000		201.8000	8899380	0	8899380	6546.094	201.8975	0.4848	12085.263		0.2000	0.0987	0.1683	202.0000		200ms_schroeder_master.wav	8908200	/home/m/Dropbox/Projects/acoustic_fine_features_zebra_finch/data/processed/200ms_schroeder_master.wav	8908200	28.182		3531.445	1119.727	9560.742	11886.328	1119.727;1119.727;1119.727;1119.727;1119.727;1119.727;1119.727;1119.727;1119.727;1119.727;1119.727;1119.727;1119.727;1119.727;1119.727;1119.727;1119.727;1119.727;1119.727;1119.727;1119.727;1119.727;1119.727;1119.727;1119.727;1119.727;1119.727;1119.727;1119.727;1119.727;1119.727;1119.727;1119.727	3531.445;3531.445;3531.445;3531.445;3531.445;3531.445;3531.445;3531.445;3531.445;3531.445;3531.445;3531.445;3531.445;3531.445;3531.445;3531.445;3531.445;3531.445;3531.445;3531.445;3531.445;3531.445;3531.445;3531.445;3531.445;3531.445;3531.445;3531.445;3531.445;3531.445;3531.445;3531.445;3531.445	6546.094;6546.094;6546.094;6546.094;6546.094;6546.094;6546.094;6546.094;6546.094;6546.094;6546.094;6546.094;6546.094;6546.094;6546.094;6546.094;6546.094;6546.094;6546.094;6546.094;6546.094;6546.094;6546.094;6546.094;6546.094;6546.094;6546.094;6546.094;6546.094;6546.094;6546.094;6546.094;6546.094	9560.742;9560.742;9560.742;9560.742;9560.742;9560.742;9560.742;9560.742;9560.742;9560.742;9560.742;9560.742;9560.742;9560.742;9560.742;9560.742;9560.742;9560.742;9560.742;9560.742;9560.742;9560.742;9560.742;9560.742;9560.742;9560.742;9560.742;9560.742;9560.742;9560.742;9560.742;9560.742;9474.609	11886.328;11886.328;11886.328;11886.328;11886.328;11886.328;11886.328;11886.328;11886.328;11886.328;11886.328;11886.328;11886.328;11886.328;11886.328;11886.328;11886.328;11886.328;11886.328;11886.328;11886.328;11886.328;11886.328;11886.328;11886.328;11886.328;11886.328;11886.328;11886.328;11886.328;11886.328;11886.328;11886.328	-11.22	34				5.940	602.930	201.9207		5.544				602.930	602.930;602.930;602.930;602.930;602.930;602.930;602.930;602.930;602.930;602.930;602.930;602.930;602.930;602.930;602.930;602.930;602.930;602.930;602.930;602.930;602.930;602.930;602.930;602.930;602.930;602.930;602.930;602.930;602.930;602.930;602.930;602.930;602.930	0.000	602.930	0.000	602.930	0.000	0.000	0.000;0.000;0.000;0.000;0.000;0.000;0.000;0.000;0.000;0.000;0.000;0.000;0.000;0.000;0.000;0.000;0.000;0.000;0.000;0.000;0.000;0.000;0.000;0.000;0.000;0.000;0.000;0.000;0.000;0.000;0.000;0.000		-25.73	201.9207	0.6061			38.68	8821	201.8511	0.2424	201.8162	0.0606	201.9497	0.7576	201.9846	0.9394	200_f0-600_ncomp-20_pos.wav_1	f0 600	20_p
202	Spectrogram 1	1	202.800000000	203.000000000	200ms_schroeder_master.wav	/home/m/Dropbox/Projects/acoustic_fine_features_zebra_finch/data/processed/200ms_schroeder_master.wav	202.8000	550.000	13260.252	5.627		5.643	-33.12	6029.297	10852.734	202.8000		202.8000	8943480	0	8943480	6632.227	202.9018	0.5152	12710.252		0.2000	0.0929	0.1683	203.0000		200ms_schroeder_master.wav	8952300	/home/m/Dropbox/Projects/acoustic_fine_features_zebra_finch/data/processed/200ms_schroeder_master.wav	8952300	27.951		3617.578	1205.859	9646.875	12058.594	1205.859;1205.859;1205.859;1205.859;1205.859;1205.859;1205.859;1205.859;1205.859;1205.859;1205.859;1205.859;1205.859;1205.859;1205.859;1205.859;1205.859;1205.859;1205.859;1205.859;1205.859;1205.859;1205.859;1205.859;1205.859;1205.859;1205.859;1205.859;1205.859;1205.859;1205.859;1205.859;1205.859	3617.578;3617.578;3617.578;3617.578;3617.578;3617.578;3617.578;3617.578;3617.578;3617.578;3617.578;3617.578;3617.578;3617.578;3617.578;3617.578;3617.578;3617.578;3617.578;3617.578;3617.578;3617.578;3617.578;3617.578;3617.578;3617.578;3617.578;3617.578;3617.578;3617.578;3617.578;3617.578;3617.578	6632.227;6632.227;6632.227;6632.227;6632.227;6632.227;6632.227;6632.227;6632.227;6632.227;6632.227;6632.227;6632.227;6632.227;6632.227;6632.227;6632.227;6632.227;6632.227;6632.227;6632.227;6632.227;6632.227;6632.227;6632.227;6632.227;6632.227;6632.227;6632.227;6632.227;6632.227;6632.227;6632.227	9646.875;9646.875;9646.875;9646.875;9646.875;9646.875;9646.875;9646.875;9646.875;9646.875;9646.875;9646.875;9646.875;9646.875;9646.875;9646.875;9646.875;9646.875;9646.875;9646.875;9646.875;9646.875;9646.875;9646.875;9646.875;9646.875;9646.875;9646.875;9646.875;9646.875;9646.875;9646.875;9646.875	12058.594;12058.594;12058.594;12058.594;12058.594;12058.594;12058.594;12058.594;12058.594;12058.594;12058.594;12058.594;12058.594;12058.594;12058.594;12058.594;12058.594;12058.594;12058.594;12058.594;12058.594;12058.594;12058.594;12058.594;12058.594;12058.594;12058.594;12058.594;12058.594;12058.594;12058.594;12058.594;12058.594	-11.45	34				6.085	602.930	202.9076		5.616				602.930	602.930;602.930;602.930;602.930;602.930;602.930;602.930;602.930;602.930;602.930;602.930;602.930;602.930;602.930;602.930;602.930;602.930;602.930;602.930;602.930;602.930;602.930;602.930;602.930;602.930;602.930;602.930;602.930;602.930;602.930;602.930;602.930;602.930	0.000	602.930	0.000	602.930	0.000	0.000	0.000;0.000;0.000;0.000;0.000;0.000;0.000;0.000;0.000;0.000;0.000;0.000;0.000;0.000;0.000;0.000;0.000;0.000;0.000;0.000;0.000;0.000;0.000;0.000;0.000;0.000;0.000;0.000;0.000;0.000;0.000;0.000		-26.17	202.9076	0.5455			38.74	8821	202.8553	0.2727	202.8147	0.0606	202.9482	0.7576	202.9830	0.9394	201_f0-600_ncomp-21_neg.wav_1	f0 600	21_n
203	Spectrogram 1	1	203.800000000	204.000000000	200ms_schroeder_master.wav	/home/m/Dropbox/Projects/acoustic_fine_features_zebra_finch/data/processed/200ms_schroeder_master.wav	203.8000	550.000	13260.252	5.628		5.669	-33.24	6029.297	10852.734	203.8000		203.8000	8987580	0	8987580	6632.227	203.9002	0.5000	12710.252		0.2000	0.0929	0.1683	204.0000		200ms_schroeder_master.wav	8996400	/home/m/Dropbox/Projects/acoustic_fine_features_zebra_finch/data/processed/200ms_schroeder_master.wav	8996400	27.952		3617.578	1205.859	9646.875	12058.594	1205.859;1205.859;1205.859;1205.859;1205.859;1205.859;1205.859;1205.859;1205.859;1205.859;1205.859;1205.859;1205.859;1205.859;1205.859;1205.859;1205.859;1205.859;1205.859;1205.859;1205.859;1205.859;1205.859;1205.859;1205.859;1205.859;1205.859;1205.859;1205.859;1205.859;1205.859;1205.859;1205.859;1205.859	3617.578;3617.578;3617.578;3617.578;3617.578;3617.578;3617.578;3617.578;3617.578;3617.578;3617.578;3617.578;3617.578;3617.578;3617.578;3617.578;3617.578;3617.578;3617.578;3617.578;3617.578;3617.578;3617.578;3617.578;3617.578;3617.578;3617.578;3617.578;3617.578;3617.578;3617.578;3617.578;3617.578;3617.578	6632.227;6632.227;6632.227;6632.227;6632.227;6632.227;6632.227;6632.227;6632.227;6632.227;6632.227;6632.227;6632.227;6632.227;6632.227;6632.227;6632.227;6632.227;6632.227;6632.227;6632.227;6632.227;6632.227;6632.227;6632.227;6632.227;6632.227;6632.227;6632.227;6632.227;6632.227;6632.227;6632.227;6632.227	9646.875;9646.875;9646.875;9646.875;9646.875;9646.875;9646.875;9646.875;9646.875;9646.875;9646.875;9646.875;9646.875;9646.875;9646.875;9646.875;9646.875;9646.875;9646.875;9646.875;9646.875;9646.875;9646.875;9646.875;9646.875;9646.875;9646.875;9646.875;9646.875;9646.875;9646.875;9646.875;9646.875;9646.875	12058.594;12058.594;12058.594;12058.594;12058.594;12058.594;12058.594;12058.594;12058.594;12058.594;12058.594;12058.594;12058.594;12058.594;12058.594;12058.594;12058.594;12058.594;12058.594;12058.594;12058.594;12058.594;12058.594;12058.594;12058.594;12058.594;12058.594;12058.594;12058.594;12058.594;12058.594;12058.594;12058.594;12144.727	-11.57	35				6.375	602.930	203.9757		5.616				602.930	602.930;602.930;602.930;602.930;602.930;602.930;602.930;602.930;602.930;602.930;602.930;602.930;602.930;602.930;602.930;602.930;602.930;602.930;602.930;602.930;602.930;602.930;602.930;602.930;602.930;602.930;602.930;602.930;602.930;602.930;602.930;602.930;602.930;602.930	0.000	602.930	0.000	602.930	0.000	0.000	0.000;0.000;0.000;0.000;0.000;0.000;0.000;0.000;0.000;0.000;0.000;0.000;0.000;0.000;0.000;0.000;0.000;0.000;0.000;0.000;0.000;0.000;0.000;0.000;0.000;0.000;0.000;0.000;0.000;0.000;0.000;0.000;0.000		-26.17	203.9757	0.8824			38.89	8821	203.8538	0.2647	203.8131	0.0588	203.9467	0.7353	203.9815	0.9118	202_f0-600_ncomp-21_pos.wav_1	f0 600	21_p
204	Spectrogram 1	1	204.800000000	205.000000000	200ms_schroeder_master.wav	/home/m/Dropbox/Projects/acoustic_fine_features_zebra_finch/data/processed/200ms_schroeder_master.wav	204.8000	550.000	13885.240	5.696		5.713	-33.13	6546.094	11455.664	204.8000		204.8000	9031680	0	9031680	7149.023	204.8987	0.4848	13335.240		0.2000	0.0929	0.1683	205.0000		200ms_schroeder_master.wav	9040500	/home/m/Dropbox/Projects/acoustic_fine_features_zebra_finch/data/processed/200ms_schroeder_master.wav	9040500	28.167		3617.578	1205.859	10163.672	12661.523	1205.859;1205.859;1205.859;1205.859;1205.859;1205.859;1205.859;1205.859;1205.859;1205.859;1205.859;1205.859;1205.859;1205.859;1205.859;1205.859;1205.859;1205.859;1205.859;1205.859;1205.859;1205.859;1205.859;1205.859;1205.859;1205.859;1205.859;1205.859;1205.859;1205.859;1205.859;1205.859;1205.859	3617.578;3617.578;3617.578;3617.578;3617.578;3617.578;3617.578;3617.578;3617.578;3617.578;3617.578;3617.578;3617.578;3617.578;3617.578;3617.578;3617.578;3617.578;3617.578;3617.578;3617.578;3617.578;3617.578;3617.578;3617.578;3617.578;3617.578;3617.578;3617.578;3617.578;3617.578;3617.578;3617.578	7149.023;7149.023;7149.023;7149.023;7149.023;7149.023;7149.023;7149.023;7149.023;7149.023;7149.023;7149.023;7149.023;7149.023;7149.023;7149.023;7149.023;7149.023;7149.023;7149.023;7149.023;7149.023;7149.023;7149.023;7149.023;7149.023;7149.023;7149.023;7149.023;7149.023;7149.023;7149.023;7149.023	10163.672;10163.672;10163.672;10163.672;10163.672;10163.672;10163.672;10163.672;10163.672;10163.672;10163.672;10163.672;10163.672;10163.672;10163.672;10163.672;10163.672;10163.672;10163.672;10163.672;10163.672;10163.672;10163.672;10163.672;10163.672;10163.672;10163.672;10163.672;10163.672;10163.672;10163.672;10163.672;10249.805	12661.523;12661.523;12661.523;12661.523;12661.523;12661.523;12661.523;12661.523;12661.523;12661.523;12661.523;12661.523;12661.523;12661.523;12661.523;12661.523;12661.523;12661.523;12661.523;12661.523;12661.523;12661.523;12661.523;12661.523;12661.523;12661.523;12661.523;12661.523;12661.523;12661.523;12661.523;12661.523;12661.523	-11.23	34				6.212	602.930	204.9509		5.684				602.930	602.930;602.930;602.930;602.930;602.930;602.930;602.930;602.930;602.930;602.930;602.930;602.930;602.930;602.930;602.930;602.930;602.930;602.930;602.930;602.930;602.930;602.930;602.930;602.930;602.930;602.930;602.930;602.930;602.930;602.930;602.930;602.930;602.930	0.000	602.930	0.000	602.930	0.000	0.000	0.000;0.000;0.000;0.000;0.000;0.000;0.000;0.000;0.000;0.000;0.000;0.000;0.000;0.000;0.000;0.000;0.000;0.000;0.000;0.000;0.000;0.000;0.000;0.000;0.000;0.000;0.000;0.000;0.000;0.000;0.000;0.000		-26.16	204.9509	0.7576			38.99	8821	204.8522	0.2424	204.8174	0.0606	204.9451	0.7273	204.9857	0.9394	203_f0-600_ncomp-22_neg.wav_1	f0 600	22_n
205	Spectrogram 1	1	205.800000000	206.000000000	200ms_schroeder_master.wav	/home/m/Dropbox/Projects/acoustic_fine_features_zebra_finch/data/processed/200ms_schroeder_master.wav	205.8000	550.000	13885.240	5.696		5.710	-33.13	6546.094	11455.664	205.8000		205.8000	9075780	0	9075780	7149.023	205.8971	0.4848	13335.240		0.2000	0.0987	0.1683	206.0000		200ms_schroeder_master.wav	9084600	/home/m/Dropbox/Projects/acoustic_fine_features_zebra_finch/data/processed/200ms_schroeder_master.wav	9084600	28.167		3617.578	1205.859	10163.672	12661.523	1205.859;1205.859;1205.859;1205.859;1205.859;1205.859;1205.859;1205.859;1205.859;1205.859;1205.859;1205.859;1205.859;1205.859;1205.859;1205.859;1205.859;1205.859;1205.859;1205.859;1205.859;1205.859;1205.859;1205.859;1205.859;1205.859;1205.859;1205.859;1205.859;1205.859;1205.859;1205.859;1205.859	3617.578;3617.578;3617.578;3617.578;3617.578;3617.578;3617.578;3617.578;3617.578;3617.578;3617.578;3617.578;3617.578;3617.578;3617.578;3617.578;3617.578;3617.578;3617.578;3617.578;3617.578;3617.578;3617.578;3617.578;3617.578;3617.578;3617.578;3617.578;3617.578;3617.578;3617.578;3617.578;3617.578	7149.023;7149.023;7149.023;7149.023;7149.023;7149.023;7149.023;7149.023;7149.023;7149.023;7149.023;7149.023;7149.023;7149.023;7149.023;7149.023;7149.023;7149.023;7149.023;7149.023;7149.023;7149.023;7149.023;7149.023;7149.023;7149.023;7149.023;7149.023;7149.023;7149.023;7149.023;7149.023;7149.023	10163.672;10163.672;10163.672;10163.672;10163.672;10163.672;10163.672;10163.672;10163.672;10163.672;10163.672;10163.672;10163.672;10163.672;10163.672;10163.672;10163.672;10163.672;10163.672;10163.672;10163.672;10163.672;10163.672;10163.672;10163.672;10163.672;10163.672;10163.672;10163.672;10163.672;10163.672;10163.672;10249.805	12661.523;12661.523;12661.523;12661.523;12661.523;12661.523;12661.523;12661.523;12661.523;12661.523;12661.523;12661.523;12661.523;12661.523;12661.523;12661.523;12661.523;12661.523;12661.523;12661.523;12661.523;12661.523;12661.523;12661.523;12661.523;12661.523;12661.523;12661.523;12661.523;12661.523;12661.523;12661.523;12661.523	-11.23	34				6.046	602.930	205.8507		5.684				602.930	602.930;602.930;602.930;602.930;602.930;602.930;602.930;602.930;602.930;602.930;602.930;602.930;602.930;602.930;602.930;602.930;602.930;602.930;602.930;602.930;602.930;602.930;602.930;602.930;602.930;602.930;602.930;602.930;602.930;602.930;602.930;602.930;602.930	0.000	602.930	0.000	602.930	0.000	0.000	0.000;0.000;0.000;0.000;0.000;0.000;0.000;0.000;0.000;0.000;0.000;0.000;0.000;0.000;0.000;0.000;0.000;0.000;0.000;0.000;0.000;0.000;0.000;0.000;0.000;0.000;0.000;0.000;0.000;0.000;0.000;0.000		-26.16	205.8507	0.2424			38.85	8821	205.8507	0.2424	205.8159	0.0606	205.9494	0.7576	205.9842	0.9394	204_f0-600_ncomp-22_pos.wav_1	f0 600	22_p
206	Spectrogram 1	1	206.800000000	207.000000000	200ms_schroeder_master.wav	/home/m/Dropbox/Projects/acoustic_fine_features_zebra_finch/data/processed/200ms_schroeder_master.wav	206.8000	550.000	14510.228	5.761		5.777	-33.27	7149.023	12058.594	206.8000		206.8000	9119880	0	9119880	7235.156	206.9014	0.5152	13960.228		0.2000	0.0929	0.1683	207.0000		200ms_schroeder_master.wav	9128700	/home/m/Dropbox/Projects/acoustic_fine_features_zebra_finch/data/processed/200ms_schroeder_master.wav	9128700	28.227		3617.578	1205.859	10766.602	13264.453	1205.859;1205.859;1205.859;1205.859;1205.859;1205.859;1205.859;1205.859;1205.859;1205.859;1205.859;1205.859;1205.859;1205.859;1205.859;1205.859;1205.859;1205.859;1205.859;1205.859;1205.859;1205.859;1205.859;1205.859;1205.859;1205.859;1205.859;1205.859;1205.859;1205.859;1205.859;1205.859;1205.859	3703.711;3617.578;3617.578;3617.578;3617.578;3617.578;3617.578;3617.578;3617.578;3617.578;3617.578;3617.578;3617.578;3617.578;3617.578;3617.578;3617.578;3617.578;3617.578;3617.578;3617.578;3617.578;3617.578;3617.578;3617.578;3617.578;3617.578;3617.578;3617.578;3617.578;3617.578;3617.578;3703.711	7235.156;7235.156;7235.156;7235.156;7235.156;7235.156;7235.156;7235.156;7235.156;7235.156;7235.156;7235.156;7235.156;7235.156;7235.156;7235.156;7235.156;7235.156;7235.156;7235.156;7235.156;7235.156;7235.156;7235.156;7235.156;7235.156;7235.156;7235.156;7235.156;7235.156;7235.156;7235.156;7235.156	10766.602;10766.602;10766.602;10766.602;10766.602;10766.602;10766.602;10766.602;10766.602;10766.602;10766.602;10766.602;10766.602;10766.602;10766.602;10766.602;10766.602;10766.602;10766.602;10766.602;10766.602;10766.602;10766.602;10766.602;10766.602;10766.602;10766.602;10766.602;10766.602;10766.602;10766.602;10766.602;10766.602	13264.453;13264.453;13264.453;13264.453;13264.453;13264.453;13264.453;13264.453;13264.453;13264.453;13264.453;13264.453;13264.453;13264.453;13264.453;13264.453;13264.453;13264.453;13264.453;13264.453;13264.453;13264.453;13264.453;13264.453;13264.453;13264.453;13264.453;13264.453;13264.453;13264.453;13264.453;13264.453;13264.453	-11.17	34				6.262	602.930	206.8259		5.749				602.930	602.930;602.930;602.930;602.930;602.930;602.930;602.930;602.930;602.930;602.930;602.930;602.930;602.930;602.930;602.930;602.930;602.930;602.930;602.930;602.930;602.930;602.930;602.930;602.930;602.930;602.930;602.930;602.930;602.930;602.930;602.930;602.930;602.930	0.000	602.930	0.000	602.930	0.000	0.000	0.000;0.000;0.000;0.000;0.000;0.000;0.000;0.000;0.000;0.000;0.000;0.000;0.000;0.000;0.000;0.000;0.000;0.000;0.000;0.000;0.000;0.000;0.000;0.000;0.000;0.000;0.000;0.000;0.000;0.000;0.000;0.000		-26.29	206.8259	0.1212			38.89	8821	206.8550	0.2727	206.8143	0.0606	206.9478	0.7576	206.9827	0.9394	205_f0-600_ncomp-23_neg.wav_1	f0 600	23_n
207	Spectrogram 1	1	207.800000000	208.000000000	200ms_schroeder_master.wav	/home/m/Dropbox/Projects/acoustic_fine_features_zebra_finch/data/processed/200ms_schroeder_master.wav	207.8000	550.000	14510.228	5.761		5.802	-33.39	7149.023	12058.594	207.8000		207.8000	9163980	0	9163980	7235.156	207.8999	0.5000	13960.228		0.2000	0.0929	0.1741	208.0000		200ms_schroeder_master.wav	9172800	/home/m/Dropbox/Projects/acoustic_fine_features_zebra_finch/data/processed/200ms_schroeder_master.wav	9172800	28.227		3617.578	1205.859	10766.602	13264.453	1205.859;1205.859;1205.859;1205.859;1205.859;1205.859;1205.859;1205.859;1205.859;1205.859;1205.859;1205.859;1205.859;1205.859;1205.859;1205.859;1205.859;1205.859;1205.859;1205.859;1205.859;1205.859;1205.859;1205.859;1205.859;1205.859;1205.859;1205.859;1205.859;1205.859;1205.859;1205.859;1205.859;1205.859	3703.711;3617.578;3617.578;3617.578;3617.578;3617.578;3617.578;3617.578;3617.578;3617.578;3617.578;3617.578;3617.578;3617.578;3617.578;3617.578;3617.578;3617.578;3617.578;3617.578;3617.578;3617.578;3617.578;3617.578;3617.578;3617.578;3617.578;3617.578;3617.578;3617.578;3617.578;3617.578;3703.711;3703.711	7235.156;7235.156;7235.156;7235.156;7235.156;7235.156;7235.156;7235.156;7235.156;7235.156;7235.156;7235.156;7235.156;7235.156;7235.156;7235.156;7235.156;7235.156;7235.156;7235.156;7235.156;7235.156;7235.156;7235.156;7235.156;7235.156;7235.156;7235.156;7235.156;7235.156;7235.156;7235.156;7235.156;7235.156	10766.602;10766.602;10766.602;10766.602;10766.602;10766.602;10766.602;10766.602;10766.602;10766.602;10766.602;10766.602;10766.602;10766.602;10766.602;10766.602;10766.602;10766.602;10766.602;10766.602;10766.602;10766.602;10766.602;10766.602;10766.602;10766.602;10766.602;10766.602;10766.602;10766.602;10766.602;10766.602;10766.602;10766.602	13264.453;13264.453;13264.453;13264.453;13264.453;13264.453;13264.453;13264.453;13264.453;13264.453;13264.453;13264.453;13264.453;13264.453;13264.453;13264.453;13264.453;13264.453;13264.453;13264.453;13264.453;13264.453;13264.453;13264.453;13264.453;13264.453;13264.453;13264.453;13264.453;13264.453;13264.453;13264.453;13264.453;13264.453	-11.30	35				6.489	602.930	207.8940		5.749				602.930	602.930;602.930;602.930;602.930;602.930;602.930;602.930;602.930;602.930;602.930;602.930;602.930;602.930;602.930;602.930;602.930;602.930;602.930;602.930;602.930;602.930;602.930;602.930;602.930;602.930;602.930;602.930;602.930;602.930;602.930;602.930;602.930;602.930;602.930	0.000	602.930	0.000	602.930	0.000	0.000	0.000;0.000;0.000;0.000;0.000;0.000;0.000;0.000;0.000;0.000;0.000;0.000;0.000;0.000;0.000;0.000;0.000;0.000;0.000;0.000;0.000;0.000;0.000;0.000;0.000;0.000;0.000;0.000;0.000;0.000;0.000;0.000;0.000		-26.29	207.8940	0.4706			38.83	8821	207.8534	0.2647	207.8128	0.0588	207.9463	0.7353	207.9869	0.9412	206_f0-600_ncomp-23_pos.wav_1	f0 600	23_p
208	Spectrogram 1	1	208.800000000	209.000000000	200ms_schroeder_master.wav	/home/m/Dropbox/Projects/acoustic_fine_features_zebra_finch/data/processed/200ms_schroeder_master.wav	208.8000	550.000	15045.932	5.823		5.839	-33.54	7235.156	12661.523	208.8000		208.8000	9208080	0	9208080	7751.953	208.8983	0.4848	14495.932		0.2000	0.0929	0.1683	209.0000		200ms_schroeder_master.wav	9216900	/home/m/Dropbox/Projects/acoustic_fine_features_zebra_finch/data/processed/200ms_schroeder_master.wav	9216900	28.112		4134.375	1205.859	11369.531	13867.383	1205.859;1205.859;1205.859;1205.859;1205.859;1205.859;1205.859;1205.859;1205.859;1205.859;1205.859;1205.859;1205.859;1205.859;1205.859;1205.859;1205.859;1205.859;1205.859;1205.859;1205.859;1205.859;1205.859;1205.859;1205.859;1205.859;1205.859;1205.859;1205.859;1205.859;1205.859;1205.859;1205.859	4134.375;4134.375;4134.375;4134.375;4134.375;4134.375;4134.375;4134.375;4134.375;4134.375;4134.375;4134.375;4134.375;4134.375;4134.375;4134.375;4134.375;4134.375;4134.375;4134.375;4134.375;4134.375;4134.375;4134.375;4134.375;4134.375;4134.375;4134.375;4134.375;4134.375;4134.375;4134.375;4134.375	7751.953;7751.953;7751.953;7751.953;7751.953;7751.953;7751.953;7751.953;7751.953;7751.953;7751.953;7751.953;7751.953;7751.953;7751.953;7751.953;7751.953;7751.953;7751.953;7751.953;7751.953;7751.953;7751.953;7751.953;7751.953;7751.953;7751.953;7751.953;7751.953;7751.953;7751.953;7751.953;7751.953	11283.398;11369.531;11369.531;11369.531;11369.531;11369.531;11369.531;11369.531;11369.531;11369.531;11369.531;11369.531;11369.531;11369.531;11369.531;11369.531;11369.531;11369.531;11369.531;11369.531;11369.531;11369.531;11369.531;11369.531;11369.531;11369.531;11369.531;11369.531;11369.531;11369.531;11369.531;11283.398;11283.398	13867.383;13867.383;13867.383;13867.383;13867.383;13867.383;13867.383;13867.383;13867.383;13867.383;13867.383;13867.383;13867.383;13867.383;13867.383;13867.383;13867.383;13867.383;13867.383;13867.383;13867.383;13867.383;13867.383;13867.383;13867.383;13867.383;13867.383;13867.383;13867.383;13867.383;13867.383;13867.383;13867.383	-11.29	34				6.294	602.930	208.8809		5.812				602.930	602.930;602.930;602.930;602.930;602.930;602.930;602.930;602.930;602.930;602.930;602.930;602.930;602.930;602.930;602.930;602.930;602.930;602.930;602.930;602.930;602.930;602.930;602.930;602.930;602.930;602.930;602.930;602.930;602.930;602.930;602.930;602.930;602.930	0.000	602.930	0.000	602.930	0.000	0.000	0.000;0.000;0.000;0.000;0.000;0.000;0.000;0.000;0.000;0.000;0.000;0.000;0.000;0.000;0.000;0.000;0.000;0.000;0.000;0.000;0.000;0.000;0.000;0.000;0.000;0.000;0.000;0.000;0.000;0.000;0.000;0.000		-26.60	208.8809	0.3939			38.75	8821	208.8519	0.2424	208.8170	0.0606	208.9448	0.7273	208.9854	0.9394	207_f0-600_ncomp-24_neg.wav_1	f0 600	24_n
209	Spectrogram 1	1	209.800000000	210.000000000	200ms_schroeder_master.wav	/home/m/Dropbox/Projects/acoustic_fine_features_zebra_finch/data/processed/200ms_schroeder_master.wav	209.8000	550.000	15045.932	5.823		5.838	-33.54	7235.156	12661.523	209.8000		209.8000	9252180	0	9252180	7751.953	209.9026	0.5152	14495.932		0.2000	0.0987	0.1683	210.0000		200ms_schroeder_master.wav	9261000	/home/m/Dropbox/Projects/acoustic_fine_features_zebra_finch/data/processed/200ms_schroeder_master.wav	9261000	28.112		4134.375	1205.859	11369.531	13867.383	1205.859;1205.859;1205.859;1205.859;1205.859;1205.859;1205.859;1205.859;1205.859;1205.859;1205.859;1205.859;1205.859;1205.859;1205.859;1205.859;1205.859;1205.859;1205.859;1205.859;1205.859;1205.859;1205.859;1205.859;1205.859;1205.859;1205.859;1205.859;1205.859;1205.859;1205.859;1205.859;1205.859	4134.375;4134.375;4134.375;4134.375;4134.375;4134.375;4134.375;4134.375;4134.375;4134.375;4134.375;4134.375;4134.375;4134.375;4134.375;4134.375;4134.375;4134.375;4134.375;4134.375;4134.375;4134.375;4134.375;4134.375;4134.375;4134.375;4134.375;4134.375;4134.375;4134.375;4134.375;4134.375;4134.375	7751.953;7751.953;7751.953;7751.953;7751.953;7751.953;7751.953;7751.953;7751.953;7751.953;7751.953;7751.953;7751.953;7751.953;7751.953;7751.953;7751.953;7751.953;7751.953;7751.953;7751.953;7751.953;7751.953;7751.953;7751.953;7751.953;7751.953;7751.953;7751.953;7751.953;7751.953;7751.953;7751.953	11283.398;11283.398;11369.531;11369.531;11369.531;11369.531;11369.531;11369.531;11369.531;11369.531;11369.531;11369.531;11369.531;11369.531;11369.531;11369.531;11369.531;11369.531;11369.531;11369.531;11369.531;11369.531;11369.531;11369.531;11369.531;11369.531;11369.531;11369.531;11369.531;11369.531;11369.531;11369.531;11283.398	13867.383;13867.383;13867.383;13867.383;13867.383;13867.383;13867.383;13867.383;13867.383;13867.383;13867.383;13867.383;13867.383;13867.383;13867.383;13867.383;13867.383;13867.383;13867.383;13867.383;13867.383;13867.383;13867.383;13867.383;13867.383;13867.383;13867.383;13867.383;13867.383;13867.383;13867.383;13867.383;13867.383	-11.29	34				6.197	602.930	209.9490		5.812				602.930	602.930;602.930;602.930;602.930;602.930;602.930;602.930;602.930;602.930;602.930;602.930;602.930;602.930;602.930;602.930;602.930;602.930;602.930;602.930;602.930;602.930;602.930;602.930;602.930;602.930;602.930;602.930;602.930;602.930;602.930;602.930;602.930;602.930	0.000	602.930	0.000	602.930	0.000	0.000	0.000;0.000;0.000;0.000;0.000;0.000;0.000;0.000;0.000;0.000;0.000;0.000;0.000;0.000;0.000;0.000;0.000;0.000;0.000;0.000;0.000;0.000;0.000;0.000;0.000;0.000;0.000;0.000;0.000;0.000;0.000;0.000		-26.60	209.9490	0.7576			38.79	8821	209.8503	0.2424	209.8155	0.0606	209.9490	0.7576	209.9838	0.9394	208_f0-600_ncomp-24_pos.wav_1	f0 600	24_p
210	Spectrogram 1	1	210.800000000	211.000000000	200ms_schroeder_master.wav	/home/m/Dropbox/Projects/acoustic_fine_features_zebra_finch/data/processed/200ms_schroeder_master.wav	210.8000	550.000	15670.920	5.883		5.926	-33.49	7235.156	13264.453	210.8000		210.8000	9296280	0	9296280	7838.086	210.9010	0.5000	15120.920		0.2000	0.0929	0.1683	211.0000		200ms_schroeder_master.wav	9305100	/home/m/Dropbox/Projects/acoustic_fine_features_zebra_finch/data/processed/200ms_schroeder_master.wav	9305100	28.468		4220.508	1205.859	11455.664	14470.312	1205.859;1205.859;1205.859;1205.859;1205.859;1205.859;1205.859;1205.859;1205.859;1205.859;1205.859;1205.859;1205.859;1205.859;1205.859;1205.859;1205.859;1205.859;1205.859;1205.859;1205.859;1205.859;1205.859;1205.859;1205.859;1205.859;1205.859;1205.859;1205.859;1205.859;1205.859;1205.859;1205.859;1205.859	4220.508;4220.508;4220.508;4220.508;4220.508;4220.508;4220.508;4220.508;4220.508;4220.508;4220.508;4220.508;4220.508;4220.508;4220.508;4220.508;4220.508;4220.508;4220.508;4220.508;4220.508;4220.508;4220.508;4220.508;4220.508;4220.508;4220.508;4220.508;4220.508;4220.508;4220.508;4220.508;4220.508;4220.508	7838.086;7838.086;7838.086;7838.086;7838.086;7838.086;7838.086;7838.086;7838.086;7838.086;7838.086;7838.086;7838.086;7838.086;7838.086;7838.086;7838.086;7838.086;7838.086;7838.086;7838.086;7838.086;7838.086;7838.086;7838.086;7838.086;7838.086;7838.086;7838.086;7838.086;7838.086;7838.086;7838.086;7838.086	11455.664;11455.664;11455.664;11455.664;11455.664;11455.664;11455.664;11455.664;11455.664;11455.664;11455.664;11455.664;11455.664;11455.664;11455.664;11455.664;11455.664;11455.664;11455.664;11455.664;11455.664;11455.664;11455.664;11455.664;11455.664;11455.664;11455.664;11455.664;11455.664;11455.664;11455.664;11455.664;11455.664;11455.664	14470.312;14470.312;14470.312;14470.312;14470.312;14470.312;14470.312;14470.312;14470.312;14470.312;14470.312;14470.312;14470.312;14470.312;14470.312;14470.312;14470.312;14470.312;14470.312;14470.312;14470.312;14470.312;14470.312;14470.312;14470.312;14470.312;14470.312;14470.312;14470.312;14470.312;14470.312;14470.312;14470.312;14470.312	-11.05	35				6.787	602.930	210.9243		5.872				602.930	602.930;602.930;602.930;602.930;602.930;602.930;602.930;602.930;602.930;602.930;602.930;602.930;602.930;602.930;602.930;602.930;602.930;602.930;602.930;602.930;602.930;602.930;602.930;602.930;602.930;602.930;602.930;602.930;602.930;602.930;602.930;602.930;602.930;1808.789	6.295	1808.789	207.728	602.930	0.000	0.000	0.000;0.000;0.000;0.000;0.000;0.000;0.000;0.000;0.000;0.000;0.000;0.000;0.000;0.000;0.000;0.000;0.000;0.000;0.000;0.000;0.000;0.000;0.000;0.000;0.000;0.000;0.000;0.000;0.000;0.000;0.000;0.000;207.728		-26.42	210.9243	0.6176			38.93	8821	210.8546	0.2647	210.8140	0.0588	210.9475	0.7353	210.9823	0.9118	209_f0-600_ncomp-25_neg.wav_1	f0 600	25_n
211	Spectrogram 1	1	211.800000000	212.000000000	200ms_schroeder_master.wav	/home/m/Dropbox/Projects/acoustic_fine_features_zebra_finch/data/processed/200ms_schroeder_master.wav	211.8000	550.000	15670.920	5.883		5.925	-33.49	7235.156	13264.453	211.8000		211.8000	9340380	0	9340380	7838.086	211.8995	0.5000	15120.920		0.2000	0.0929	0.1683	212.0000		200ms_schroeder_master.wav	9349200	/home/m/Dropbox/Projects/acoustic_fine_features_zebra_finch/data/processed/200ms_schroeder_master.wav	9349200	28.468		4220.508	1205.859	11455.664	14470.312	1205.859;1205.859;1205.859;1205.859;1205.859;1205.859;1205.859;1205.859;1205.859;1205.859;1205.859;1205.859;1205.859;1205.859;1205.859;1205.859;1205.859;1205.859;1205.859;1205.859;1205.859;1205.859;1205.859;1205.859;1205.859;1205.859;1205.859;1205.859;1205.859;1205.859;1205.859;1205.859;1205.859;1205.859	4220.508;4220.508;4220.508;4220.508;4220.508;4220.508;4220.508;4220.508;4220.508;4220.508;4220.508;4220.508;4220.508;4220.508;4220.508;4220.508;4220.508;4220.508;4220.508;4220.508;4220.508;4220.508;4220.508;4220.508;4220.508;4220.508;4220.508;4220.508;4220.508;4220.508;4220.508;4220.508;4220.508;4220.508	7838.086;7838.086;7838.086;7838.086;7838.086;7838.086;7838.086;7838.086;7838.086;7838.086;7838.086;7838.086;7838.086;7838.086;7838.086;7838.086;7838.086;7838.086;7838.086;7838.086;7838.086;7838.086;7838.086;7838.086;7838.086;7838.086;7838.086;7838.086;7838.086;7838.086;7838.086;7838.086;7838.086;7838.086	11455.664;11455.664;11455.664;11455.664;11455.664;11455.664;11455.664;11455.664;11455.664;11455.664;11455.664;11455.664;11455.664;11455.664;11455.664;11455.664;11455.664;11455.664;11455.664;11455.664;11455.664;11455.664;11455.664;11455.664;11455.664;11455.664;11455.664;11455.664;11455.664;11455.664;11455.664;11455.664;11455.664;11455.664	14470.312;14470.312;14470.312;14470.312;14470.312;14470.312;14470.312;14470.312;14470.312;14470.312;14470.312;14470.312;14470.312;14470.312;14470.312;14470.312;14470.312;14470.312;14470.312;14470.312;14470.312;14470.312;14470.312;14470.312;14470.312;14470.312;14470.312;14470.312;14470.312;14470.312;14470.312;14470.312;14470.312;14470.312	-11.05	35				6.677	602.930	211.8240		5.872				602.930	602.930;602.930;602.930;602.930;602.930;602.930;602.930;602.930;602.930;602.930;602.930;602.930;602.930;602.930;602.930;602.930;602.930;602.930;602.930;602.930;602.930;602.930;602.930;602.930;602.930;602.930;602.930;602.930;602.930;602.930;602.930;602.930;602.930;602.930	0.000	602.930	0.000	602.930	0.000	0.000	0.000;0.000;0.000;0.000;0.000;0.000;0.000;0.000;0.000;0.000;0.000;0.000;0.000;0.000;0.000;0.000;0.000;0.000;0.000;0.000;0.000;0.000;0.000;0.000;0.000;0.000;0.000;0.000;0.000;0.000;0.000;0.000;0.000		-26.42	211.8240	0.1176			38.93	8821	211.8530	0.2647	211.8182	0.0882	211.9459	0.7353	211.9866	0.9412	210_f0-600_ncomp-25_pos.wav_1	f0 600	25_p
212	Spectrogram 1	1	212.800000000	213.000000000	200ms_schroeder_master.wav	/home/m/Dropbox/Projects/acoustic_fine_features_zebra_finch/data/processed/200ms_schroeder_master.wav	212.8000	650.000	3796.146	3.504		3.518	-27.05	1464.258	2842.383	212.8000		212.8000	9384480	0	9384480	2067.188	212.8979	0.4848	3146.146		0.2000	0.0929	0.1683	213.0000		200ms_schroeder_master.wav	9393300	/home/m/Dropbox/Projects/acoustic_fine_features_zebra_finch/data/processed/200ms_schroeder_master.wav	9393300	28.027		1378.125	689.062	2842.383	3531.445	689.062;689.062;689.062;689.062;689.062;689.062;689.062;689.062;689.062;689.062;689.062;689.062;689.062;689.062;689.062;689.062;689.062;689.062;689.062;689.062;689.062;689.062;689.062;689.062;689.062;689.062;689.062;689.062;689.062;689.062;689.062;689.062;689.062	1378.125;1378.125;1378.125;1378.125;1378.125;1378.125;1378.125;1378.125;1378.125;1378.125;1378.125;1378.125;1378.125;1378.125;1378.125;1378.125;1378.125;1378.125;1378.125;1378.125;1378.125;1378.125;1378.125;1378.125;1378.125;1378.125;1378.125;1378.125;1378.125;1378.125;1378.125;1378.125;1378.125	2067.188;2067.188;2067.188;2067.188;2067.188;2067.188;2067.188;2067.188;2067.188;2067.188;2067.188;2067.188;2067.188;2067.188;2067.188;2067.188;2067.188;2067.188;2067.188;2067.188;2067.188;2067.188;2067.188;2067.188;2067.188;2067.188;2067.188;2067.188;2067.188;2067.188;2067.188;2067.188;2153.320	2842.383;2842.383;2842.383;2842.383;2842.383;2842.383;2842.383;2842.383;2842.383;2842.383;2842.383;2842.383;2842.383;2842.383;2842.383;2842.383;2842.383;2842.383;2842.383;2842.383;2842.383;2842.383;2842.383;2842.383;2842.383;2842.383;2842.383;2842.383;2842.383;2842.383;2842.383;2842.383;2842.383	3531.445;3531.445;3531.445;3531.445;3531.445;3531.445;3531.445;3531.445;3531.445;3531.445;3531.445;3531.445;3531.445;3531.445;3531.445;3531.445;3531.445;3531.445;3531.445;3531.445;3531.445;3531.445;3531.445;3531.445;3531.445;3531.445;3531.445;3531.445;3531.445;3531.445;3531.445;3531.445;3531.445	-11.37	34				3.915	689.062	212.9038		3.493				689.062	689.062;689.062;689.062;689.062;689.062;689.062;689.062;689.062;689.062;689.062;689.062;689.062;689.062;689.062;689.062;689.062;689.062;689.062;689.062;689.062;689.062;689.062;689.062;689.062;689.062;689.062;689.062;689.062;689.062;689.062;689.062;689.062;689.062	0.000	689.062	0.000	689.062	0.000	0.000	0.000;0.000;0.000;0.000;0.000;0.000;0.000;0.000;0.000;0.000;0.000;0.000;0.000;0.000;0.000;0.000;0.000;0.000;0.000;0.000;0.000;0.000;0.000;0.000;0.000;0.000;0.000;0.000;0.000;0.000;0.000;0.000		-19.89	212.9038	0.5152			40.94	8821	212.8515	0.2424	212.8167	0.0606	212.9444	0.7273	212.9850	0.9394	211_f0-700_ncomp-5_neg.wav_1	f0 700	5_n
213	Spectrogram 1	1	213.800000000	214.000000000	200ms_schroeder_master.wav	/home/m/Dropbox/Projects/acoustic_fine_features_zebra_finch/data/processed/200ms_schroeder_master.wav	213.8000	650.000	3796.146	3.504		3.518	-27.05	1464.258	2842.383	213.8000		213.8000	9428580	0	9428580	2067.188	213.9022	0.5152	3146.146		0.2000	0.0929	0.1683	214.0000		200ms_schroeder_master.wav	9437400	/home/m/Dropbox/Projects/acoustic_fine_features_zebra_finch/data/processed/200ms_schroeder_master.wav	9437400	28.027		1378.125	689.062	2842.383	3531.445	689.062;689.062;689.062;689.062;689.062;689.062;689.062;689.062;689.062;689.062;689.062;689.062;689.062;689.062;689.062;689.062;689.062;689.062;689.062;689.062;689.062;689.062;689.062;689.062;689.062;689.062;689.062;689.062;689.062;689.062;689.062;689.062;689.062	1378.125;1378.125;1378.125;1378.125;1378.125;1378.125;1378.125;1378.125;1378.125;1378.125;1378.125;1378.125;1378.125;1378.125;1378.125;1378.125;1378.125;1378.125;1378.125;1378.125;1378.125;1378.125;1378.125;1378.125;1378.125;1378.125;1378.125;1378.125;1378.125;1378.125;1378.125;1378.125;1378.125	2067.188;2067.188;2067.188;2067.188;2067.188;2067.188;2067.188;2067.188;2067.188;2067.188;2067.188;2067.188;2067.188;2067.188;2067.188;2067.188;2067.188;2067.188;2067.188;2067.188;2067.188;2067.188;2067.188;2067.188;2067.188;2067.188;2067.188;2067.188;2067.188;2067.188;2067.188;2067.188;2153.320	2842.383;2842.383;2842.383;2842.383;2842.383;2842.383;2842.383;2842.383;2842.383;2842.383;2842.383;2842.383;2842.383;2842.383;2842.383;2842.383;2842.383;2842.383;2842.383;2842.383;2842.383;2842.383;2842.383;2842.383;2842.383;2842.383;2842.383;2842.383;2842.383;2842.383;2842.383;2842.383;2842.383	3531.445;3531.445;3531.445;3531.445;3531.445;3531.445;3531.445;3531.445;3531.445;3531.445;3531.445;3531.445;3531.445;3531.445;3531.445;3531.445;3531.445;3531.445;3531.445;3531.445;3531.445;3531.445;3531.445;3531.445;3531.445;3531.445;3531.445;3531.445;3531.445;3531.445;3531.445;3531.445;3531.445	-11.37	34				3.895	689.062	213.8848		3.493				689.062	689.062;689.062;689.062;689.062;689.062;689.062;689.062;689.062;689.062;689.062;689.062;689.062;689.062;689.062;689.062;689.062;689.062;689.062;689.062;689.062;689.062;689.062;689.062;689.062;689.062;689.062;689.062;689.062;689.062;689.062;689.062;689.062;689.062	0.000	689.062	0.000	689.062	0.000	0.000	0.000;0.000;0.000;0.000;0.000;0.000;0.000;0.000;0.000;0.000;0.000;0.000;0.000;0.000;0.000;0.000;0.000;0.000;0.000;0.000;0.000;0.000;0.000;0.000;0.000;0.000;0.000;0.000;0.000;0.000;0.000;0.000		-19.89	213.8848	0.4242			40.92	8821	213.8558	0.2727	213.8151	0.0606	213.9487	0.7576	213.9835	0.9394	212_f0-700_ncomp-5_pos.wav_1	f0 700	5_p
214	Spectrogram 1	1	214.800000000	215.000000000	200ms_schroeder_master.wav	/home/m/Dropbox/Projects/acoustic_fine_features_zebra_finch/data/processed/200ms_schroeder_master.wav	214.8000	650.000	4510.418	3.780		3.821	-28.72	2153.320	3531.445	214.8000		214.8000	9472680	0	9472680	2756.250	214.9007	0.5000	3860.418		0.2000	0.0929	0.1683	215.0000		200ms_schroeder_master.wav	9481500	/home/m/Dropbox/Projects/acoustic_fine_features_zebra_finch/data/processed/200ms_schroeder_master.wav	9481500	27.331		1378.125	689.062	3531.445	4220.508	689.062;689.062;689.062;689.062;689.062;689.062;689.062;689.062;689.062;689.062;689.062;689.062;689.062;689.062;689.062;689.062;689.062;689.062;689.062;689.062;689.062;689.062;689.062;689.062;689.062;689.062;689.062;689.062;689.062;689.062;689.062;689.062;689.062;689.062	1378.125;1378.125;1378.125;1378.125;1378.125;1378.125;1378.125;1378.125;1378.125;1378.125;1378.125;1378.125;1378.125;1378.125;1378.125;1378.125;1378.125;1378.125;1378.125;1378.125;1378.125;1378.125;1378.125;1378.125;1378.125;1378.125;1378.125;1378.125;1378.125;1378.125;1378.125;1378.125;1378.125;1464.258	2756.250;2756.250;2756.250;2756.250;2756.250;2756.250;2756.250;2756.250;2756.250;2756.250;2756.250;2756.250;2756.250;2756.250;2756.250;2756.250;2756.250;2756.250;2756.250;2756.250;2756.250;2756.250;2756.250;2756.250;2756.250;2756.250;2756.250;2756.250;2756.250;2756.250;2756.250;2756.250;2756.250;2670.117	3531.445;3531.445;3531.445;3531.445;3531.445;3531.445;3531.445;3531.445;3531.445;3531.445;3531.445;3531.445;3531.445;3531.445;3531.445;3531.445;3531.445;3531.445;3531.445;3531.445;3531.445;3531.445;3531.445;3531.445;3531.445;3531.445;3531.445;3531.445;3531.445;3531.445;3531.445;3531.445;3531.445;3531.445	4220.508;4220.508;4220.508;4220.508;4220.508;4220.508;4220.508;4220.508;4220.508;4220.508;4220.508;4220.508;4220.508;4220.508;4220.508;4220.508;4220.508;4220.508;4220.508;4220.508;4220.508;4220.508;4220.508;4220.508;4220.508;4220.508;4220.508;4220.508;4220.508;4220.508;4220.508;4220.508;4220.508;4220.508	-12.19	35				4.590	689.062	214.9065		3.770				689.062	689.062;689.062;689.062;689.062;689.062;689.062;689.062;689.062;689.062;689.062;689.062;689.062;689.062;689.062;689.062;689.062;689.062;689.062;689.062;689.062;689.062;689.062;689.062;689.062;689.062;689.062;689.062;689.062;689.062;689.062;689.062;689.062;689.062;689.062	0.000	689.062	0.000	689.062	0.000	0.000	0.000;0.000;0.000;0.000;0.000;0.000;0.000;0.000;0.000;0.000;0.000;0.000;0.000;0.000;0.000;0.000;0.000;0.000;0.000;0.000;0.000;0.000;0.000;0.000;0.000;0.000;0.000;0.000;0.000;0.000;0.000;0.000;0.000		-21.39	214.9065	0.5294			40.76	8821	214.8542	0.2647	214.8136	0.0588	214.9471	0.7353	214.9819	0.9118	213_f0-700_ncomp-6_neg.wav_1	f0 700	6_n
215	Spectrogram 1	1	215.800000000	216.000000000	200ms_schroeder_master.wav	/home/m/Dropbox/Projects/acoustic_fine_features_zebra_finch/data/processed/200ms_schroeder_master.wav	215.8000	650.000	4510.418	3.780		3.821	-28.72	2153.320	3531.445	215.8000		215.8000	9516780	0	9516780	2756.250	215.8991	0.5000	3860.418		0.2000	0.0929	0.1683	216.0000		200ms_schroeder_master.wav	9525600	/home/m/Dropbox/Projects/acoustic_fine_features_zebra_finch/data/processed/200ms_schroeder_master.wav	9525600	27.331		1378.125	689.062	3531.445	4220.508	689.062;689.062;689.062;689.062;689.062;689.062;689.062;689.062;689.062;689.062;689.062;689.062;689.062;689.062;689.062;689.062;689.062;689.062;689.062;689.062;689.062;689.062;689.062;689.062;689.062;689.062;689.062;689.062;689.062;689.062;689.062;689.062;689.062;689.062	1378.125;1378.125;1378.125;1378.125;1378.125;1378.125;1378.125;1378.125;1378.125;1378.125;1378.125;1378.125;1378.125;1378.125;1378.125;1378.125;1378.125;1378.125;1378.125;1378.125;1378.125;1378.125;1378.125;1378.125;1378.125;1378.125;1378.125;1378.125;1378.125;1378.125;1378.125;1378.125;1378.125;1464.258	2756.250;2756.250;2756.250;2756.250;2756.250;2756.250;2756.250;2756.250;2756.250;2756.250;2756.250;2756.250;2756.250;2756.250;2756.250;2756.250;2756.250;2756.250;2756.250;2756.250;2756.250;2756.250;2756.250;2756.250;2756.250;2756.250;2756.250;2756.250;2756.250;2756.250;2756.250;2756.250;2756.250;2756.250	3531.445;3531.445;3531.445;3531.445;3531.445;3531.445;3531.445;3531.445;3531.445;3531.445;3531.445;3531.445;3531.445;3531.445;3531.445;3531.445;3531.445;3531.445;3531.445;3531.445;3531.445;3531.445;3531.445;3531.445;3531.445;3531.445;3531.445;3531.445;3531.445;3531.445;3531.445;3531.445;3531.445;3531.445	4220.508;4220.508;4220.508;4220.508;4220.508;4220.508;4220.508;4220.508;4220.508;4220.508;4220.508;4220.508;4220.508;4220.508;4220.508;4220.508;4220.508;4220.508;4220.508;4220.508;4220.508;4220.508;4220.508;4220.508;4220.508;4220.508;4220.508;4220.508;4220.508;4220.508;4220.508;4220.508;4220.508;4220.508	-12.19	35				4.620	689.062	215.8991		3.770				689.062	689.062;689.062;689.062;689.062;689.062;689.062;689.062;689.062;689.062;689.062;689.062;689.062;689.062;689.062;689.062;689.062;689.062;689.062;689.062;689.062;689.062;689.062;689.062;689.062;689.062;689.062;689.062;689.062;689.062;689.062;689.062;689.062;689.062;689.062	0.000	689.062	0.000	689.062	0.000	0.000	0.000;0.000;0.000;0.000;0.000;0.000;0.000;0.000;0.000;0.000;0.000;0.000;0.000;0.000;0.000;0.000;0.000;0.000;0.000;0.000;0.000;0.000;0.000;0.000;0.000;0.000;0.000;0.000;0.000;0.000;0.000;0.000;0.000		-21.39	215.8991	0.5000			40.77	8821	215.8527	0.2647	215.8179	0.0882	215.9456	0.7353	215.9862	0.9412	214_f0-700_ncomp-6_pos.wav_1	f0 700	6_p
216	Spectrogram 1	1	216.800000000	217.000000000	200ms_schroeder_master.wav	/home/m/Dropbox/Projects/acoustic_fine_features_zebra_finch/data/processed/200ms_schroeder_master.wav	216.8000	650.000	5224.690	4.012		4.026	-29.29	2670.117	4220.508	216.8000		216.8000	9560880	0	9560880	2842.383	216.8976	0.4848	4574.690		0.2000	0.0929	0.1683	217.0000		200ms_schroeder_master.wav	9569700	/home/m/Dropbox/Projects/acoustic_fine_features_zebra_finch/data/processed/200ms_schroeder_master.wav	9569700	27.347		1464.258	689.062	4134.375	4909.570	689.062;689.062;689.062;689.062;689.062;689.062;689.062;689.062;689.062;689.062;689.062;689.062;689.062;689.062;689.062;689.062;689.062;689.062;689.062;689.062;689.062;689.062;689.062;689.062;689.062;689.062;689.062;689.062;689.062;689.062;689.062;689.062;689.062	1464.258;1464.258;1464.258;1464.258;1464.258;1464.258;1464.258;1464.258;1464.258;1464.258;1464.258;1464.258;1464.258;1464.258;1464.258;1464.258;1464.258;1464.258;1464.258;1464.258;1464.258;1464.258;1464.258;1464.258;1464.258;1464.258;1464.258;1464.258;1464.258;1464.258;1464.258;1464.258;1464.258	2842.383;2842.383;2842.383;2842.383;2842.383;2842.383;2842.383;2842.383;2842.383;2842.383;2842.383;2842.383;2842.383;2842.383;2842.383;2842.383;2842.383;2842.383;2842.383;2842.383;2842.383;2842.383;2842.383;2842.383;2842.383;2842.383;2842.383;2842.383;2842.383;2842.383;2842.383;2842.383;2842.383	4134.375;4134.375;4134.375;4134.375;4134.375;4134.375;4134.375;4134.375;4134.375;4134.375;4134.375;4134.375;4134.375;4134.375;4134.375;4134.375;4134.375;4134.375;4134.375;4134.375;4134.375;4134.375;4134.375;4134.375;4134.375;4134.375;4134.375;4134.375;4134.375;4134.375;4134.375;4134.375;4134.375	4909.570;4909.570;4909.570;4909.570;4909.570;4909.570;4909.570;4909.570;4909.570;4909.570;4909.570;4909.570;4909.570;4909.570;4909.570;4909.570;4909.570;4909.570;4909.570;4909.570;4909.570;4909.570;4909.570;4909.570;4909.570;4909.570;4909.570;4909.570;4909.570;4909.570;4909.570;4909.570;4909.570	-12.05	34				4.394	4909.570	216.8163		4.002				4909.570	4909.570;4909.570;4909.570;4909.570;4909.570;4909.570;4909.570;4909.570;4909.570;4909.570;4909.570;4909.570;4909.570;4909.570;4909.570;4909.570;4909.570;4909.570;4909.570;4909.570;4909.570;4909.570;4909.570;4909.570;4909.570;4909.570;4909.570;4909.570;4909.570;4909.570;4909.570;4909.570;4909.570	0.000	4909.570	0.000	4909.570	0.000	0.000	0.000;0.000;0.000;0.000;0.000;0.000;0.000;0.000;0.000;0.000;0.000;0.000;0.000;0.000;0.000;0.000;0.000;0.000;0.000;0.000;0.000;0.000;0.000;0.000;0.000;0.000;0.000;0.000;0.000;0.000;0.000;0.000		-22.03	216.8163	0.0606			41.52	8821	216.8511	0.2424	216.8163	0.0606	216.9440	0.7273	216.9847	0.9394	215_f0-700_ncomp-7_neg.wav_1	f0 700	7_n
217	Spectrogram 1	1	217.800000000	218.000000000	200ms_schroeder_master.wav	/home/m/Dropbox/Projects/acoustic_fine_features_zebra_finch/data/processed/200ms_schroeder_master.wav	217.8000	650.000	5224.690	4.012		4.027	-29.29	2670.117	4220.508	217.8000		217.8000	9604980	0	9604980	2842.383	217.9018	0.5152	4574.690		0.2000	0.0929	0.1683	218.0000		200ms_schroeder_master.wav	9613800	/home/m/Dropbox/Projects/acoustic_fine_features_zebra_finch/data/processed/200ms_schroeder_master.wav	9613800	27.347		1464.258	689.062	4134.375	4909.570	689.062;689.062;689.062;689.062;689.062;689.062;689.062;689.062;689.062;689.062;689.062;689.062;689.062;689.062;689.062;689.062;689.062;689.062;689.062;689.062;689.062;689.062;689.062;689.062;689.062;689.062;689.062;689.062;689.062;689.062;689.062;689.062;689.062	1464.258;1464.258;1464.258;1464.258;1464.258;1464.258;1464.258;1464.258;1464.258;1464.258;1464.258;1464.258;1464.258;1464.258;1464.258;1464.258;1464.258;1464.258;1464.258;1464.258;1464.258;1464.258;1464.258;1464.258;1464.258;1464.258;1464.258;1464.258;1464.258;1464.258;1464.258;1464.258;1464.258	2842.383;2842.383;2842.383;2842.383;2842.383;2842.383;2842.383;2842.383;2842.383;2842.383;2842.383;2842.383;2842.383;2842.383;2842.383;2842.383;2842.383;2842.383;2842.383;2842.383;2842.383;2842.383;2842.383;2842.383;2842.383;2842.383;2842.383;2842.383;2842.383;2842.383;2842.383;2842.383;2842.383	4134.375;4134.375;4134.375;4134.375;4134.375;4134.375;4134.375;4134.375;4134.375;4134.375;4134.375;4134.375;4134.375;4134.375;4134.375;4134.375;4134.375;4134.375;4134.375;4134.375;4134.375;4134.375;4134.375;4134.375;4134.375;4134.375;4134.375;4134.375;4134.375;4134.375;4134.375;4134.375;4134.375	4909.570;4909.570;4909.570;4909.570;4909.570;4909.570;4909.570;4909.570;4909.570;4909.570;4909.570;4909.570;4909.570;4909.570;4909.570;4909.570;4909.570;4909.570;4909.570;4909.570;4909.570;4909.570;4909.570;4909.570;4909.570;4909.570;4909.570;4909.570;4909.570;4909.570;4909.570;4909.570;4909.570	-12.05	34				4.447	4909.570	217.8322		4.002				4909.570	4909.570;4909.570;4909.570;4909.570;4909.570;4909.570;4909.570;4909.570;4909.570;4909.570;4909.570;4909.570;4909.570;4909.570;4909.570;4909.570;4909.570;4909.570;4909.570;4909.570;4909.570;4909.570;4909.570;4909.570;4909.570;4909.570;4909.570;4909.570;4909.570;4909.570;4909.570;4909.570;4909.570	0.000	4909.570	0.000	4909.570	0.000	0.000	0.000;0.000;0.000;0.000;0.000;0.000;0.000;0.000;0.000;0.000;0.000;0.000;0.000;0.000;0.000;0.000;0.000;0.000;0.000;0.000;0.000;0.000;0.000;0.000;0.000;0.000;0.000;0.000;0.000;0.000;0.000;0.000		-22.03	217.8322	0.1515			41.53	8821	217.8554	0.2727	217.8148	0.0606	217.9483	0.7576	217.9831	0.9394	216_f0-700_ncomp-7_pos.wav_1	f0 700	7_p
218	Spectrogram 1	1	218.800000000	219.000000000	200ms_schroeder_master.wav	/home/m/Dropbox/Projects/acoustic_fine_features_zebra_finch/data/processed/200ms_schroeder_master.wav	218.8000	650.000	5938.962	4.212		4.252	-29.24	2756.250	4909.570	218.8000		218.8000	9649080	0	9649080	3445.312	218.9003	0.5000	5288.962		0.2000	0.0929	0.1683	219.0000		200ms_schroeder_master.wav	9657900	/home/m/Dropbox/Projects/acoustic_fine_features_zebra_finch/data/processed/200ms_schroeder_master.wav	9657900	28.132		2067.188	689.062	4823.438	5598.633	689.062;689.062;689.062;689.062;689.062;689.062;689.062;689.062;689.062;689.062;689.062;689.062;689.062;689.062;689.062;689.062;689.062;689.062;689.062;689.062;689.062;689.062;689.062;689.062;689.062;689.062;689.062;689.062;689.062;689.062;689.062;689.062;689.062;689.062	2067.188;2067.188;2067.188;2067.188;2067.188;2067.188;2067.188;2067.188;2067.188;2067.188;2067.188;2067.188;2067.188;2067.188;2067.188;2067.188;2067.188;2067.188;2067.188;2067.188;2067.188;2067.188;2067.188;2067.188;2067.188;2067.188;2067.188;2067.188;2067.188;2067.188;2067.188;2067.188;2067.188;2067.188	3445.312;3445.312;3445.312;3445.312;3445.312;3445.312;3445.312;3445.312;3445.312;3445.312;3445.312;3445.312;3445.312;3445.312;3445.312;3445.312;3445.312;3445.312;3445.312;3445.312;3445.312;3445.312;3445.312;3445.312;3445.312;3445.312;3445.312;3445.312;3445.312;3445.312;3445.312;3445.312;3445.312;3445.312	4823.438;4823.438;4823.438;4823.438;4823.438;4823.438;4823.438;4823.438;4823.438;4823.438;4823.438;4823.438;4823.438;4823.438;4823.438;4823.438;4823.438;4823.438;4823.438;4823.438;4823.438;4823.438;4823.438;4823.438;4823.438;4823.438;4823.438;4823.438;4823.438;4823.438;4823.438;4823.438;4823.438;4737.305	5598.633;5598.633;5598.633;5598.633;5598.633;5598.633;5598.633;5598.633;5598.633;5598.633;5598.633;5598.633;5598.633;5598.633;5598.633;5598.633;5598.633;5598.633;5598.633;5598.633;5598.633;5598.633;5598.633;5598.633;5598.633;5598.633;5598.633;5598.633;5598.633;5598.633;5598.633;5598.633;5598.633;5598.633	-11.39	35				4.965	5598.633	218.9235		4.201				5598.633	5598.633;5598.633;5598.633;5598.633;5598.633;5598.633;5598.633;5598.633;5598.633;5598.633;5598.633;5598.633;5598.633;5598.633;5598.633;5598.633;5598.633;5598.633;5598.633;5598.633;5598.633;5598.633;5598.633;5598.633;5598.633;5598.633;5598.633;5598.633;5598.633;5598.633;5598.633;5598.633;5598.633;5598.633	0.000	5598.633	0.000	5598.633	0.000	0.000	0.000;0.000;0.000;0.000;0.000;0.000;0.000;0.000;0.000;0.000;0.000;0.000;0.000;0.000;0.000;0.000;0.000;0.000;0.000;0.000;0.000;0.000;0.000;0.000;0.000;0.000;0.000;0.000;0.000;0.000;0.000;0.000;0.000		-21.77	218.9235	0.6176			44.62	8821	218.8539	0.2647	218.8132	0.0588	218.9467	0.7353	218.9816	0.9118	217_f0-700_ncomp-8_neg.wav_1	f0 700	8_n
219	Spectrogram 1	1	219.800000000	220.000000000	200ms_schroeder_master.wav	/home/m/Dropbox/Projects/acoustic_fine_features_zebra_finch/data/processed/200ms_schroeder_master.wav	219.8000	650.000	5938.962	4.212		4.254	-29.24	2756.250	4909.570	219.8000		219.8000	9693180	0	9693180	3445.312	219.8988	0.5000	5288.962		0.2000	0.0929	0.1683	220.0000		200ms_schroeder_master.wav	9702000	/home/m/Dropbox/Projects/acoustic_fine_features_zebra_finch/data/processed/200ms_schroeder_master.wav	9702000	28.132		2067.188	689.062	4823.438	5598.633	689.062;689.062;689.062;689.062;689.062;689.062;689.062;689.062;689.062;689.062;689.062;689.062;689.062;689.062;689.062;689.062;689.062;689.062;689.062;689.062;689.062;689.062;689.062;689.062;689.062;689.062;689.062;689.062;689.062;689.062;689.062;689.062;689.062;689.062	2067.188;2067.188;2067.188;2067.188;2067.188;2067.188;2067.188;2067.188;2067.188;2067.188;2067.188;2067.188;2067.188;2067.188;2067.188;2067.188;2067.188;2067.188;2067.188;2067.188;2067.188;2067.188;2067.188;2067.188;2067.188;2067.188;2067.188;2067.188;2067.188;2067.188;2067.188;2067.188;2067.188;2067.188	3445.312;3445.312;3445.312;3445.312;3445.312;3445.312;3445.312;3445.312;3445.312;3445.312;3445.312;3445.312;3445.312;3445.312;3445.312;3445.312;3445.312;3445.312;3445.312;3445.312;3445.312;3445.312;3445.312;3445.312;3445.312;3445.312;3445.312;3445.312;3445.312;3445.312;3445.312;3445.312;3445.312;3445.312	4823.438;4823.438;4823.438;4823.438;4823.438;4823.438;4823.438;4823.438;4823.438;4823.438;4823.438;4823.438;4823.438;4823.438;4823.438;4823.438;4823.438;4823.438;4823.438;4823.438;4823.438;4823.438;4823.438;4823.438;4823.438;4823.438;4823.438;4823.438;4823.438;4823.438;4823.438;4823.438;4823.438;4823.438	5598.633;5598.633;5598.633;5598.633;5598.633;5598.633;5598.633;5598.633;5598.633;5598.633;5598.633;5598.633;5598.633;5598.633;5598.633;5598.633;5598.633;5598.633;5598.633;5598.633;5598.633;5598.633;5598.633;5598.633;5598.633;5598.633;5598.633;5598.633;5598.633;5598.633;5598.633;5598.633;5598.633;5598.633	-11.39	35				5.135	5598.633	219.9278		4.201				5598.633	5598.633;5598.633;5598.633;5598.633;5598.633;5598.633;5598.633;5598.633;5598.633;5598.633;5598.633;5598.633;5598.633;5598.633;5598.633;5598.633;5598.633;5598.633;5598.633;5598.633;5598.633;5598.633;5598.633;5598.633;5598.633;5598.633;5598.633;5598.633;5598.633;5598.633;5598.633;5598.633;5598.633;5598.633	0.000	5598.633	0.000	5598.633	0.000	0.000	0.000;0.000;0.000;0.000;0.000;0.000;0.000;0.000;0.000;0.000;0.000;0.000;0.000;0.000;0.000;0.000;0.000;0.000;0.000;0.000;0.000;0.000;0.000;0.000;0.000;0.000;0.000;0.000;0.000;0.000;0.000;0.000;0.000		-21.77	219.9278	0.6471			44.19	8821	219.8523	0.2647	219.8175	0.0882	219.9452	0.7353	219.9858	0.9412	218_f0-700_ncomp-8_pos.wav_1	f0 700	8_p
220	Spectrogram 1	1	220.800000000	221.000000000	200ms_schroeder_master.wav	/home/m/Dropbox/Projects/acoustic_fine_features_zebra_finch/data/processed/200ms_schroeder_master.wav	220.8000	650.000	6653.235	4.388		4.402	-29.82	2842.383	5598.633	220.8000		220.8000	9737280	0	9737280	3531.445	220.8972	0.4848	6003.235		0.2000	0.0987	0.1683	221.0000		200ms_schroeder_master.wav	9746100	/home/m/Dropbox/Projects/acoustic_fine_features_zebra_finch/data/processed/200ms_schroeder_master.wav	9746100	28.027		2067.188	689.062	4909.570	6287.695	689.062;689.062;689.062;689.062;689.062;689.062;689.062;689.062;689.062;689.062;689.062;689.062;689.062;689.062;689.062;689.062;689.062;689.062;689.062;689.062;689.062;689.062;689.062;689.062;689.062;689.062;689.062;689.062;689.062;689.062;689.062;689.062;689.062	2067.188;2067.188;2067.188;2067.188;2067.188;2067.188;2067.188;2067.188;2067.188;2067.188;2067.188;2067.188;2067.188;2067.188;2067.188;2067.188;2067.188;2067.188;2067.188;2067.188;2067.188;2067.188;2067.188;2067.188;2067.188;2067.188;2067.188;2067.188;2067.188;2067.188;2067.188;2067.188;2067.188	3531.445;3531.445;3531.445;3531.445;3531.445;3531.445;3531.445;3531.445;3531.445;3531.445;3531.445;3531.445;3531.445;3531.445;3531.445;3531.445;3531.445;3531.445;3531.445;3531.445;3531.445;3531.445;3531.445;3531.445;3531.445;3531.445;3531.445;3531.445;3531.445;3531.445;3531.445;3531.445;3531.445	4909.570;4909.570;4909.570;4909.570;4909.570;4909.570;4909.570;4909.570;4909.570;4909.570;4909.570;4909.570;4909.570;4909.570;4909.570;4909.570;4909.570;4909.570;4909.570;4909.570;4909.570;4909.570;4909.570;4909.570;4909.570;4909.570;4909.570;4909.570;4909.570;4909.570;4909.570;4909.570;4909.570	6287.695;6287.695;6287.695;6287.695;6287.695;6287.695;6287.695;6287.695;6287.695;6287.695;6287.695;6287.695;6287.695;6287.695;6287.695;6287.695;6287.695;6287.695;6287.695;6287.695;6287.695;6287.695;6287.695;6287.695;6287.695;6287.695;6287.695;6287.695;6287.695;6287.695;6287.695;6287.695;6287.695	-11.37	34				4.738	5598.633	220.9262		4.377				5598.633	5598.633;5598.633;5598.633;5598.633;5598.633;5598.633;5598.633;5598.633;5598.633;5598.633;5598.633;5598.633;5598.633;5598.633;5598.633;5598.633;5598.633;5598.633;5598.633;5598.633;5598.633;5598.633;5598.633;5598.633;5598.633;5598.633;5598.633;5598.633;5598.633;5598.633;5598.633;5598.633;5598.633	0.000	5598.633	0.000	5598.633	0.000	0.000	0.000;0.000;0.000;0.000;0.000;0.000;0.000;0.000;0.000;0.000;0.000;0.000;0.000;0.000;0.000;0.000;0.000;0.000;0.000;0.000;0.000;0.000;0.000;0.000;0.000;0.000;0.000;0.000;0.000;0.000;0.000;0.000		-22.39	220.9262	0.6364			44.70	8821	220.8508	0.2424	220.8160	0.0606	220.9495	0.7576	220.9843	0.9394	219_f0-700_ncomp-9_neg.wav_1	f0 700	9_n
221	Spectrogram 1	1	221.800000000	222.000000000	200ms_schroeder_master.wav	/home/m/Dropbox/Projects/acoustic_fine_features_zebra_finch/data/processed/200ms_schroeder_master.wav	221.8000	650.000	6653.235	4.387		4.403	-29.82	2842.383	5598.633	221.8000		221.8000	9781380	0	9781380	3531.445	221.9015	0.5152	6003.235		0.2000	0.0929	0.1683	222.0000		200ms_schroeder_master.wav	9790200	/home/m/Dropbox/Projects/acoustic_fine_features_zebra_finch/data/processed/200ms_schroeder_master.wav	9790200	28.027		2067.188	689.062	4909.570	6287.695	689.062;689.062;689.062;689.062;689.062;689.062;689.062;689.062;689.062;689.062;689.062;689.062;689.062;689.062;689.062;689.062;689.062;689.062;689.062;689.062;689.062;689.062;689.062;689.062;689.062;689.062;689.062;689.062;689.062;689.062;689.062;689.062;689.062	2067.188;2067.188;2067.188;2067.188;2067.188;2067.188;2067.188;2067.188;2067.188;2067.188;2067.188;2067.188;2067.188;2067.188;2067.188;2067.188;2067.188;2067.188;2067.188;2067.188;2067.188;2067.188;2067.188;2067.188;2067.188;2067.188;2067.188;2067.188;2067.188;2067.188;2067.188;2067.188;2067.188	3531.445;3531.445;3531.445;3531.445;3531.445;3531.445;3531.445;3531.445;3531.445;3531.445;3531.445;3531.445;3531.445;3531.445;3531.445;3531.445;3531.445;3531.445;3531.445;3531.445;3531.445;3531.445;3531.445;3531.445;3531.445;3531.445;3531.445;3531.445;3531.445;3531.445;3531.445;3531.445;3531.445	4909.570;4909.570;4909.570;4909.570;4909.570;4909.570;4909.570;4909.570;4909.570;4909.570;4909.570;4909.570;4909.570;4909.570;4909.570;4909.570;4909.570;4909.570;4909.570;4909.570;4909.570;4909.570;4909.570;4909.570;4909.570;4909.570;4909.570;4909.570;4909.570;4909.570;4909.570;4909.570;4909.570	6287.695;6287.695;6287.695;6287.695;6287.695;6287.695;6287.695;6287.695;6287.695;6287.695;6287.695;6287.695;6287.695;6287.695;6287.695;6287.695;6287.695;6287.695;6287.695;6287.695;6287.695;6287.695;6287.695;6287.695;6287.695;6287.695;6287.695;6287.695;6287.695;6287.695;6287.695;6287.695;6287.695	-11.37	34				4.868	5598.633	221.9479		4.377				5598.633	5598.633;5598.633;5598.633;5598.633;5598.633;5598.633;5598.633;5598.633;5598.633;5598.633;5598.633;5598.633;5598.633;5598.633;5598.633;5598.633;5598.633;5598.633;5598.633;5598.633;5598.633;5598.633;5598.633;5598.633;5598.633;5598.633;5598.633;5598.633;5598.633;5598.633;5598.633;5598.633;5598.633	0.000	5598.633	0.000	5598.633	0.000	0.000	0.000;0.000;0.000;0.000;0.000;0.000;0.000;0.000;0.000;0.000;0.000;0.000;0.000;0.000;0.000;0.000;0.000;0.000;0.000;0.000;0.000;0.000;0.000;0.000;0.000;0.000;0.000;0.000;0.000;0.000;0.000;0.000		-22.39	221.9479	0.7576			44.66	8821	221.8550	0.2727	221.8144	0.0606	221.9479	0.7576	221.9828	0.9394	220_f0-700_ncomp-9_pos.wav_1	f0 700	9_p
222	Spectrogram 1	1	222.800000000	223.000000000	200ms_schroeder_master.wav	/home/m/Dropbox/Projects/acoustic_fine_features_zebra_finch/data/processed/200ms_schroeder_master.wav	222.8000	650.000	7456.791	4.544		4.584	-31.00	3531.445	6287.695	222.8000		222.8000	9825480	0	9825480	4134.375	222.8999	0.5000	6806.791		0.2000	0.0929	0.1741	223.0000		200ms_schroeder_master.wav	9834300	/home/m/Dropbox/Projects/acoustic_fine_features_zebra_finch/data/processed/200ms_schroeder_master.wav	9834300	27.501		2067.188	689.062	5598.633	6976.758	689.062;689.062;689.062;689.062;689.062;689.062;689.062;689.062;689.062;689.062;689.062;689.062;689.062;689.062;689.062;689.062;689.062;689.062;689.062;689.062;689.062;689.062;689.062;689.062;689.062;689.062;689.062;689.062;689.062;689.062;689.062;689.062;689.062;775.195	2153.320;2153.320;2067.188;2067.188;2067.188;2067.188;2067.188;2067.188;2067.188;2067.188;2067.188;2067.188;2067.188;2067.188;2067.188;2067.188;2067.188;2067.188;2067.188;2067.188;2067.188;2067.188;2067.188;2067.188;2067.188;2067.188;2067.188;2067.188;2067.188;2067.188;2067.188;2067.188;2153.320;2153.320	4134.375;4134.375;4134.375;4134.375;4134.375;4134.375;4134.375;4134.375;4134.375;4134.375;4134.375;4134.375;4134.375;4134.375;4134.375;4134.375;4134.375;4134.375;4134.375;4134.375;4134.375;4134.375;4134.375;4134.375;4134.375;4134.375;4134.375;4134.375;4134.375;4134.375;4134.375;4134.375;4134.375;4134.375	5598.633;5598.633;5598.633;5598.633;5598.633;5598.633;5598.633;5598.633;5598.633;5598.633;5598.633;5598.633;5598.633;5598.633;5598.633;5598.633;5598.633;5598.633;5598.633;5598.633;5598.633;5598.633;5598.633;5598.633;5598.633;5598.633;5598.633;5598.633;5598.633;5598.633;5598.633;5598.633;5598.633;5598.633	6976.758;6976.758;6976.758;6976.758;6976.758;6976.758;6976.758;6976.758;6976.758;6976.758;6976.758;6976.758;6976.758;6976.758;6976.758;6976.758;6976.758;6976.758;6976.758;6976.758;6976.758;6976.758;6976.758;6976.758;6976.758;6976.758;6976.758;6976.758;6976.758;6976.758;6976.758;6976.758;6976.758;6976.758	-12.02	35				5.249	5598.633	222.8303		4.533				5598.633	5598.633;5598.633;5598.633;5598.633;5598.633;5598.633;5598.633;5598.633;5598.633;5598.633;5598.633;5598.633;5598.633;5598.633;5598.633;5598.633;5598.633;5598.633;5598.633;5598.633;5598.633;5598.633;5598.633;5598.633;5598.633;5598.633;5598.633;5598.633;5598.633;5598.633;5598.633;5598.633;5598.633;5598.633	0.000	5598.633	0.000	5598.633	0.000	0.000	0.000;0.000;0.000;0.000;0.000;0.000;0.000;0.000;0.000;0.000;0.000;0.000;0.000;0.000;0.000;0.000;0.000;0.000;0.000;0.000;0.000;0.000;0.000;0.000;0.000;0.000;0.000;0.000;0.000;0.000;0.000;0.000;0.000		-23.38	222.8303	0.1471			44.32	8821	222.8535	0.2647	222.8129	0.0588	222.9464	0.7353	222.9870	0.9412	221_f0-700_ncomp-10_neg.wav_1	f0 700	10_n
223	Spectrogram 1	1	223.800000000	224.000000000	200ms_schroeder_master.wav	/home/m/Dropbox/Projects/acoustic_fine_features_zebra_finch/data/processed/200ms_schroeder_master.wav	223.8000	650.000	7456.791	4.544		4.559	-30.87	3531.445	6287.695	223.8000		223.8000	9869580	0	9869580	4134.375	223.8984	0.4848	6806.791		0.2000	0.0929	0.1683	224.0000		200ms_schroeder_master.wav	9878400	/home/m/Dropbox/Projects/acoustic_fine_features_zebra_finch/data/processed/200ms_schroeder_master.wav	9878400	27.501		2067.188	689.062	5598.633	6976.758	689.062;689.062;689.062;689.062;689.062;689.062;689.062;689.062;689.062;689.062;689.062;689.062;689.062;689.062;689.062;689.062;689.062;689.062;689.062;689.062;689.062;689.062;689.062;689.062;689.062;689.062;689.062;689.062;689.062;689.062;689.062;689.062;775.195	2153.320;2067.188;2067.188;2067.188;2067.188;2067.188;2067.188;2067.188;2067.188;2067.188;2067.188;2067.188;2067.188;2067.188;2067.188;2067.188;2067.188;2067.188;2067.188;2067.188;2067.188;2067.188;2067.188;2067.188;2067.188;2067.188;2067.188;2067.188;2067.188;2067.188;2067.188;2153.320;2153.320	4134.375;4134.375;4134.375;4134.375;4134.375;4134.375;4134.375;4134.375;4134.375;4134.375;4134.375;4134.375;4134.375;4134.375;4134.375;4134.375;4134.375;4134.375;4134.375;4134.375;4134.375;4134.375;4134.375;4134.375;4134.375;4134.375;4134.375;4134.375;4134.375;4134.375;4134.375;4134.375;4134.375	5598.633;5598.633;5598.633;5598.633;5598.633;5598.633;5598.633;5598.633;5598.633;5598.633;5598.633;5598.633;5598.633;5598.633;5598.633;5598.633;5598.633;5598.633;5598.633;5598.633;5598.633;5598.633;5598.633;5598.633;5598.633;5598.633;5598.633;5598.633;5598.633;5598.633;5598.633;5598.633;5598.633	6976.758;6976.758;6976.758;6976.758;6976.758;6976.758;6976.758;6976.758;6976.758;6976.758;6976.758;6976.758;6976.758;6976.758;6976.758;6976.758;6976.758;6976.758;6976.758;6976.758;6976.758;6976.758;6976.758;6976.758;6976.758;6976.758;6976.758;6976.758;6976.758;6976.758;6976.758;6976.758;6976.758	-11.90	34				5.018	5598.633	223.9797		4.533				5598.633	5598.633;5598.633;5598.633;5598.633;5598.633;5598.633;5598.633;5598.633;5598.633;5598.633;5598.633;5598.633;5598.633;5598.633;5598.633;5598.633;5598.633;5598.633;5598.633;5598.633;5598.633;5598.633;5598.633;5598.633;5598.633;5598.633;5598.633;5598.633;5598.633;5598.633;5598.633;5598.633;5598.633	0.000	5598.633	0.000	5598.633	0.000	0.000	0.000;0.000;0.000;0.000;0.000;0.000;0.000;0.000;0.000;0.000;0.000;0.000;0.000;0.000;0.000;0.000;0.000;0.000;0.000;0.000;0.000;0.000;0.000;0.000;0.000;0.000;0.000;0.000;0.000;0.000;0.000;0.000		-23.38	223.9797	0.9091			44.13	8821	223.8520	0.2424	223.8171	0.0606	223.9448	0.7273	223.9855	0.9394	222_f0-700_ncomp-10_pos.wav_1	f0 700	10_p
224	Spectrogram 1	1	224.800000000	225.000000000	200ms_schroeder_master.wav	/home/m/Dropbox/Projects/acoustic_fine_features_zebra_finch/data/processed/200ms_schroeder_master.wav	224.8000	650.000	8171.063	4.684		4.699	-30.72	4134.375	6976.758	224.8000		224.8000	9913680	0	9913680	4220.508	224.9027	0.5152	7521.063		0.2000	0.0987	0.1683	225.0000		200ms_schroeder_master.wav	9922500	/home/m/Dropbox/Projects/acoustic_fine_features_zebra_finch/data/processed/200ms_schroeder_master.wav	9922500	28.071		2153.320	689.062	6287.695	7665.820	689.062;689.062;689.062;689.062;689.062;689.062;689.062;689.062;689.062;689.062;689.062;689.062;689.062;689.062;689.062;689.062;689.062;689.062;689.062;689.062;689.062;689.062;689.062;689.062;689.062;689.062;689.062;689.062;689.062;689.062;689.062;689.062;775.195	2153.320;2153.320;2153.320;2153.320;2153.320;2153.320;2153.320;2153.320;2153.320;2153.320;2153.320;2153.320;2153.320;2153.320;2153.320;2153.320;2153.320;2153.320;2153.320;2153.320;2153.320;2153.320;2153.320;2153.320;2153.320;2153.320;2153.320;2153.320;2153.320;2153.320;2153.320;2153.320;2153.320	4220.508;4220.508;4220.508;4220.508;4220.508;4220.508;4220.508;4220.508;4220.508;4220.508;4220.508;4220.508;4220.508;4220.508;4220.508;4220.508;4220.508;4220.508;4220.508;4220.508;4220.508;4220.508;4220.508;4220.508;4220.508;4220.508;4220.508;4220.508;4220.508;4220.508;4220.508;4220.508;4220.508	6287.695;6287.695;6287.695;6287.695;6287.695;6287.695;6287.695;6287.695;6287.695;6287.695;6287.695;6287.695;6287.695;6287.695;6287.695;6287.695;6287.695;6287.695;6287.695;6287.695;6287.695;6287.695;6287.695;6287.695;6287.695;6287.695;6287.695;6287.695;6287.695;6287.695;6287.695;6287.695;6287.695	7665.820;7665.820;7665.820;7665.820;7665.820;7665.820;7665.820;7665.820;7665.820;7665.820;7665.820;7665.820;7665.820;7665.820;7665.820;7665.820;7665.820;7665.820;7665.820;7665.820;7665.820;7665.820;7665.820;7665.820;7665.820;7665.820;7665.820;7665.820;7665.820;7665.820;7665.820;7665.820;7665.820	-11.33	34				5.043	5598.633	224.9259		4.674				5598.633	5598.633;5598.633;5598.633;5598.633;5598.633;5598.633;5598.633;5598.633;5598.633;5598.633;5598.633;5598.633;5598.633;5598.633;5598.633;5598.633;5598.633;5598.633;5598.633;5598.633;5598.633;5598.633;5598.633;5598.633;5598.633;5598.633;5598.633;5598.633;5598.633;5598.633;5598.633;5598.633;5598.633	0.000	5598.633	0.000	5598.633	0.000	0.000	0.000;0.000;0.000;0.000;0.000;0.000;0.000;0.000;0.000;0.000;0.000;0.000;0.000;0.000;0.000;0.000;0.000;0.000;0.000;0.000;0.000;0.000;0.000;0.000;0.000;0.000;0.000;0.000;0.000;0.000;0.000;0.000		-23.23	224.9259	0.6364			43.76	8821	224.8504	0.2424	224.8156	0.0606	224.9491	0.7576	224.9839	0.9394	223_f0-700_ncomp-11_neg.wav_1	f0 700	11_n
225	Spectrogram 1	1	225.800000000	226.000000000	200ms_schroeder_master.wav	/home/m/Dropbox/Projects/acoustic_fine_features_zebra_finch/data/processed/200ms_schroeder_master.wav	225.8000	650.000	8171.063	4.684		4.727	-30.85	4134.375	6976.758	225.8000		225.8000	9957780	0	9957780	4220.508	225.9011	0.5000	7521.063		0.2000	0.0929	0.1683	226.0000		200ms_schroeder_master.wav	9966600	/home/m/Dropbox/Projects/acoustic_fine_features_zebra_finch/data/processed/200ms_schroeder_master.wav	9966600	28.071		2153.320	689.062	6287.695	7665.820	689.062;689.062;689.062;689.062;689.062;689.062;689.062;689.062;689.062;689.062;689.062;689.062;689.062;689.062;689.062;689.062;689.062;689.062;689.062;689.062;689.062;689.062;689.062;689.062;689.062;689.062;689.062;689.062;689.062;689.062;689.062;689.062;689.062;775.195	2153.320;2153.320;2153.320;2153.320;2153.320;2153.320;2153.320;2153.320;2153.320;2153.320;2153.320;2153.320;2153.320;2153.320;2153.320;2153.320;2153.320;2153.320;2153.320;2153.320;2153.320;2153.320;2153.320;2153.320;2153.320;2153.320;2153.320;2153.320;2153.320;2153.320;2153.320;2153.320;2153.320;2239.453	4220.508;4220.508;4220.508;4220.508;4220.508;4220.508;4220.508;4220.508;4220.508;4220.508;4220.508;4220.508;4220.508;4220.508;4220.508;4220.508;4220.508;4220.508;4220.508;4220.508;4220.508;4220.508;4220.508;4220.508;4220.508;4220.508;4220.508;4220.508;4220.508;4220.508;4220.508;4220.508;4220.508;4220.508	6287.695;6287.695;6287.695;6287.695;6287.695;6287.695;6287.695;6287.695;6287.695;6287.695;6287.695;6287.695;6287.695;6287.695;6287.695;6287.695;6287.695;6287.695;6287.695;6287.695;6287.695;6287.695;6287.695;6287.695;6287.695;6287.695;6287.695;6287.695;6287.695;6287.695;6287.695;6287.695;6287.695;6287.695	7665.820;7665.820;7665.820;7665.820;7665.820;7665.820;7665.820;7665.820;7665.820;7665.820;7665.820;7665.820;7665.820;7665.820;7665.820;7665.820;7665.820;7665.820;7665.820;7665.820;7665.820;7665.820;7665.820;7665.820;7665.820;7665.820;7665.820;7665.820;7665.820;7665.820;7665.820;7665.820;7665.820;7665.820	-11.45	35				5.599	5598.633	225.9069		4.674				5598.633	5598.633;5598.633;5598.633;5598.633;5598.633;5598.633;5598.633;5598.633;5598.633;5598.633;5598.633;5598.633;5598.633;5598.633;5598.633;5598.633;5598.633;5598.633;5598.633;5598.633;5598.633;5598.633;5598.633;5598.633;5598.633;5598.633;5598.633;5598.633;5598.633;5598.633;5598.633;5598.633;5598.633;5598.633	0.000	5598.633	0.000	5598.633	0.000	0.000	0.000;0.000;0.000;0.000;0.000;0.000;0.000;0.000;0.000;0.000;0.000;0.000;0.000;0.000;0.000;0.000;0.000;0.000;0.000;0.000;0.000;0.000;0.000;0.000;0.000;0.000;0.000;0.000;0.000;0.000;0.000;0.000;0.000		-23.23	225.9069	0.5294			43.96	8821	225.8547	0.2647	225.8140	0.0588	225.9476	0.7353	225.9824	0.9118	224_f0-700_ncomp-11_pos.wav_1	f0 700	11_p
226	Spectrogram 1	1	226.800000000	227.000000000	200ms_schroeder_master.wav	/home/m/Dropbox/Projects/acoustic_fine_features_zebra_finch/data/processed/200ms_schroeder_master.wav	226.8000	650.000	8885.335	4.813		4.854	-31.02	4134.375	7665.820	226.8000		226.8000	10001880	0	10001880	4823.438	226.8996	0.5000	8235.335		0.2000	0.0929	0.1683	227.0000		200ms_schroeder_master.wav	10010700	/home/m/Dropbox/Projects/acoustic_fine_features_zebra_finch/data/processed/200ms_schroeder_master.wav	10010700	28.327		2756.250	689.062	6890.625	8354.883	775.195;689.062;689.062;689.062;689.062;689.062;689.062;689.062;689.062;689.062;689.062;689.062;689.062;689.062;689.062;689.062;689.062;689.062;689.062;689.062;689.062;689.062;689.062;689.062;689.062;689.062;689.062;689.062;689.062;689.062;689.062;689.062;775.195;775.195	2756.250;2756.250;2756.250;2756.250;2756.250;2756.250;2756.250;2756.250;2756.250;2756.250;2756.250;2756.250;2756.250;2756.250;2756.250;2756.250;2756.250;2756.250;2756.250;2756.250;2756.250;2756.250;2756.250;2756.250;2756.250;2756.250;2756.250;2756.250;2756.250;2756.250;2756.250;2756.250;2756.250;2756.250	4823.438;4823.438;4823.438;4823.438;4823.438;4823.438;4823.438;4823.438;4823.438;4823.438;4823.438;4823.438;4823.438;4823.438;4823.438;4823.438;4823.438;4823.438;4823.438;4823.438;4823.438;4823.438;4823.438;4823.438;4823.438;4823.438;4823.438;4823.438;4823.438;4823.438;4823.438;4823.438;4823.438;4823.438	6890.625;6890.625;6890.625;6890.625;6890.625;6890.625;6890.625;6890.625;6890.625;6890.625;6890.625;6890.625;6890.625;6890.625;6890.625;6890.625;6890.625;6890.625;6890.625;6890.625;6890.625;6890.625;6890.625;6890.625;6890.625;6890.625;6890.625;6890.625;6890.625;6890.625;6890.625;6890.625;6890.625;6890.625	8354.883;8354.883;8354.883;8354.883;8354.883;8354.883;8354.883;8354.883;8354.883;8354.883;8354.883;8354.883;8354.883;8354.883;8354.883;8354.883;8354.883;8354.883;8354.883;8354.883;8354.883;8354.883;8354.883;8354.883;8354.883;8354.883;8354.883;8354.883;8354.883;8354.883;8354.883;8354.883;8354.883;8354.883	-11.20	35				5.584	5598.633	226.9344		4.802				5598.633	5598.633;5598.633;5598.633;5598.633;5598.633;5598.633;5598.633;5598.633;5598.633;5598.633;5598.633;5598.633;5598.633;5598.633;5598.633;5598.633;5598.633;5598.633;5598.633;5598.633;5598.633;5598.633;5598.633;5598.633;5598.633;5598.633;5598.633;5598.633;5598.633;5598.633;5598.633;5598.633;5598.633;5598.633	0.000	5598.633	0.000	5598.633	0.000	0.000	0.000;0.000;0.000;0.000;0.000;0.000;0.000;0.000;0.000;0.000;0.000;0.000;0.000;0.000;0.000;0.000;0.000;0.000;0.000;0.000;0.000;0.000;0.000;0.000;0.000;0.000;0.000;0.000;0.000;0.000;0.000;0.000;0.000		-23.36	226.9344	0.6765			44.22	8821	226.8531	0.2647	226.8183	0.0882	226.9460	0.7353	226.9867	0.9412	225_f0-700_ncomp-12_neg.wav_1	f0 700	12_n
227	Spectrogram 1	1	227.800000000	228.000000000	200ms_schroeder_master.wav	/home/m/Dropbox/Projects/acoustic_fine_features_zebra_finch/data/processed/200ms_schroeder_master.wav	227.8000	650.000	8885.335	4.813		4.828	-30.89	4134.375	7665.820	227.8000		227.8000	10045980	0	10045980	4823.438	227.8980	0.4848	8235.335		0.2000	0.0929	0.1683	228.0000		200ms_schroeder_master.wav	10054800	/home/m/Dropbox/Projects/acoustic_fine_features_zebra_finch/data/processed/200ms_schroeder_master.wav	10054800	28.326		2756.250	689.062	6890.625	8354.883	689.062;689.062;689.062;689.062;689.062;689.062;689.062;689.062;689.062;689.062;689.062;689.062;689.062;689.062;689.062;689.062;689.062;689.062;689.062;689.062;689.062;689.062;689.062;689.062;689.062;689.062;689.062;689.062;689.062;689.062;689.062;689.062;775.195	2756.250;2756.250;2756.250;2756.250;2756.250;2756.250;2756.250;2756.250;2756.250;2756.250;2756.250;2756.250;2756.250;2756.250;2756.250;2756.250;2756.250;2756.250;2756.250;2756.250;2756.250;2756.250;2756.250;2756.250;2756.250;2756.250;2756.250;2756.250;2756.250;2756.250;2756.250;2756.250;2756.250	4823.438;4823.438;4823.438;4823.438;4823.438;4823.438;4823.438;4823.438;4823.438;4823.438;4823.438;4823.438;4823.438;4823.438;4823.438;4823.438;4823.438;4823.438;4823.438;4823.438;4823.438;4823.438;4823.438;4823.438;4823.438;4823.438;4823.438;4823.438;4823.438;4823.438;4823.438;4823.438;4823.438	6890.625;6890.625;6890.625;6890.625;6890.625;6890.625;6890.625;6890.625;6890.625;6890.625;6890.625;6890.625;6890.625;6890.625;6890.625;6890.625;6890.625;6890.625;6890.625;6890.625;6890.625;6890.625;6890.625;6890.625;6890.625;6890.625;6890.625;6890.625;6890.625;6890.625;6890.625;6890.625;6890.625	8354.883;8354.883;8354.883;8354.883;8354.883;8354.883;8354.883;8354.883;8354.883;8354.883;8354.883;8354.883;8354.883;8354.883;8354.883;8354.883;8354.883;8354.883;8354.883;8354.883;8354.883;8354.883;8354.883;8354.883;8354.883;8354.883;8354.883;8354.883;8354.883;8354.883;8354.883;8354.883;8354.883	-11.07	34				5.247	5598.633	227.8284		4.802				5598.633	5598.633;5598.633;5598.633;5598.633;5598.633;5598.633;5598.633;5598.633;5598.633;5598.633;5598.633;5598.633;5598.633;5598.633;5598.633;5598.633;5598.633;5598.633;5598.633;5598.633;5598.633;5598.633;5598.633;5598.633;5598.633;5598.633;5598.633;5598.633;5598.633;5598.633;5598.633;5598.633;5598.633	0.000	5598.633	0.000	5598.633	0.000	0.000	0.000;0.000;0.000;0.000;0.000;0.000;0.000;0.000;0.000;0.000;0.000;0.000;0.000;0.000;0.000;0.000;0.000;0.000;0.000;0.000;0.000;0.000;0.000;0.000;0.000;0.000;0.000;0.000;0.000;0.000;0.000;0.000		-23.36	227.8284	0.1212			43.87	8821	227.8516	0.2424	227.8168	0.0606	227.9445	0.7273	227.9851	0.9394	226_f0-700_ncomp-12_pos.wav_1	f0 700	12_p
228	Spectrogram 1	1	228.800000000	229.000000000	200ms_schroeder_master.wav	/home/m/Dropbox/Projects/acoustic_fine_features_zebra_finch/data/processed/200ms_schroeder_master.wav	228.8000	650.000	9599.607	4.930		4.945	-31.80	4306.641	8354.883	228.8000		228.8000	10090080	0	10090080	4909.570	228.9023	0.5152	8949.607		0.2000	0.0929	0.1683	229.0000		200ms_schroeder_master.wav	10098900	/home/m/Dropbox/Projects/acoustic_fine_features_zebra_finch/data/processed/200ms_schroeder_master.wav	10098900	27.765		2756.250	689.062	7062.891	9043.945	775.195;775.195;689.062;689.062;689.062;689.062;689.062;689.062;689.062;689.062;689.062;689.062;689.062;689.062;689.062;689.062;689.062;689.062;689.062;689.062;689.062;689.062;689.062;689.062;689.062;689.062;689.062;689.062;689.062;689.062;689.062;775.195;775.195	2756.250;2756.250;2756.250;2756.250;2756.250;2756.250;2756.250;2756.250;2756.250;2756.250;2756.250;2756.250;2756.250;2756.250;2756.250;2756.250;2756.250;2756.250;2756.250;2756.250;2756.250;2756.250;2756.250;2756.250;2756.250;2756.250;2756.250;2756.250;2756.250;2756.250;2756.250;2756.250;2756.250	4909.570;4909.570;4909.570;4909.570;4909.570;4909.570;4909.570;4909.570;4909.570;4909.570;4909.570;4909.570;4909.570;4909.570;4909.570;4909.570;4909.570;4909.570;4909.570;4909.570;4909.570;4909.570;4909.570;4909.570;4909.570;4909.570;4909.570;4909.570;4909.570;4909.570;4909.570;4909.570;4909.570	7062.891;7062.891;7062.891;7062.891;7062.891;7062.891;7062.891;7062.891;7062.891;7062.891;7062.891;7062.891;7062.891;7062.891;7062.891;7062.891;7062.891;7062.891;7062.891;7062.891;7062.891;7062.891;7062.891;7062.891;7062.891;7062.891;7062.891;7062.891;7062.891;7062.891;7062.891;7062.891;7062.891	9043.945;9043.945;9043.945;9043.945;9043.945;9043.945;9043.945;9043.945;9043.945;9043.945;9043.945;9043.945;9043.945;9043.945;9043.945;9043.945;9043.945;9043.945;9043.945;9043.945;9043.945;9043.945;9043.945;9043.945;9043.945;9043.945;9043.945;9043.945;9043.945;9043.945;9043.945;9043.945;9043.945	-11.63	34				5.325	5598.633	228.9429		4.920				5598.633	5598.633;5598.633;5598.633;5598.633;5598.633;5598.633;5598.633;5598.633;5598.633;5598.633;5598.633;5598.633;5598.633;5598.633;5598.633;5598.633;5598.633;5598.633;5598.633;5598.633;5598.633;5598.633;5598.633;5598.633;5598.633;5598.633;5598.633;5598.633;5598.633;5598.633;5598.633;5598.633;5598.633	0.000	5598.633	0.000	5598.633	0.000	0.000	0.000;0.000;0.000;0.000;0.000;0.000;0.000;0.000;0.000;0.000;0.000;0.000;0.000;0.000;0.000;0.000;0.000;0.000;0.000;0.000;0.000;0.000;0.000;0.000;0.000;0.000;0.000;0.000;0.000;0.000;0.000;0.000		-24.27	228.9429	0.7273			43.68	8821	228.8559	0.2727	228.8152	0.0606	228.9487	0.7576	228.9836	0.9394	227_f0-700_ncomp-13_neg.wav_1	f0 700	13_n
229	Spectrogram 1	1	229.800000000	230.000000000	200ms_schroeder_master.wav	/home/m/Dropbox/Projects/acoustic_fine_features_zebra_finch/data/processed/200ms_schroeder_master.wav	229.8000	650.000	9599.607	4.930		4.972	-31.93	4306.641	8354.883	229.8000		229.8000	10134180	0	10134180	4909.570	229.9008	0.5000	8949.607		0.2000	0.0929	0.1683	230.0000		200ms_schroeder_master.wav	10143000	/home/m/Dropbox/Projects/acoustic_fine_features_zebra_finch/data/processed/200ms_schroeder_master.wav	10143000	27.766		2756.250	689.062	7062.891	9043.945	775.195;775.195;689.062;689.062;689.062;689.062;689.062;689.062;689.062;689.062;689.062;689.062;689.062;689.062;689.062;689.062;689.062;689.062;689.062;689.062;689.062;689.062;689.062;689.062;689.062;689.062;689.062;689.062;689.062;689.062;689.062;689.062;775.195;861.328	2756.250;2756.250;2756.250;2756.250;2756.250;2756.250;2756.250;2756.250;2756.250;2756.250;2756.250;2756.250;2756.250;2756.250;2756.250;2756.250;2756.250;2756.250;2756.250;2756.250;2756.250;2756.250;2756.250;2756.250;2756.250;2756.250;2756.250;2756.250;2756.250;2756.250;2756.250;2756.250;2756.250;2756.250	4909.570;4909.570;4909.570;4909.570;4909.570;4909.570;4909.570;4909.570;4909.570;4909.570;4909.570;4909.570;4909.570;4909.570;4909.570;4909.570;4909.570;4909.570;4909.570;4909.570;4909.570;4909.570;4909.570;4909.570;4909.570;4909.570;4909.570;4909.570;4909.570;4909.570;4909.570;4909.570;4909.570;4909.570	7062.891;7062.891;7062.891;7062.891;7062.891;7062.891;7062.891;7062.891;7062.891;7062.891;7062.891;7062.891;7062.891;7062.891;7062.891;7062.891;7062.891;7062.891;7062.891;7062.891;7062.891;7062.891;7062.891;7062.891;7062.891;7062.891;7062.891;7062.891;7062.891;7062.891;7062.891;7062.891;7062.891;7062.891	9043.945;9043.945;9043.945;9043.945;9043.945;9043.945;9043.945;9043.945;9043.945;9043.945;9043.945;9043.945;9043.945;9043.945;9043.945;9043.945;9043.945;9043.945;9043.945;9043.945;9043.945;9043.945;9043.945;9043.945;9043.945;9043.945;9043.945;9043.945;9043.945;9043.945;9043.945;9043.945;9043.945;9043.945	-11.76	35				5.775	5598.633	229.8427		4.920				5598.633	5598.633;5598.633;5598.633;5598.633;5598.633;5598.633;5598.633;5598.633;5598.633;5598.633;5598.633;5598.633;5598.633;5598.633;5598.633;5598.633;5598.633;5598.633;5598.633;5598.633;5598.633;5598.633;5598.633;5598.633;5598.633;5598.633;5598.633;5598.633;5598.633;5598.633;5598.633;5598.633;5598.633;5598.633	0.000	5598.633	0.000	5598.633	0.000	0.000	0.000;0.000;0.000;0.000;0.000;0.000;0.000;0.000;0.000;0.000;0.000;0.000;0.000;0.000;0.000;0.000;0.000;0.000;0.000;0.000;0.000;0.000;0.000;0.000;0.000;0.000;0.000;0.000;0.000;0.000;0.000;0.000;0.000		-24.27	229.8427	0.2059			43.81	8821	229.8543	0.2647	229.8137	0.0588	229.9472	0.7353	229.9820	0.9118	228_f0-700_ncomp-13_pos.wav_1	f0 700	13_p
230	Spectrogram 1	1	230.800000000	231.000000000	200ms_schroeder_master.wav	/home/m/Dropbox/Projects/acoustic_fine_features_zebra_finch/data/processed/200ms_schroeder_master.wav	230.8000	650.000	10313.879	5.040		5.081	-31.97	4823.438	9043.945	230.8000		230.8000	10178280	0	10178280	5512.500	230.8992	0.5000	9663.879		0.2000	0.0929	0.1683	231.0000		200ms_schroeder_master.wav	10187100	/home/m/Dropbox/Projects/acoustic_fine_features_zebra_finch/data/processed/200ms_schroeder_master.wav	10187100	28.045		2842.383	775.195	7665.820	9819.141	775.195;775.195;775.195;775.195;775.195;775.195;775.195;775.195;775.195;775.195;775.195;775.195;775.195;775.195;775.195;775.195;775.195;775.195;775.195;775.195;775.195;775.195;775.195;775.195;775.195;775.195;775.195;775.195;775.195;775.195;775.195;775.195;775.195;775.195	2842.383;2842.383;2842.383;2842.383;2842.383;2842.383;2842.383;2842.383;2842.383;2842.383;2842.383;2842.383;2842.383;2842.383;2842.383;2842.383;2842.383;2842.383;2842.383;2842.383;2842.383;2842.383;2842.383;2842.383;2842.383;2842.383;2842.383;2842.383;2842.383;2842.383;2842.383;2842.383;2842.383;2842.383	5512.500;5512.500;5512.500;5512.500;5512.500;5512.500;5512.500;5512.500;5512.500;5512.500;5512.500;5512.500;5512.500;5512.500;5512.500;5512.500;5512.500;5512.500;5512.500;5512.500;5512.500;5512.500;5512.500;5512.500;5512.500;5512.500;5512.500;5512.500;5512.500;5512.500;5512.500;5512.500;5512.500;5512.500	7665.820;7665.820;7665.820;7665.820;7665.820;7665.820;7665.820;7665.820;7665.820;7665.820;7665.820;7665.820;7665.820;7665.820;7665.820;7665.820;7665.820;7665.820;7665.820;7665.820;7665.820;7665.820;7665.820;7665.820;7665.820;7665.820;7665.820;7665.820;7665.820;7665.820;7665.820;7665.820;7665.820;7751.953	9733.008;9733.008;9819.141;9819.141;9819.141;9819.141;9819.141;9819.141;9819.141;9819.141;9819.141;9819.141;9819.141;9819.141;9819.141;9819.141;9819.141;9819.141;9819.141;9819.141;9819.141;9819.141;9819.141;9819.141;9819.141;9819.141;9819.141;9819.141;9819.141;9819.141;9819.141;9819.141;9733.008;9733.008	-11.48	35				5.880	5598.633	230.8586		5.029				5598.633	5598.633;5598.633;5598.633;5598.633;5598.633;5598.633;5598.633;5598.633;5598.633;5598.633;5598.633;5598.633;5598.633;5598.633;5598.633;5598.633;5598.633;5598.633;5598.633;5598.633;5598.633;5598.633;5598.633;5598.633;5598.633;5598.633;5598.633;5598.633;5598.633;5598.633;5598.633;5598.633;5598.633;5598.633	0.000	5598.633	0.000	5598.633	0.000	0.000	0.000;0.000;0.000;0.000;0.000;0.000;0.000;0.000;0.000;0.000;0.000;0.000;0.000;0.000;0.000;0.000;0.000;0.000;0.000;0.000;0.000;0.000;0.000;0.000;0.000;0.000;0.000;0.000;0.000;0.000;0.000;0.000;0.000		-24.31	230.8586	0.2941			43.66	8821	230.8528	0.2647	230.8179	0.0882	230.9457	0.7353	230.9863	0.9412	229_f0-700_ncomp-14_neg.wav_1	f0 700	14_n
231	Spectrogram 1	1	231.800000000	232.000000000	200ms_schroeder_master.wav	/home/m/Dropbox/Projects/acoustic_fine_features_zebra_finch/data/processed/200ms_schroeder_master.wav	231.8000	650.000	10313.879	5.039		5.054	-31.85	4823.438	9043.945	231.8000		231.8000	10222380	0	10222380	5512.500	231.8977	0.4848	9663.879		0.2000	0.0929	0.1683	232.0000		200ms_schroeder_master.wav	10231200	/home/m/Dropbox/Projects/acoustic_fine_features_zebra_finch/data/processed/200ms_schroeder_master.wav	10231200	28.044		2842.383	775.195	7665.820	9819.141	775.195;775.195;775.195;775.195;775.195;775.195;775.195;775.195;775.195;775.195;775.195;775.195;775.195;775.195;775.195;775.195;775.195;775.195;775.195;775.195;775.195;775.195;775.195;775.195;775.195;775.195;775.195;775.195;775.195;775.195;775.195;775.195;775.195	2842.383;2842.383;2842.383;2842.383;2842.383;2842.383;2842.383;2842.383;2842.383;2842.383;2842.383;2842.383;2842.383;2842.383;2842.383;2842.383;2842.383;2842.383;2842.383;2842.383;2842.383;2842.383;2842.383;2842.383;2842.383;2842.383;2842.383;2842.383;2842.383;2842.383;2842.383;2842.383;2842.383	5512.500;5512.500;5512.500;5512.500;5512.500;5512.500;5512.500;5512.500;5512.500;5512.500;5512.500;5512.500;5512.500;5512.500;5512.500;5512.500;5512.500;5512.500;5512.500;5512.500;5512.500;5512.500;5512.500;5512.500;5512.500;5512.500;5512.500;5512.500;5512.500;5512.500;5512.500;5512.500;5512.500	7665.820;7665.820;7665.820;7665.820;7665.820;7665.820;7665.820;7665.820;7665.820;7665.820;7665.820;7665.820;7665.820;7665.820;7665.820;7665.820;7665.820;7665.820;7665.820;7665.820;7665.820;7665.820;7665.820;7665.820;7665.820;7665.820;7665.820;7665.820;7665.820;7665.820;7665.820;7665.820;7665.820	9733.008;9819.141;9819.141;9819.141;9819.141;9819.141;9819.141;9819.141;9819.141;9819.141;9819.141;9819.141;9819.141;9819.141;9819.141;9819.141;9819.141;9819.141;9819.141;9819.141;9819.141;9819.141;9819.141;9819.141;9819.141;9819.141;9819.141;9819.141;9819.141;9819.141;9819.141;9733.008;9733.008	-11.35	34				5.437	5598.633	231.9499		5.029				5598.633	5598.633;5598.633;5598.633;5598.633;5598.633;5598.633;5598.633;5598.633;5598.633;5598.633;5598.633;5598.633;5598.633;5598.633;5598.633;5598.633;5598.633;5598.633;5598.633;5598.633;5598.633;5598.633;5598.633;5598.633;5598.633;5598.633;5598.633;5598.633;5598.633;5598.633;5598.633;5598.633;5598.633	0.000	5598.633	0.000	5598.633	0.000	0.000	0.000;0.000;0.000;0.000;0.000;0.000;0.000;0.000;0.000;0.000;0.000;0.000;0.000;0.000;0.000;0.000;0.000;0.000;0.000;0.000;0.000;0.000;0.000;0.000;0.000;0.000;0.000;0.000;0.000;0.000;0.000;0.000		-24.31	231.9499	0.7576			43.38	8821	231.8512	0.2424	231.8164	0.0606	231.9441	0.7273	231.9848	0.9394	230_f0-700_ncomp-14_pos.wav_1	f0 700	14_p
232	Spectrogram 1	1	232.800000000	233.000000000	200ms_schroeder_master.wav	/home/m/Dropbox/Projects/acoustic_fine_features_zebra_finch/data/processed/200ms_schroeder_master.wav	232.8000	650.000	11028.151	5.141		5.156	-31.91	5512.500	9733.008	232.8000		232.8000	10266480	0	10266480	5598.633	232.9019	0.5152	10378.151		0.2000	0.0929	0.1683	233.0000		200ms_schroeder_master.wav	10275300	/home/m/Dropbox/Projects/acoustic_fine_features_zebra_finch/data/processed/200ms_schroeder_master.wav	10275300	28.315		2842.383	775.195	8354.883	10508.203	775.195;775.195;775.195;775.195;775.195;775.195;775.195;775.195;775.195;775.195;775.195;775.195;775.195;775.195;775.195;775.195;775.195;775.195;775.195;775.195;775.195;775.195;775.195;775.195;775.195;775.195;775.195;775.195;775.195;775.195;775.195;775.195;775.195	2842.383;2842.383;2842.383;2842.383;2842.383;2842.383;2842.383;2842.383;2842.383;2842.383;2842.383;2842.383;2842.383;2842.383;2842.383;2842.383;2842.383;2842.383;2842.383;2842.383;2842.383;2842.383;2842.383;2842.383;2842.383;2842.383;2842.383;2842.383;2842.383;2842.383;2842.383;2842.383;2842.383	5598.633;5598.633;5598.633;5598.633;5598.633;5598.633;5598.633;5598.633;5598.633;5598.633;5598.633;5598.633;5598.633;5598.633;5598.633;5598.633;5598.633;5598.633;5598.633;5598.633;5598.633;5598.633;5598.633;5598.633;5598.633;5598.633;5598.633;5598.633;5598.633;5598.633;5598.633;5598.633;5598.633	8354.883;8354.883;8354.883;8354.883;8354.883;8354.883;8354.883;8354.883;8354.883;8354.883;8354.883;8354.883;8354.883;8354.883;8354.883;8354.883;8354.883;8354.883;8354.883;8354.883;8354.883;8354.883;8354.883;8354.883;8354.883;8354.883;8354.883;8354.883;8354.883;8354.883;8354.883;8354.883;8354.883	10508.203;10508.203;10508.203;10508.203;10508.203;10508.203;10508.203;10508.203;10508.203;10508.203;10508.203;10508.203;10508.203;10508.203;10508.203;10508.203;10508.203;10508.203;10508.203;10508.203;10508.203;10508.203;10508.203;10508.203;10508.203;10508.203;10508.203;10508.203;10508.203;10508.203;10508.203;10508.203;10422.070	-11.08	34				5.574	5598.633	232.8671		5.131				5598.633	5598.633;5598.633;5598.633;5598.633;5598.633;5598.633;5598.633;5598.633;5598.633;5598.633;5598.633;5598.633;5598.633;5598.633;5598.633;5598.633;5598.633;5598.633;5598.633;5598.633;5598.633;5598.633;5598.633;5598.633;5598.633;5598.633;5598.633;5598.633;5598.633;5598.633;5598.633;5598.633;5598.633	0.000	5598.633	0.000	5598.633	0.000	0.000	0.000;0.000;0.000;0.000;0.000;0.000;0.000;0.000;0.000;0.000;0.000;0.000;0.000;0.000;0.000;0.000;0.000;0.000;0.000;0.000;0.000;0.000;0.000;0.000;0.000;0.000;0.000;0.000;0.000;0.000;0.000;0.000		-24.35	232.8671	0.3333			43.93	8821	232.8555	0.2727	232.8149	0.0606	232.9484	0.7576	232.9832	0.9394	231_f0-700_ncomp-15_neg.wav_1	f0 700	15_n
233	Spectrogram 1	1	233.800000000	234.000000000	200ms_schroeder_master.wav	/home/m/Dropbox/Projects/acoustic_fine_features_zebra_finch/data/processed/200ms_schroeder_master.wav	233.8000	650.000	11028.151	5.141		5.182	-32.04	5512.500	9733.008	233.8000		233.8000	10310580	0	10310580	5598.633	233.9004	0.5000	10378.151		0.2000	0.0929	0.1683	234.0000		200ms_schroeder_master.wav	10319400	/home/m/Dropbox/Projects/acoustic_fine_features_zebra_finch/data/processed/200ms_schroeder_master.wav	10319400	28.315		2842.383	775.195	8354.883	10508.203	775.195;775.195;775.195;775.195;775.195;775.195;775.195;775.195;775.195;775.195;775.195;775.195;775.195;775.195;775.195;775.195;775.195;775.195;775.195;775.195;775.195;775.195;775.195;775.195;775.195;775.195;775.195;775.195;775.195;775.195;775.195;775.195;775.195;1205.859	2842.383;2842.383;2842.383;2842.383;2842.383;2842.383;2842.383;2842.383;2842.383;2842.383;2842.383;2842.383;2842.383;2842.383;2842.383;2842.383;2842.383;2842.383;2842.383;2842.383;2842.383;2842.383;2842.383;2842.383;2842.383;2842.383;2842.383;2842.383;2842.383;2842.383;2842.383;2842.383;2842.383;2928.516	5598.633;5598.633;5598.633;5598.633;5598.633;5598.633;5598.633;5598.633;5598.633;5598.633;5598.633;5598.633;5598.633;5598.633;5598.633;5598.633;5598.633;5598.633;5598.633;5598.633;5598.633;5598.633;5598.633;5598.633;5598.633;5598.633;5598.633;5598.633;5598.633;5598.633;5598.633;5598.633;5598.633;5598.633	8354.883;8354.883;8354.883;8354.883;8354.883;8354.883;8354.883;8354.883;8354.883;8354.883;8354.883;8354.883;8354.883;8354.883;8354.883;8354.883;8354.883;8354.883;8354.883;8354.883;8354.883;8354.883;8354.883;8354.883;8354.883;8354.883;8354.883;8354.883;8354.883;8354.883;8354.883;8354.883;8354.883;8354.883	10508.203;10508.203;10508.203;10508.203;10508.203;10508.203;10508.203;10508.203;10508.203;10508.203;10508.203;10508.203;10508.203;10508.203;10508.203;10508.203;10508.203;10508.203;10508.203;10508.203;10508.203;10508.203;10508.203;10508.203;10508.203;10508.203;10508.203;10508.203;10508.203;10508.203;10508.203;10508.203;10508.203;10422.070	-11.21	35				5.919	5598.633	233.9643		5.131				5598.633	5598.633;5598.633;5598.633;5598.633;5598.633;5598.633;5598.633;5598.633;5598.633;5598.633;5598.633;5598.633;5598.633;5598.633;5598.633;5598.633;5598.633;5598.633;5598.633;5598.633;5598.633;5598.633;5598.633;5598.633;5598.633;5598.633;5598.633;5598.633;5598.633;5598.633;5598.633;5598.633;5598.633;10508.203	25.629	10508.203	845.750	5598.633	0.000	0.000	0.000;0.000;0.000;0.000;0.000;0.000;0.000;0.000;0.000;0.000;0.000;0.000;0.000;0.000;0.000;0.000;0.000;0.000;0.000;0.000;0.000;0.000;0.000;0.000;0.000;0.000;0.000;0.000;0.000;0.000;0.000;0.000;845.750		-24.35	233.9643	0.8235			44.26	8821	233.8540	0.2647	233.8133	0.0588	233.9468	0.7353	233.9817	0.9118	232_f0-700_ncomp-15_pos.wav_1	f0 700	15_p
234	Spectrogram 1	1	234.800000000	235.000000000	200ms_schroeder_master.wav	/home/m/Dropbox/Projects/acoustic_fine_features_zebra_finch/data/processed/200ms_schroeder_master.wav	234.8000	650.000	11742.423	5.236		5.279	-32.73	5598.633	10422.070	234.8000		234.8000	10354680	0	10354680	6201.562	234.8989	0.5000	11092.423		0.2000	0.0929	0.1683	235.0000		200ms_schroeder_master.wav	10363500	/home/m/Dropbox/Projects/acoustic_fine_features_zebra_finch/data/processed/200ms_schroeder_master.wav	10363500	27.897		3445.312	775.195	9043.945	11197.266	775.195;775.195;775.195;775.195;775.195;775.195;775.195;775.195;775.195;775.195;775.195;775.195;775.195;775.195;775.195;775.195;775.195;775.195;775.195;775.195;775.195;775.195;775.195;775.195;775.195;775.195;775.195;775.195;775.195;775.195;775.195;775.195;775.195;1205.859	3445.312;3445.312;3445.312;3445.312;3445.312;3445.312;3445.312;3445.312;3445.312;3445.312;3445.312;3445.312;3445.312;3445.312;3445.312;3445.312;3445.312;3445.312;3445.312;3445.312;3445.312;3445.312;3445.312;3445.312;3445.312;3445.312;3445.312;3445.312;3445.312;3445.312;3445.312;3445.312;3445.312;3445.312	6201.562;6201.562;6201.562;6201.562;6201.562;6201.562;6201.562;6201.562;6201.562;6201.562;6201.562;6201.562;6201.562;6201.562;6201.562;6201.562;6201.562;6201.562;6201.562;6201.562;6201.562;6201.562;6201.562;6201.562;6201.562;6201.562;6201.562;6201.562;6201.562;6201.562;6201.562;6201.562;6201.562;6201.562	9043.945;9043.945;9043.945;9043.945;9043.945;9043.945;9043.945;9043.945;9043.945;9043.945;9043.945;9043.945;9043.945;9043.945;9043.945;9043.945;9043.945;9043.945;9043.945;9043.945;9043.945;9043.945;9043.945;9043.945;9043.945;9043.945;9043.945;9043.945;9043.945;9043.945;9043.945;9043.945;9043.945;8957.812	11197.266;11197.266;11197.266;11197.266;11197.266;11197.266;11197.266;11197.266;11197.266;11197.266;11197.266;11197.266;11197.266;11197.266;11197.266;11197.266;11197.266;11197.266;11197.266;11197.266;11197.266;11197.266;11197.266;11197.266;11197.266;11197.266;11197.266;11197.266;11197.266;11197.266;11197.266;11197.266;11197.266;11111.133	-11.63	35				6.151	5598.633	234.8756		5.226				5598.633	5598.633;5598.633;5598.633;5598.633;11197.266;11197.266;11197.266;5598.633;5598.633;5598.633;5598.633;5598.633;5598.633;5598.633;5598.633;5598.633;5598.633;5598.633;11197.266;11197.266;11197.266;11197.266;5598.633;5598.633;5598.633;5598.633;5598.633;5598.633;5598.633;5598.633;5598.633;5598.633;11197.266;11197.266	29.226	11197.266	964.452	5598.633	-964.452	4.000	0.000;0.000;0.000;964.452;0.000;0.000;-964.452;0.000;0.000;0.000;0.000;0.000;0.000;0.000;0.000;0.000;0.000;964.452;0.000;0.000;0.000;-964.452;0.000;0.000;0.000;0.000;0.000;0.000;0.000;0.000;0.000;964.452;0.000		-25.05	234.8756	0.3824			44.80	8821	234.8524	0.2647	234.8176	0.0882	234.9453	0.7353	234.9859	0.9412	233_f0-700_ncomp-16_neg.wav_1	f0 700	16_n
235	Spectrogram 1	1	235.800000000	236.000000000	200ms_schroeder_master.wav	/home/m/Dropbox/Projects/acoustic_fine_features_zebra_finch/data/processed/200ms_schroeder_master.wav	235.8000	650.000	11742.423	5.236		5.250	-32.61	5598.633	10422.070	235.8000		235.8000	10398780	0	10398780	6201.562	235.8973	0.4848	11092.423		0.2000	0.0987	0.1683	236.0000		200ms_schroeder_master.wav	10407600	/home/m/Dropbox/Projects/acoustic_fine_features_zebra_finch/data/processed/200ms_schroeder_master.wav	10407600	27.896		3445.312	775.195	9043.945	11197.266	775.195;775.195;775.195;775.195;775.195;775.195;775.195;775.195;775.195;775.195;775.195;775.195;775.195;775.195;775.195;775.195;775.195;775.195;775.195;775.195;775.195;775.195;775.195;775.195;775.195;775.195;775.195;775.195;775.195;775.195;775.195;775.195;775.195	3445.312;3445.312;3445.312;3445.312;3445.312;3445.312;3445.312;3445.312;3445.312;3445.312;3445.312;3445.312;3445.312;3445.312;3445.312;3445.312;3445.312;3445.312;3445.312;3445.312;3445.312;3445.312;3445.312;3445.312;3445.312;3445.312;3445.312;3445.312;3445.312;3445.312;3445.312;3445.312;3445.312	6201.562;6201.562;6201.562;6201.562;6201.562;6201.562;6201.562;6201.562;6201.562;6201.562;6201.562;6201.562;6201.562;6201.562;6201.562;6201.562;6201.562;6201.562;6201.562;6201.562;6201.562;6201.562;6201.562;6201.562;6201.562;6201.562;6201.562;6201.562;6201.562;6201.562;6201.562;6201.562;6201.562	9043.945;9043.945;9043.945;9043.945;9043.945;9043.945;9043.945;9043.945;9043.945;9043.945;9043.945;9043.945;9043.945;9043.945;9043.945;9043.945;9043.945;9043.945;9043.945;9043.945;9043.945;9043.945;9043.945;9043.945;9043.945;9043.945;9043.945;9043.945;9043.945;9043.945;9043.945;9043.945;8957.812	11197.266;11197.266;11197.266;11197.266;11197.266;11197.266;11197.266;11197.266;11197.266;11197.266;11197.266;11197.266;11197.266;11197.266;11197.266;11197.266;11197.266;11197.266;11197.266;11197.266;11197.266;11197.266;11197.266;11197.266;11197.266;11197.266;11197.266;11197.266;11197.266;11197.266;11197.266;11197.266;11111.133	-11.50	34				5.599	5598.633	235.8857		5.226				5598.633	5598.633;5598.633;5598.633;5598.633;5598.633;11197.266;11197.266;11197.266;5598.633;5598.633;5598.633;5598.633;5598.633;5598.633;5598.633;5598.633;5598.633;5598.633;5598.633;5598.633;11197.266;11197.266;11197.266;11197.266;5598.633;5598.633;5598.633;5598.633;5598.633;5598.633;5598.633;5598.633;11197.266	30.139	11197.266	964.452	5598.633	-964.452	4.000	0.000;0.000;0.000;0.000;964.452;0.000;0.000;-964.452;0.000;0.000;0.000;0.000;0.000;0.000;0.000;0.000;0.000;0.000;0.000;964.452;0.000;0.000;0.000;-964.452;0.000;0.000;0.000;0.000;0.000;0.000;0.000;964.452		-25.05	235.8857	0.4242			44.73	8821	235.8509	0.2424	235.8160	0.0606	235.9496	0.7576	235.9844	0.9394	234_f0-700_ncomp-16_pos.wav_1	f0 700	16_p
236	Spectrogram 1	1	236.800000000	237.000000000	200ms_schroeder_master.wav	/home/m/Dropbox/Projects/acoustic_fine_features_zebra_finch/data/processed/200ms_schroeder_master.wav	236.8000	650.000	12456.695	5.325		5.341	-32.01	5684.766	11111.133	236.8000		236.8000	10442880	0	10442880	6287.695	236.9016	0.5152	11806.695		0.2000	0.0929	0.1683	237.0000		200ms_schroeder_master.wav	10451700	/home/m/Dropbox/Projects/acoustic_fine_features_zebra_finch/data/processed/200ms_schroeder_master.wav	10451700	28.758		3445.312	775.195	9130.078	11886.328	775.195;775.195;775.195;775.195;775.195;775.195;775.195;775.195;775.195;775.195;775.195;775.195;775.195;775.195;775.195;775.195;775.195;775.195;775.195;775.195;775.195;775.195;775.195;775.195;775.195;775.195;775.195;775.195;775.195;775.195;775.195;775.195;1291.992	3445.312;3445.312;3445.312;3445.312;3445.312;3445.312;3445.312;3445.312;3445.312;3445.312;3445.312;3445.312;3445.312;3445.312;3445.312;3445.312;3445.312;3445.312;3445.312;3445.312;3445.312;3445.312;3445.312;3445.312;3445.312;3445.312;3445.312;3445.312;3445.312;3445.312;3445.312;3445.312;3445.312	6287.695;6287.695;6287.695;6287.695;6287.695;6287.695;6287.695;6287.695;6287.695;6287.695;6287.695;6287.695;6287.695;6287.695;6287.695;6287.695;6287.695;6287.695;6287.695;6287.695;6287.695;6287.695;6287.695;6287.695;6287.695;6287.695;6287.695;6287.695;6287.695;6287.695;6287.695;6287.695;6287.695	9130.078;9130.078;9130.078;9130.078;9130.078;9130.078;9130.078;9130.078;9130.078;9130.078;9130.078;9130.078;9130.078;9130.078;9130.078;9130.078;9130.078;9130.078;9130.078;9130.078;9130.078;9130.078;9130.078;9130.078;9130.078;9130.078;9130.078;9130.078;9130.078;9130.078;9130.078;9130.078;9130.078	11886.328;11886.328;11886.328;11886.328;11886.328;11886.328;11886.328;11886.328;11886.328;11886.328;11886.328;11886.328;11886.328;11886.328;11886.328;11886.328;11886.328;11886.328;11886.328;11886.328;11886.328;11886.328;11886.328;11886.328;11886.328;11886.328;11886.328;11886.328;11886.328;11886.328;11886.328;11886.328;11886.328	-10.64	34				5.801	5598.633	236.8842		5.315				5598.633	5598.633;5598.633;5598.633;5598.633;11197.266;11197.266;11197.266;11197.266;5598.633;5598.633;5598.633;5598.633;5598.633;5598.633;5598.633;5598.633;5598.633;5598.633;5598.633;11197.266;11197.266;11197.266;11197.266;11197.266;5598.633;5598.633;5598.633;5598.633;5598.633;5598.633;5598.633;5598.633;11197.266	30.139	11197.266	964.452	5598.633	-964.452	4.000	0.000;0.000;0.000;964.452;0.000;0.000;0.000;-964.452;0.000;0.000;0.000;0.000;0.000;0.000;0.000;0.000;0.000;0.000;964.452;0.000;0.000;0.000;0.000;-964.452;0.000;0.000;0.000;0.000;0.000;0.000;0.000;964.452		-24.45	236.8842	0.4242			44.61	8821	236.8551	0.2727	236.8145	0.0606	236.9480	0.7576	236.9828	0.9394	235_f0-700_ncomp-17_neg.wav_1	f0 700	17_n
237	Spectrogram 1	1	237.800000000	238.000000000	200ms_schroeder_master.wav	/home/m/Dropbox/Projects/acoustic_fine_features_zebra_finch/data/processed/200ms_schroeder_master.wav	237.8000	650.000	12456.695	5.325		5.366	-32.13	5684.766	11111.133	237.8000		237.8000	10486980	0	10486980	6287.695	237.9000	0.5000	11806.695		0.2000	0.0929	0.1741	238.0000		200ms_schroeder_master.wav	10495800	/home/m/Dropbox/Projects/acoustic_fine_features_zebra_finch/data/processed/200ms_schroeder_master.wav	10495800	28.759		3445.312	775.195	9130.078	11886.328	861.328;775.195;775.195;775.195;775.195;775.195;775.195;775.195;775.195;775.195;775.195;775.195;775.195;775.195;775.195;775.195;775.195;775.195;775.195;775.195;775.195;775.195;775.195;775.195;775.195;775.195;775.195;775.195;775.195;775.195;775.195;775.195;775.195;1291.992	3445.312;3445.312;3445.312;3445.312;3445.312;3445.312;3445.312;3445.312;3445.312;3445.312;3445.312;3445.312;3445.312;3445.312;3445.312;3445.312;3445.312;3445.312;3445.312;3445.312;3445.312;3445.312;3445.312;3445.312;3445.312;3445.312;3445.312;3445.312;3445.312;3445.312;3445.312;3445.312;3445.312;3445.312	6287.695;6287.695;6287.695;6287.695;6287.695;6287.695;6287.695;6287.695;6287.695;6287.695;6287.695;6287.695;6287.695;6287.695;6287.695;6287.695;6287.695;6287.695;6287.695;6287.695;6287.695;6287.695;6287.695;6287.695;6287.695;6287.695;6287.695;6287.695;6287.695;6287.695;6287.695;6287.695;6287.695;6287.695	9130.078;9130.078;9130.078;9130.078;9130.078;9130.078;9130.078;9130.078;9130.078;9130.078;9130.078;9130.078;9130.078;9130.078;9130.078;9130.078;9130.078;9130.078;9130.078;9130.078;9130.078;9130.078;9130.078;9130.078;9130.078;9130.078;9130.078;9130.078;9130.078;9130.078;9130.078;9130.078;9130.078;9216.211	11886.328;11886.328;11886.328;11886.328;11886.328;11886.328;11886.328;11886.328;11886.328;11886.328;11886.328;11886.328;11886.328;11886.328;11886.328;11886.328;11886.328;11886.328;11886.328;11886.328;11886.328;11886.328;11886.328;11886.328;11886.328;11886.328;11886.328;11886.328;11886.328;11886.328;11886.328;11886.328;11886.328;11800.195	-10.76	35				6.040	5598.633	237.9000		5.315				5598.633	5598.633;5598.633;5598.633;5598.633;5598.633;5598.633;5598.633;11197.266;11197.266;11197.266;11197.266;5598.633;5598.633;5598.633;5598.633;5598.633;5598.633;5598.633;5598.633;5598.633;5598.633;5598.633;11197.266;11197.266;11197.266;11197.266;11197.266;5598.633;5598.633;5598.633;5598.633;5598.633;5598.633;5598.633	0.000	11197.266	964.452	5598.633	-964.452	3.000	0.000;0.000;0.000;0.000;0.000;0.000;964.452;0.000;0.000;0.000;-964.452;0.000;0.000;0.000;0.000;0.000;0.000;0.000;0.000;0.000;0.000;964.452;0.000;0.000;0.000;0.000;-964.452;0.000;0.000;0.000;0.000;0.000;0.000		-24.45	237.9000	0.5000			44.90	8821	237.8536	0.2647	237.8130	0.0588	237.9465	0.7353	237.9871	0.9412	236_f0-700_ncomp-17_pos.wav_1	f0 700	17_p
238	Spectrogram 1	1	238.800000000	239.000000000	200ms_schroeder_master.wav	/home/m/Dropbox/Projects/acoustic_fine_features_zebra_finch/data/processed/200ms_schroeder_master.wav	238.8000	650.000	13260.252	5.408		5.425	-32.63	6287.695	11283.398	238.8000		238.8000	10531080	0	10531080	6890.625	238.8985	0.4848	12610.252		0.2000	0.0929	0.1683	239.0000		200ms_schroeder_master.wav	10539900	/home/m/Dropbox/Projects/acoustic_fine_features_zebra_finch/data/processed/200ms_schroeder_master.wav	10539900	28.408		3531.445	1291.992	9819.141	12575.391	1291.992;1291.992;1291.992;1291.992;1291.992;1291.992;1291.992;1291.992;1291.992;1291.992;1291.992;1291.992;1291.992;1291.992;1291.992;1291.992;1291.992;1291.992;1291.992;1291.992;1291.992;1291.992;1291.992;1291.992;1291.992;1291.992;1291.992;1291.992;1291.992;1291.992;1291.992;1291.992;1291.992	3531.445;3531.445;3531.445;3531.445;3531.445;3531.445;3531.445;3531.445;3531.445;3531.445;3531.445;3531.445;3531.445;3531.445;3531.445;3531.445;3531.445;3531.445;3531.445;3531.445;3531.445;3531.445;3531.445;3531.445;3531.445;3531.445;3531.445;3531.445;3531.445;3531.445;3531.445;3531.445;3531.445	6890.625;6890.625;6890.625;6890.625;6890.625;6890.625;6890.625;6890.625;6890.625;6890.625;6890.625;6890.625;6890.625;6890.625;6890.625;6890.625;6890.625;6890.625;6890.625;6890.625;6890.625;6890.625;6890.625;6890.625;6890.625;6890.625;6890.625;6890.625;6890.625;6890.625;6890.625;6890.625;6890.625	9819.141;9819.141;9819.141;9819.141;9819.141;9819.141;9819.141;9819.141;9819.141;9819.141;9819.141;9819.141;9819.141;9819.141;9819.141;9819.141;9819.141;9819.141;9819.141;9819.141;9819.141;9819.141;9819.141;9819.141;9819.141;9819.141;9819.141;9819.141;9819.141;9819.141;9819.141;9819.141;9819.141	12575.391;12575.391;12575.391;12575.391;12575.391;12575.391;12575.391;12575.391;12575.391;12575.391;12575.391;12575.391;12575.391;12575.391;12575.391;12575.391;12575.391;12575.391;12575.391;12575.391;12575.391;12575.391;12575.391;12575.391;12575.391;12575.391;12575.391;12575.391;12575.391;12575.391;12575.391;12575.391;12489.258	-10.99	34				5.899	5598.633	238.8927		5.398				5598.633	5598.633;5598.633;5598.633;5598.633;11197.266;11197.266;11197.266;11197.266;11197.266;5598.633;5598.633;5598.633;5598.633;5598.633;5598.633;5598.633;5598.633;5598.633;5598.633;5598.633;11197.266;11197.266;11197.266;11197.266;11197.266;5598.633;5598.633;5598.633;5598.633;5598.633;5598.633;5598.633;11197.266	30.139	11197.266	964.452	5598.633	-964.452	4.000	0.000;0.000;0.000;964.452;0.000;0.000;0.000;0.000;-964.452;0.000;0.000;0.000;0.000;0.000;0.000;0.000;0.000;0.000;0.000;964.452;0.000;0.000;0.000;0.000;-964.452;0.000;0.000;0.000;0.000;0.000;0.000;964.452		-25.05	238.8927	0.4545			44.23	8821	238.8521	0.2424	238.8172	0.0606	238.9449	0.7273	238.9856	0.9394	237_f0-700_ncomp-18_neg.wav_1	f0 700	18_n
239	Spectrogram 1	1	239.800000000	240.000000000	200ms_schroeder_master.wav	/home/m/Dropbox/Projects/acoustic_fine_features_zebra_finch/data/processed/200ms_schroeder_master.wav	239.8000	650.000	13260.252	5.409		5.423	-32.63	6287.695	11283.398	239.8000		239.8000	10575180	0	10575180	6890.625	239.9028	0.5152	12610.252		0.2000	0.0987	0.1683	240.0000		200ms_schroeder_master.wav	10584000	/home/m/Dropbox/Projects/acoustic_fine_features_zebra_finch/data/processed/200ms_schroeder_master.wav	10584000	28.409		3531.445	1291.992	9819.141	12575.391	1291.992;1291.992;1291.992;1291.992;1291.992;1291.992;1291.992;1291.992;1291.992;1291.992;1291.992;1291.992;1291.992;1291.992;1291.992;1291.992;1291.992;1291.992;1291.992;1291.992;1291.992;1291.992;1291.992;1291.992;1291.992;1291.992;1291.992;1291.992;1291.992;1291.992;1291.992;1291.992;1291.992	3531.445;3531.445;3531.445;3531.445;3531.445;3531.445;3531.445;3531.445;3531.445;3531.445;3531.445;3531.445;3531.445;3531.445;3531.445;3531.445;3531.445;3531.445;3531.445;3531.445;3531.445;3531.445;3531.445;3531.445;3531.445;3531.445;3531.445;3531.445;3531.445;3531.445;3531.445;3531.445;3531.445	6890.625;6890.625;6890.625;6890.625;6890.625;6890.625;6890.625;6890.625;6890.625;6890.625;6890.625;6890.625;6890.625;6890.625;6890.625;6890.625;6890.625;6890.625;6890.625;6890.625;6890.625;6890.625;6890.625;6890.625;6890.625;6890.625;6890.625;6890.625;6890.625;6890.625;6890.625;6890.625;6890.625	9819.141;9819.141;9819.141;9819.141;9819.141;9819.141;9819.141;9819.141;9819.141;9819.141;9819.141;9819.141;9819.141;9819.141;9819.141;9819.141;9819.141;9819.141;9819.141;9819.141;9819.141;9819.141;9819.141;9819.141;9819.141;9819.141;9819.141;9819.141;9819.141;9819.141;9819.141;9819.141;9819.141	12575.391;12575.391;12575.391;12575.391;12575.391;12575.391;12575.391;12575.391;12575.391;12575.391;12575.391;12575.391;12575.391;12575.391;12575.391;12575.391;12575.391;12575.391;12575.391;12575.391;12575.391;12575.391;12575.391;12575.391;12575.391;12575.391;12575.391;12575.391;12575.391;12575.391;12575.391;12575.391;12489.258	-10.99	34				5.762	5598.633	239.9144		5.398				5598.633	5598.633;5598.633;5598.633;5598.633;5598.633;5598.633;5598.633;5598.633;11197.266;11197.266;11197.266;11197.266;11197.266;5598.633;5598.633;5598.633;5598.633;5598.633;5598.633;5598.633;5598.633;5598.633;5598.633;5598.633;11197.266;11197.266;11197.266;11197.266;11197.266;5598.633;5598.633;5598.633;5598.633	0.000	11197.266	964.452	5598.633	-964.452	3.000	0.000;0.000;0.000;0.000;0.000;0.000;0.000;964.452;0.000;0.000;0.000;0.000;-964.452;0.000;0.000;0.000;0.000;0.000;0.000;0.000;0.000;0.000;0.000;964.452;0.000;0.000;0.000;0.000;-964.452;0.000;0.000;0.000		-25.05	239.9144	0.5758			44.12	8821	239.8505	0.2424	239.8157	0.0606	239.9492	0.7576	239.9840	0.9394	238_f0-700_ncomp-18_pos.wav_1	f0 700	18_p
240	Spectrogram 1	1	240.800000000	241.000000000	200ms_schroeder_master.wav	/home/m/Dropbox/Projects/acoustic_fine_features_zebra_finch/data/processed/200ms_schroeder_master.wav	240.8000	650.000	13974.524	5.488		5.531	-33.20	6976.758	11972.461	240.8000		240.8000	10619280	0	10619280	6976.758	240.9012	0.5000	13324.524		0.2000	0.0929	0.1683	241.0000		200ms_schroeder_master.wav	10628100	/home/m/Dropbox/Projects/acoustic_fine_features_zebra_finch/data/processed/200ms_schroeder_master.wav	10628100	28.231		3531.445	1291.992	10508.203	13264.453	1291.992;1291.992;1291.992;1291.992;1291.992;1291.992;1291.992;1291.992;1291.992;1291.992;1291.992;1291.992;1291.992;1291.992;1291.992;1291.992;1291.992;1291.992;1291.992;1291.992;1291.992;1291.992;1291.992;1291.992;1291.992;1291.992;1291.992;1291.992;1291.992;1291.992;1291.992;1291.992;1291.992;1291.992	3531.445;3531.445;3531.445;3531.445;3531.445;3531.445;3531.445;3531.445;3531.445;3531.445;3531.445;3531.445;3531.445;3531.445;3531.445;3531.445;3531.445;3531.445;3531.445;3531.445;3531.445;3531.445;3531.445;3531.445;3531.445;3531.445;3531.445;3531.445;3531.445;3531.445;3531.445;3531.445;3531.445;3703.711	6976.758;6976.758;6976.758;6976.758;6976.758;6976.758;6976.758;6976.758;6976.758;6976.758;6976.758;6976.758;6976.758;6976.758;6976.758;6976.758;6976.758;6976.758;6976.758;6976.758;6976.758;6976.758;6976.758;6976.758;6976.758;6976.758;6976.758;6976.758;6976.758;6976.758;6976.758;6976.758;6976.758;7062.891	10508.203;10508.203;10508.203;10508.203;10508.203;10508.203;10508.203;10508.203;10508.203;10508.203;10508.203;10508.203;10508.203;10508.203;10508.203;10508.203;10508.203;10508.203;10508.203;10508.203;10508.203;10508.203;10508.203;10508.203;10508.203;10508.203;10508.203;10508.203;10508.203;10508.203;10508.203;10508.203;10508.203;10422.070	13178.320;13264.453;13264.453;13264.453;13264.453;13264.453;13264.453;13264.453;13264.453;13264.453;13264.453;13264.453;13264.453;13264.453;13264.453;13264.453;13264.453;13264.453;13264.453;13264.453;13264.453;13264.453;13264.453;13264.453;13264.453;13264.453;13264.453;13264.453;13264.453;13264.453;13264.453;13264.453;13178.320;13178.320	-11.29	35				6.430	5598.633	240.9012		5.477				5598.633	5598.633;5598.633;5598.633;5598.633;5598.633;5598.633;11197.266;11197.266;11197.266;11197.266;11197.266;5598.633;5598.633;5598.633;5598.633;5598.633;5598.633;5598.633;5598.633;5598.633;5598.633;5598.633;11197.266;11197.266;11197.266;11197.266;11197.266;5598.633;5598.633;5598.633;5598.633;5598.633;5598.633;5598.633	0.000	11197.266	964.452	5598.633	-964.452	3.000	0.000;0.000;0.000;0.000;0.000;964.452;0.000;0.000;0.000;0.000;-964.452;0.000;0.000;0.000;0.000;0.000;0.000;0.000;0.000;0.000;0.000;964.452;0.000;0.000;0.000;0.000;-964.452;0.000;0.000;0.000;0.000;0.000;0.000		-25.46	240.9012	0.5000			44.45	8821	240.8548	0.2647	240.8141	0.0588	240.9477	0.7353	240.9825	0.9118	239_f0-700_ncomp-19_neg.wav_1	f0 700	19_n
241	Spectrogram 1	1	241.800000000	242.000000000	200ms_schroeder_master.wav	/home/m/Dropbox/Projects/acoustic_fine_features_zebra_finch/data/processed/200ms_schroeder_master.wav	241.8000	650.000	13974.524	5.488		5.529	-33.19	6976.758	11972.461	241.8000		241.8000	10663380	0	10663380	6976.758	241.8997	0.5000	13324.524		0.2000	0.0929	0.1683	242.0000		200ms_schroeder_master.wav	10672200	/home/m/Dropbox/Projects/acoustic_fine_features_zebra_finch/data/processed/200ms_schroeder_master.wav	10672200	28.231		3531.445	1291.992	10508.203	13264.453	1291.992;1291.992;1291.992;1291.992;1291.992;1291.992;1291.992;1291.992;1291.992;1291.992;1291.992;1291.992;1291.992;1291.992;1291.992;1291.992;1291.992;1291.992;1291.992;1291.992;1291.992;1291.992;1291.992;1291.992;1291.992;1291.992;1291.992;1291.992;1291.992;1291.992;1291.992;1291.992;1291.992;1291.992	3531.445;3531.445;3531.445;3531.445;3531.445;3531.445;3531.445;3531.445;3531.445;3531.445;3531.445;3531.445;3531.445;3531.445;3531.445;3531.445;3531.445;3531.445;3531.445;3531.445;3531.445;3531.445;3531.445;3531.445;3531.445;3531.445;3531.445;3531.445;3531.445;3531.445;3531.445;3531.445;3531.445;3617.578	6976.758;6976.758;6976.758;6976.758;6976.758;6976.758;6976.758;6976.758;6976.758;6976.758;6976.758;6976.758;6976.758;6976.758;6976.758;6976.758;6976.758;6976.758;6976.758;6976.758;6976.758;6976.758;6976.758;6976.758;6976.758;6976.758;6976.758;6976.758;6976.758;6976.758;6976.758;6976.758;6976.758;7062.891	10508.203;10508.203;10508.203;10508.203;10508.203;10508.203;10508.203;10508.203;10508.203;10508.203;10508.203;10508.203;10508.203;10508.203;10508.203;10508.203;10508.203;10508.203;10508.203;10508.203;10508.203;10508.203;10508.203;10508.203;10508.203;10508.203;10508.203;10508.203;10508.203;10508.203;10508.203;10508.203;10508.203;10422.070	13178.320;13264.453;13264.453;13264.453;13264.453;13264.453;13264.453;13264.453;13264.453;13264.453;13264.453;13264.453;13264.453;13264.453;13264.453;13264.453;13264.453;13264.453;13264.453;13264.453;13264.453;13264.453;13264.453;13264.453;13264.453;13264.453;13264.453;13264.453;13264.453;13264.453;13264.453;13264.453;13178.320;13178.320	-11.29	35				6.247	5598.633	241.9287		5.477				5598.633	11197.266;5598.633;5598.633;5598.633;5598.633;5598.633;5598.633;5598.633;5598.633;5598.633;5598.633;11197.266;11197.266;11197.266;11197.266;11197.266;5598.633;5598.633;5598.633;5598.633;5598.633;5598.633;5598.633;5598.633;5598.633;5598.633;5598.633;11197.266;11197.266;11197.266;11197.266;11197.266;5598.633;5598.633	-29.226	11197.266	964.452	5598.633	-964.452	4.000	-964.452;0.000;0.000;0.000;0.000;0.000;0.000;0.000;0.000;0.000;964.452;0.000;0.000;0.000;0.000;-964.452;0.000;0.000;0.000;0.000;0.000;0.000;0.000;0.000;0.000;0.000;964.452;0.000;0.000;0.000;0.000;-964.452;0.000		-25.46	241.9287	0.6471			44.74	8821	241.8532	0.2647	241.8184	0.0882	241.9461	0.7353	241.9867	0.9412	240_f0-700_ncomp-19_pos.wav_1	f0 700	19_p
242	Spectrogram 1	1	242.800000000	243.000000000	200ms_schroeder_master.wav	/home/m/Dropbox/Projects/acoustic_fine_features_zebra_finch/data/processed/200ms_schroeder_master.wav	242.8000	650.000	14688.796	5.562		5.578	-32.62	6976.758	12489.258	242.8000		242.8000	10707480	0	10707480	7665.820	242.8981	0.4848	14038.796		0.2000	0.0929	0.1683	243.0000		200ms_schroeder_master.wav	10716300	/home/m/Dropbox/Projects/acoustic_fine_features_zebra_finch/data/processed/200ms_schroeder_master.wav	10716300	28.896		4134.375	1378.125	11111.133	13867.383	1378.125;1378.125;1378.125;1378.125;1378.125;1378.125;1378.125;1378.125;1378.125;1378.125;1378.125;1378.125;1378.125;1378.125;1378.125;1378.125;1378.125;1378.125;1378.125;1378.125;1378.125;1378.125;1378.125;1378.125;1378.125;1378.125;1378.125;1378.125;1378.125;1378.125;1378.125;1378.125;1378.125	4134.375;4134.375;4134.375;4134.375;4134.375;4134.375;4134.375;4134.375;4134.375;4134.375;4134.375;4134.375;4134.375;4134.375;4134.375;4134.375;4134.375;4134.375;4134.375;4134.375;4134.375;4134.375;4134.375;4134.375;4134.375;4134.375;4134.375;4134.375;4134.375;4134.375;4134.375;4134.375;4134.375	7665.820;7665.820;7665.820;7665.820;7665.820;7665.820;7665.820;7665.820;7665.820;7665.820;7665.820;7665.820;7665.820;7665.820;7665.820;7665.820;7665.820;7665.820;7665.820;7665.820;7665.820;7665.820;7665.820;7665.820;7665.820;7665.820;7665.820;7665.820;7665.820;7665.820;7665.820;7665.820;7579.688	11111.133;11111.133;11111.133;11111.133;11111.133;11111.133;11111.133;11111.133;11111.133;11111.133;11111.133;11111.133;11111.133;11111.133;11111.133;11111.133;11111.133;11111.133;11111.133;11111.133;11111.133;11111.133;11111.133;11111.133;11111.133;11111.133;11111.133;11111.133;11111.133;11111.133;11111.133;11111.133;11111.133	13867.383;13867.383;13867.383;13867.383;13867.383;13867.383;13867.383;13867.383;13867.383;13867.383;13867.383;13867.383;13867.383;13867.383;13867.383;13867.383;13867.383;13867.383;13867.383;13867.383;13867.383;13867.383;13867.383;13867.383;13867.383;13867.383;13867.383;13867.383;13867.383;13867.383;13867.383;13867.383;13867.383	-10.50	34				6.010	5598.633	242.8227		5.552				5598.633	5598.633;5598.633;5598.633;5598.633;5598.633;5598.633;5598.633;5598.633;11197.266;11197.266;11197.266;11197.266;5598.633;5598.633;5598.633;5598.633;5598.633;5598.633;5598.633;5598.633;5598.633;5598.633;5598.633;11197.266;11197.266;11197.266;11197.266;11197.266;5598.633;5598.633;5598.633;5598.633;5598.633	0.000	11197.266	964.452	5598.633	-964.452	3.000	0.000;0.000;0.000;0.000;0.000;0.000;0.000;964.452;0.000;0.000;0.000;-964.452;0.000;0.000;0.000;0.000;0.000;0.000;0.000;0.000;0.000;0.000;964.452;0.000;0.000;0.000;0.000;-964.452;0.000;0.000;0.000;0.000		-25.02	242.8227	0.0909			44.03	8821	242.8517	0.2424	242.8169	0.0606	242.9446	0.7273	242.9852	0.9394	241_f0-700_ncomp-20_neg.wav_1	f0 700	20_n
243	Spectrogram 1	1	243.800000000	244.000000000	200ms_schroeder_master.wav	/home/m/Dropbox/Projects/acoustic_fine_features_zebra_finch/data/processed/200ms_schroeder_master.wav	243.8000	650.000	14688.796	5.562		5.577	-32.62	6976.758	12489.258	243.8000		243.8000	10751580	0	10751580	7665.820	243.9024	0.5152	14038.796		0.2000	0.0929	0.1683	244.0000		200ms_schroeder_master.wav	10760400	/home/m/Dropbox/Projects/acoustic_fine_features_zebra_finch/data/processed/200ms_schroeder_master.wav	10760400	28.896		4134.375	1378.125	11111.133	13867.383	1378.125;1378.125;1378.125;1378.125;1378.125;1378.125;1378.125;1378.125;1378.125;1378.125;1378.125;1378.125;1378.125;1378.125;1378.125;1378.125;1378.125;1378.125;1378.125;1378.125;1378.125;1378.125;1378.125;1378.125;1378.125;1378.125;1378.125;1378.125;1378.125;1378.125;1378.125;1378.125;1378.125	4134.375;4134.375;4134.375;4134.375;4134.375;4134.375;4134.375;4134.375;4134.375;4134.375;4134.375;4134.375;4134.375;4134.375;4134.375;4134.375;4134.375;4134.375;4134.375;4134.375;4134.375;4134.375;4134.375;4134.375;4134.375;4134.375;4134.375;4134.375;4134.375;4134.375;4134.375;4134.375;4134.375	7665.820;7665.820;7665.820;7665.820;7665.820;7665.820;7665.820;7665.820;7665.820;7665.820;7665.820;7665.820;7665.820;7665.820;7665.820;7665.820;7665.820;7665.820;7665.820;7665.820;7665.820;7665.820;7665.820;7665.820;7665.820;7665.820;7665.820;7665.820;7665.820;7665.820;7665.820;7665.820;7579.688	11111.133;11111.133;11111.133;11111.133;11111.133;11111.133;11111.133;11111.133;11111.133;11111.133;11111.133;11111.133;11111.133;11111.133;11111.133;11111.133;11111.133;11111.133;11111.133;11111.133;11111.133;11111.133;11111.133;11111.133;11111.133;11111.133;11111.133;11111.133;11111.133;11111.133;11111.133;11111.133;11111.133	13867.383;13867.383;13867.383;13867.383;13867.383;13867.383;13867.383;13867.383;13867.383;13867.383;13867.383;13867.383;13867.383;13867.383;13867.383;13867.383;13867.383;13867.383;13867.383;13867.383;13867.383;13867.383;13867.383;13867.383;13867.383;13867.383;13867.383;13867.383;13867.383;13867.383;13867.383;13867.383;13867.383	-10.50	34				5.951	5598.633	243.8501		5.552				5598.633	5598.633;11197.266;11197.266;5598.633;5598.633;5598.633;5598.633;5598.633;5598.633;5598.633;5598.633;5598.633;5598.633;11197.266;11197.266;11197.266;11197.266;11197.266;5598.633;5598.633;5598.633;5598.633;5598.633;5598.633;5598.633;5598.633;5598.633;5598.633;5598.633;11197.266;11197.266;11197.266;5598.633	0.000	11197.266	964.452	5598.633	-964.452	5.000	964.452;0.000;-964.452;0.000;0.000;0.000;0.000;0.000;0.000;0.000;0.000;0.000;964.452;0.000;0.000;0.000;0.000;-964.452;0.000;0.000;0.000;0.000;0.000;0.000;0.000;0.000;0.000;0.000;964.452;0.000;0.000;-964.452		-25.02	243.8501	0.2424			44.02	8821	243.8560	0.2727	243.8153	0.0606	243.9488	0.7576	243.9837	0.9394	242_f0-700_ncomp-20_pos.wav_1	f0 700	20_p
244	Spectrogram 1	1	244.800000000	245.000000000	200ms_schroeder_master.wav	/home/m/Dropbox/Projects/acoustic_fine_features_zebra_finch/data/processed/200ms_schroeder_master.wav	244.8000	650.000	15403.068	5.634		5.676	-33.85	6976.758	12661.523	244.8000		244.8000	10795680	0	10795680	7665.820	244.9009	0.5000	14753.068		0.2000	0.0929	0.1683	245.0000		200ms_schroeder_master.wav	10804500	/home/m/Dropbox/Projects/acoustic_fine_features_zebra_finch/data/processed/200ms_schroeder_master.wav	10804500	28.002		4220.508	1378.125	11197.266	14039.648	1378.125;1378.125;1378.125;1378.125;1378.125;1378.125;1378.125;1378.125;1378.125;1378.125;1378.125;1378.125;1378.125;1378.125;1378.125;1378.125;1378.125;1378.125;1378.125;1378.125;1378.125;1378.125;1378.125;1378.125;1378.125;1378.125;1378.125;1378.125;1378.125;1378.125;1378.125;1378.125;1378.125;1378.125	4220.508;4220.508;4220.508;4220.508;4220.508;4220.508;4220.508;4220.508;4220.508;4220.508;4220.508;4220.508;4220.508;4220.508;4220.508;4220.508;4220.508;4220.508;4220.508;4220.508;4220.508;4220.508;4220.508;4220.508;4220.508;4220.508;4220.508;4220.508;4220.508;4220.508;4220.508;4220.508;4220.508;4220.508	7751.953;7665.820;7665.820;7665.820;7665.820;7665.820;7665.820;7665.820;7665.820;7665.820;7665.820;7665.820;7665.820;7665.820;7665.820;7665.820;7665.820;7665.820;7665.820;7665.820;7665.820;7665.820;7665.820;7665.820;7665.820;7665.820;7665.820;7665.820;7665.820;7665.820;7665.820;7665.820;7751.953;7751.953	11283.398;11197.266;11197.266;11197.266;11197.266;11197.266;11197.266;11197.266;11197.266;11197.266;11197.266;11197.266;11197.266;11197.266;11197.266;11197.266;11197.266;11197.266;11197.266;11197.266;11197.266;11197.266;11197.266;11197.266;11197.266;11197.266;11197.266;11197.266;11197.266;11197.266;11197.266;11197.266;11283.398;11283.398	14125.781;14039.648;14039.648;14039.648;14039.648;14039.648;14039.648;14039.648;14039.648;14039.648;14039.648;14039.648;14039.648;14039.648;14039.648;14039.648;14039.648;14039.648;14039.648;14039.648;14039.648;14039.648;14039.648;14039.648;14039.648;14039.648;14039.648;14039.648;14039.648;14039.648;14039.648;14039.648;14125.781;14125.781	-11.52	35				6.501	5598.633	244.9241		5.623				5598.633	11197.266;5598.633;5598.633;5598.633;5598.633;5598.633;5598.633;5598.633;5598.633;5598.633;11197.266;11197.266;11197.266;11197.266;5598.633;5598.633;5598.633;5598.633;5598.633;5598.633;5598.633;5598.633;5598.633;5598.633;5598.633;11197.266;11197.266;11197.266;11197.266;11197.266;5598.633;5598.633;5598.633;5598.633	-29.226	11197.266	964.452	5598.633	-964.452	4.000	-964.452;0.000;0.000;0.000;0.000;0.000;0.000;0.000;0.000;964.452;0.000;0.000;0.000;-964.452;0.000;0.000;0.000;0.000;0.000;0.000;0.000;0.000;0.000;0.000;964.452;0.000;0.000;0.000;0.000;-964.452;0.000;0.000;0.000		-26.13	244.9241	0.6176			44.06	8821	244.8544	0.2647	244.8138	0.0588	244.9473	0.7353	244.9821	0.9118	243_f0-700_ncomp-21_neg.wav_1	f0 700	21_n
245	Spectrogram 1	1	245.800000000	246.000000000	200ms_schroeder_master.wav	/home/m/Dropbox/Projects/acoustic_fine_features_zebra_finch/data/processed/200ms_schroeder_master.wav	245.8000	650.000	15403.068	5.634		5.675	-33.85	6976.758	12661.523	245.8000		245.8000	10839780	0	10839780	7665.820	245.8993	0.5000	14753.068		0.2000	0.0929	0.1683	246.0000		200ms_schroeder_master.wav	10848600	/home/m/Dropbox/Projects/acoustic_fine_features_zebra_finch/data/processed/200ms_schroeder_master.wav	10848600	28.002		4220.508	1378.125	11197.266	14039.648	1378.125;1378.125;1378.125;1378.125;1378.125;1378.125;1378.125;1378.125;1378.125;1378.125;1378.125;1378.125;1378.125;1378.125;1378.125;1378.125;1378.125;1378.125;1378.125;1378.125;1378.125;1378.125;1378.125;1378.125;1378.125;1378.125;1378.125;1378.125;1378.125;1378.125;1378.125;1378.125;1378.125;1378.125	4220.508;4220.508;4220.508;4220.508;4220.508;4220.508;4220.508;4220.508;4220.508;4220.508;4220.508;4220.508;4220.508;4220.508;4220.508;4220.508;4220.508;4220.508;4220.508;4220.508;4220.508;4220.508;4220.508;4220.508;4220.508;4220.508;4220.508;4220.508;4220.508;4220.508;4220.508;4220.508;4220.508;4220.508	7751.953;7665.820;7665.820;7665.820;7665.820;7665.820;7665.820;7665.820;7665.820;7665.820;7665.820;7665.820;7665.820;7665.820;7665.820;7665.820;7665.820;7665.820;7665.820;7665.820;7665.820;7665.820;7665.820;7665.820;7665.820;7665.820;7665.820;7665.820;7665.820;7665.820;7665.820;7665.820;7751.953;7751.953	11283.398;11197.266;11197.266;11197.266;11197.266;11197.266;11197.266;11197.266;11197.266;11197.266;11197.266;11197.266;11197.266;11197.266;11197.266;11197.266;11197.266;11197.266;11197.266;11197.266;11197.266;11197.266;11197.266;11197.266;11197.266;11197.266;11197.266;11197.266;11197.266;11197.266;11197.266;11197.266;11197.266;11283.398	14125.781;14039.648;14039.648;14039.648;14039.648;14039.648;14039.648;14039.648;14039.648;14039.648;14039.648;14039.648;14039.648;14039.648;14039.648;14039.648;14039.648;14039.648;14039.648;14039.648;14039.648;14039.648;14039.648;14039.648;14039.648;14039.648;14039.648;14039.648;14039.648;14039.648;14039.648;14039.648;14125.781;14125.781	-11.52	35				6.461	5598.633	245.8645		5.623				5598.633	5598.633;5598.633;11197.266;11197.266;11197.266;5598.633;5598.633;5598.633;5598.633;5598.633;5598.633;5598.633;5598.633;5598.633;5598.633;5598.633;11197.266;11197.266;11197.266;11197.266;11197.266;5598.633;5598.633;5598.633;5598.633;5598.633;5598.633;5598.633;5598.633;5598.633;5598.633;5598.633;11197.266;11197.266	29.226	11197.266	964.452	5598.633	-964.452	4.000	0.000;964.452;0.000;0.000;-964.452;0.000;0.000;0.000;0.000;0.000;0.000;0.000;0.000;0.000;0.000;964.452;0.000;0.000;0.000;0.000;-964.452;0.000;0.000;0.000;0.000;0.000;0.000;0.000;0.000;0.000;0.000;964.452;0.000		-26.13	245.8645	0.3235			44.06	8821	245.8529	0.2647	245.8180	0.0882	245.9457	0.7353	245.9864	0.9412	244_f0-700_ncomp-21_pos.wav_1	f0 700	21_p
246	Spectrogram 1	1	246.800000000	247.000000000	200ms_schroeder_master.wav	/home/m/Dropbox/Projects/acoustic_fine_features_zebra_finch/data/processed/200ms_schroeder_master.wav	246.8000	650.000	16117.340	5.702		5.716	-33.77	7665.820	13350.586	246.8000		246.8000	10883880	0	10883880	8354.883	246.8978	0.4848	15467.340		0.2000	0.0929	0.1683	247.0000		200ms_schroeder_master.wav	10892700	/home/m/Dropbox/Projects/acoustic_fine_features_zebra_finch/data/processed/200ms_schroeder_master.wav	10892700	28.182		4220.508	1378.125	11886.328	14728.711	1378.125;1378.125;1378.125;1378.125;1378.125;1378.125;1378.125;1378.125;1378.125;1378.125;1378.125;1378.125;1378.125;1378.125;1378.125;1378.125;1378.125;1378.125;1378.125;1378.125;1378.125;1378.125;1378.125;1378.125;1378.125;1378.125;1378.125;1378.125;1378.125;1378.125;1378.125;1378.125;1378.125	4220.508;4220.508;4220.508;4220.508;4220.508;4220.508;4220.508;4220.508;4220.508;4220.508;4220.508;4220.508;4220.508;4220.508;4220.508;4220.508;4220.508;4220.508;4220.508;4220.508;4220.508;4220.508;4220.508;4220.508;4220.508;4220.508;4220.508;4220.508;4220.508;4220.508;4220.508;4220.508;4220.508	8354.883;8354.883;8354.883;8354.883;8354.883;8354.883;8354.883;8354.883;8354.883;8354.883;8354.883;8354.883;8354.883;8354.883;8354.883;8354.883;8354.883;8354.883;8354.883;8354.883;8354.883;8354.883;8354.883;8354.883;8354.883;8354.883;8354.883;8354.883;8354.883;8354.883;8354.883;8354.883;8354.883	11886.328;11886.328;11886.328;11886.328;11886.328;11886.328;11886.328;11886.328;11886.328;11886.328;11886.328;11886.328;11886.328;11886.328;11886.328;11886.328;11886.328;11886.328;11886.328;11886.328;11886.328;11886.328;11886.328;11886.328;11886.328;11886.328;11886.328;11886.328;11886.328;11886.328;11886.328;11886.328;11886.328	14728.711;14728.711;14728.711;14728.711;14728.711;14728.711;14728.711;14728.711;14728.711;14728.711;14728.711;14728.711;14728.711;14728.711;14728.711;14728.711;14728.711;14728.711;14728.711;14728.711;14728.711;14728.711;14728.711;14728.711;14728.711;14728.711;14728.711;14728.711;14728.711;14728.711;14728.711;14728.711;14814.844	-11.22	34				6.111	5598.633	246.9326		5.691				5598.633	11197.266;5598.633;5598.633;5598.633;5598.633;5598.633;5598.633;5598.633;5598.633;5598.633;5598.633;11197.266;11197.266;11197.266;11197.266;5598.633;5598.633;5598.633;5598.633;5598.633;5598.633;5598.633;5598.633;5598.633;5598.633;5598.633;5598.633;11197.266;11197.266;11197.266;11197.266;5598.633;5598.633	-30.139	11197.266	964.452	5598.633	-964.452	4.000	-964.452;0.000;0.000;0.000;0.000;0.000;0.000;0.000;0.000;0.000;964.452;0.000;0.000;0.000;-964.452;0.000;0.000;0.000;0.000;0.000;0.000;0.000;0.000;0.000;0.000;0.000;964.452;0.000;0.000;0.000;-964.452;0.000		-26.15	246.9326	0.6667			43.82	8821	246.8513	0.2424	246.8165	0.0606	246.9442	0.7273	246.9848	0.9394	245_f0-700_ncomp-22_neg.wav_1	f0 700	22_n
247	Spectrogram 1	1	247.800000000	248.000000000	200ms_schroeder_master.wav	/home/m/Dropbox/Projects/acoustic_fine_features_zebra_finch/data/processed/200ms_schroeder_master.wav	247.8000	650.000	16117.340	5.702		5.717	-33.77	7665.820	13350.586	247.8000		247.8000	10927980	0	10927980	8354.883	247.9020	0.5152	15467.340		0.2000	0.0929	0.1683	248.0000		200ms_schroeder_master.wav	10936800	/home/m/Dropbox/Projects/acoustic_fine_features_zebra_finch/data/processed/200ms_schroeder_master.wav	10936800	28.182		4220.508	1378.125	11886.328	14728.711	1378.125;1378.125;1378.125;1378.125;1378.125;1378.125;1378.125;1378.125;1378.125;1378.125;1378.125;1378.125;1378.125;1378.125;1378.125;1378.125;1378.125;1378.125;1378.125;1378.125;1378.125;1378.125;1378.125;1378.125;1378.125;1378.125;1378.125;1378.125;1378.125;1378.125;1378.125;1378.125;1378.125	4220.508;4220.508;4220.508;4220.508;4220.508;4220.508;4220.508;4220.508;4220.508;4220.508;4220.508;4220.508;4220.508;4220.508;4220.508;4220.508;4220.508;4220.508;4220.508;4220.508;4220.508;4220.508;4220.508;4220.508;4220.508;4220.508;4220.508;4220.508;4220.508;4220.508;4220.508;4220.508;4220.508	8354.883;8354.883;8354.883;8354.883;8354.883;8354.883;8354.883;8354.883;8354.883;8354.883;8354.883;8354.883;8354.883;8354.883;8354.883;8354.883;8354.883;8354.883;8354.883;8354.883;8354.883;8354.883;8354.883;8354.883;8354.883;8354.883;8354.883;8354.883;8354.883;8354.883;8354.883;8354.883;8354.883	11886.328;11886.328;11886.328;11886.328;11886.328;11886.328;11886.328;11886.328;11886.328;11886.328;11886.328;11886.328;11886.328;11886.328;11886.328;11886.328;11886.328;11886.328;11886.328;11886.328;11886.328;11886.328;11886.328;11886.328;11886.328;11886.328;11886.328;11886.328;11886.328;11886.328;11886.328;11886.328;11886.328	14728.711;14728.711;14728.711;14728.711;14728.711;14728.711;14728.711;14728.711;14728.711;14728.711;14728.711;14728.711;14728.711;14728.711;14728.711;14728.711;14728.711;14728.711;14728.711;14728.711;14728.711;14728.711;14728.711;14728.711;14728.711;14728.711;14728.711;14728.711;14728.711;14728.711;14728.711;14728.711;14814.844	-11.22	34				6.127	5598.633	247.9659		5.691				5598.633	5598.633;5598.633;5598.633;11197.266;11197.266;11197.266;11197.266;5598.633;5598.633;5598.633;5598.633;5598.633;5598.633;5598.633;5598.633;5598.633;5598.633;5598.633;11197.266;11197.266;11197.266;11197.266;11197.266;5598.633;5598.633;5598.633;5598.633;5598.633;5598.633;5598.633;5598.633;5598.633;11197.266	30.139	11197.266	964.452	5598.633	-964.452	4.000	0.000;0.000;964.452;0.000;0.000;0.000;-964.452;0.000;0.000;0.000;0.000;0.000;0.000;0.000;0.000;0.000;0.000;964.452;0.000;0.000;0.000;0.000;-964.452;0.000;0.000;0.000;0.000;0.000;0.000;0.000;0.000;964.452		-26.15	247.9659	0.8485			43.85	8821	247.8556	0.2727	247.8150	0.0606	247.9485	0.7576	247.9833	0.9394	246_f0-700_ncomp-22_pos.wav_1	f0 700	22_p
248	Spectrogram 1	1	248.800000000	249.000000000	200ms_schroeder_master.wav	/home/m/Dropbox/Projects/acoustic_fine_features_zebra_finch/data/processed/200ms_schroeder_master.wav	248.8000	650.000	16831.612	5.767		5.808	-33.89	8354.883	14039.648	248.8000		248.8000	10972080	0	10972080	8441.016	248.9005	0.5000	16181.612		0.2000	0.0929	0.1683	249.0000		200ms_schroeder_master.wav	10980900	/home/m/Dropbox/Projects/acoustic_fine_features_zebra_finch/data/processed/200ms_schroeder_master.wav	10980900	28.371		4220.508	1378.125	12575.391	15417.773	1378.125;1378.125;1378.125;1378.125;1378.125;1378.125;1378.125;1378.125;1378.125;1378.125;1378.125;1378.125;1378.125;1378.125;1378.125;1378.125;1378.125;1378.125;1378.125;1378.125;1378.125;1378.125;1378.125;1378.125;1378.125;1378.125;1378.125;1378.125;1378.125;1378.125;1378.125;1378.125;1378.125;1378.125	4220.508;4220.508;4220.508;4220.508;4220.508;4220.508;4220.508;4220.508;4220.508;4220.508;4220.508;4220.508;4220.508;4220.508;4220.508;4220.508;4220.508;4220.508;4220.508;4220.508;4220.508;4220.508;4220.508;4220.508;4220.508;4220.508;4220.508;4220.508;4220.508;4220.508;4220.508;4220.508;4220.508;4306.641	8441.016;8441.016;8441.016;8441.016;8441.016;8441.016;8441.016;8441.016;8441.016;8441.016;8441.016;8441.016;8441.016;8441.016;8441.016;8441.016;8441.016;8441.016;8441.016;8441.016;8441.016;8441.016;8441.016;8441.016;8441.016;8441.016;8441.016;8441.016;8441.016;8441.016;8441.016;8441.016;8441.016;8441.016	12575.391;12575.391;12575.391;12575.391;12575.391;12575.391;12575.391;12575.391;12575.391;12575.391;12575.391;12575.391;12575.391;12575.391;12575.391;12575.391;12575.391;12575.391;12575.391;12575.391;12575.391;12575.391;12575.391;12575.391;12575.391;12575.391;12575.391;12575.391;12575.391;12575.391;12575.391;12575.391;12575.391;12575.391	15417.773;15417.773;15417.773;15417.773;15417.773;15417.773;15417.773;15417.773;15417.773;15417.773;15417.773;15417.773;15417.773;15417.773;15417.773;15417.773;15417.773;15417.773;15417.773;15417.773;15417.773;15417.773;15417.773;15417.773;15417.773;15417.773;15417.773;15417.773;15417.773;15417.773;15417.773;15417.773;15417.773;15503.906	-11.15	35				6.565	5598.633	248.8540		5.756				5598.633	11197.266;11197.266;5598.633;5598.633;5598.633;5598.633;5598.633;5598.633;5598.633;5598.633;5598.633;5598.633;5598.633;11197.266;11197.266;11197.266;11197.266;5598.633;5598.633;5598.633;5598.633;5598.633;5598.633;5598.633;5598.633;5598.633;5598.633;5598.633;5598.633;11197.266;11197.266;5598.633;5598.633;5598.633	-29.226	11197.266	964.452	5598.633	-964.452	4.000	0.000;-964.452;0.000;0.000;0.000;0.000;0.000;0.000;0.000;0.000;0.000;0.000;964.452;0.000;0.000;0.000;-964.452;0.000;0.000;0.000;0.000;0.000;0.000;0.000;0.000;0.000;0.000;0.000;964.452;0.000;-964.452;0.000;0.000		-26.16	248.8540	0.2647			44.47	8821	248.8540	0.2647	248.8134	0.0588	248.9469	0.7353	248.9818	0.9118	247_f0-700_ncomp-23_neg.wav_1	f0 700	23_n
249	Spectrogram 1	1	249.800000000	250.000000000	200ms_schroeder_master.wav	/home/m/Dropbox/Projects/acoustic_fine_features_zebra_finch/data/processed/200ms_schroeder_master.wav	249.8000	650.000	16831.612	5.767		5.809	-33.89	8354.883	14039.648	249.8000		249.8000	11016180	0	11016180	8441.016	249.8989	0.5000	16181.612		0.2000	0.0929	0.1683	250.0000		200ms_schroeder_master.wav	11025000	/home/m/Dropbox/Projects/acoustic_fine_features_zebra_finch/data/processed/200ms_schroeder_master.wav	11025000	28.371		4220.508	1378.125	12575.391	15417.773	1378.125;1378.125;1378.125;1378.125;1378.125;1378.125;1378.125;1378.125;1378.125;1378.125;1378.125;1378.125;1378.125;1378.125;1378.125;1378.125;1378.125;1378.125;1378.125;1378.125;1378.125;1378.125;1378.125;1378.125;1378.125;1378.125;1378.125;1378.125;1378.125;1378.125;1378.125;1378.125;1378.125;1378.125	4220.508;4220.508;4220.508;4220.508;4220.508;4220.508;4220.508;4220.508;4220.508;4220.508;4220.508;4220.508;4220.508;4220.508;4220.508;4220.508;4220.508;4220.508;4220.508;4220.508;4220.508;4220.508;4220.508;4220.508;4220.508;4220.508;4220.508;4220.508;4220.508;4220.508;4220.508;4220.508;4220.508;4306.641	8441.016;8441.016;8441.016;8441.016;8441.016;8441.016;8441.016;8441.016;8441.016;8441.016;8441.016;8441.016;8441.016;8441.016;8441.016;8441.016;8441.016;8441.016;8441.016;8441.016;8441.016;8441.016;8441.016;8441.016;8441.016;8441.016;8441.016;8441.016;8441.016;8441.016;8441.016;8441.016;8441.016;8441.016	12575.391;12575.391;12575.391;12575.391;12575.391;12575.391;12575.391;12575.391;12575.391;12575.391;12575.391;12575.391;12575.391;12575.391;12575.391;12575.391;12575.391;12575.391;12575.391;12575.391;12575.391;12575.391;12575.391;12575.391;12575.391;12575.391;12575.391;12575.391;12575.391;12575.391;12575.391;12575.391;12575.391;12575.391	15417.773;15417.773;15417.773;15417.773;15417.773;15417.773;15417.773;15417.773;15417.773;15417.773;15417.773;15417.773;15417.773;15417.773;15417.773;15417.773;15417.773;15417.773;15417.773;15417.773;15417.773;15417.773;15417.773;15417.773;15417.773;15417.773;15417.773;15417.773;15417.773;15417.773;15417.773;15417.773;15417.773;15503.906	-11.15	35				6.667	5598.633	249.8873		5.756				5598.633	5598.633;5598.633;5598.633;5598.633;5598.633;11197.266;11197.266;11197.266;11197.266;11197.266;5598.633;5598.633;5598.633;5598.633;5598.633;5598.633;5598.633;5598.633;5598.633;5598.633;5598.633;11197.266;11197.266;11197.266;11197.266;5598.633;5598.633;5598.633;5598.633;5598.633;5598.633;5598.633;5598.633;16106.836	54.855	16106.836	1810.202	5598.633	-964.452	4.000	0.000;0.000;0.000;0.000;964.452;0.000;0.000;0.000;0.000;-964.452;0.000;0.000;0.000;0.000;0.000;0.000;0.000;0.000;0.000;0.000;964.452;0.000;0.000;0.000;-964.452;0.000;0.000;0.000;0.000;0.000;0.000;0.000;1810.202		-26.16	249.8873	0.4412			44.33	8821	249.8525	0.2647	249.8177	0.0882	249.9454	0.7353	249.9860	0.9412	248_f0-700_ncomp-23_pos.wav_1	f0 700	23_p
250	Spectrogram 1	1	250.800000000	251.000000000	200ms_schroeder_master.wav	/home/m/Dropbox/Projects/acoustic_fine_features_zebra_finch/data/processed/200ms_schroeder_master.wav	250.8000	650.000	17545.884	5.829		5.843	-33.98	8354.883	14728.711	250.8000		250.8000	11060280	0	11060280	9043.945	250.8974	0.4848	16895.884		0.2000	0.0987	0.1683	251.0000		200ms_schroeder_master.wav	11069100	/home/m/Dropbox/Projects/acoustic_fine_features_zebra_finch/data/processed/200ms_schroeder_master.wav	11069100	28.339		4823.438	1378.125	13178.320	16106.836	1378.125;1378.125;1378.125;1378.125;1378.125;1378.125;1378.125;1378.125;1378.125;1378.125;1378.125;1378.125;1378.125;1378.125;1378.125;1378.125;1378.125;1378.125;1378.125;1378.125;1378.125;1378.125;1378.125;1378.125;1378.125;1378.125;1378.125;1378.125;1378.125;1378.125;1378.125;1378.125;1378.125	4823.438;4823.438;4823.438;4823.438;4823.438;4823.438;4823.438;4823.438;4823.438;4823.438;4823.438;4823.438;4823.438;4823.438;4823.438;4823.438;4823.438;4823.438;4823.438;4823.438;4823.438;4823.438;4823.438;4823.438;4823.438;4823.438;4823.438;4823.438;4823.438;4823.438;4823.438;4823.438;4823.438	9043.945;9043.945;9043.945;9043.945;9043.945;9043.945;9043.945;9043.945;9043.945;9043.945;9043.945;9043.945;9043.945;9043.945;9043.945;9043.945;9043.945;9043.945;9043.945;9043.945;9043.945;9043.945;9043.945;9043.945;9043.945;9043.945;9043.945;9043.945;9043.945;9043.945;9043.945;9043.945;9043.945	13178.320;13178.320;13178.320;13178.320;13178.320;13178.320;13178.320;13178.320;13178.320;13178.320;13178.320;13178.320;13178.320;13178.320;13178.320;13178.320;13178.320;13178.320;13178.320;13178.320;13178.320;13178.320;13178.320;13178.320;13178.320;13178.320;13178.320;13178.320;13178.320;13178.320;13178.320;13178.320;13178.320	16106.836;16106.836;16106.836;16106.836;16106.836;16106.836;16106.836;16106.836;16106.836;16106.836;16106.836;16106.836;16106.836;16106.836;16106.836;16106.836;16106.836;16106.836;16106.836;16106.836;16106.836;16106.836;16106.836;16106.836;16106.836;16106.836;16106.836;16106.836;16106.836;16106.836;16106.836;16106.836;16192.969	-11.06	34				6.202	5598.633	250.8626		5.819				5598.633	11197.266;11197.266;11197.266;5598.633;5598.633;5598.633;5598.633;5598.633;5598.633;5598.633;5598.633;5598.633;5598.633;5598.633;11197.266;11197.266;11197.266;11197.266;11197.266;5598.633;5598.633;5598.633;5598.633;5598.633;5598.633;5598.633;5598.633;5598.633;5598.633;5598.633;11197.266;5598.633;16795.898	30.139	16795.898	1928.904	5598.633	-964.452	5.000	0.000;0.000;-964.452;0.000;0.000;0.000;0.000;0.000;0.000;0.000;0.000;0.000;0.000;964.452;0.000;0.000;0.000;0.000;-964.452;0.000;0.000;0.000;0.000;0.000;0.000;0.000;0.000;0.000;0.000;964.452;-964.452;1928.904		-26.38	250.8626	0.3030			44.54	8821	250.8510	0.2424	250.8161	0.0606	250.9496	0.7576	250.9845	0.9394	249_f0-700_ncomp-24_neg.wav_1	f0 700	24_n
251	Spectrogram 1	1	251.800000000	252.000000000	200ms_schroeder_master.wav	/home/m/Dropbox/Projects/acoustic_fine_features_zebra_finch/data/processed/200ms_schroeder_master.wav	251.8000	650.000	17545.884	5.829		5.844	-33.98	8354.883	14728.711	251.8000		251.8000	11104380	0	11104380	9043.945	251.9017	0.5152	16895.884		0.2000	0.0929	0.1683	252.0000		200ms_schroeder_master.wav	11113200	/home/m/Dropbox/Projects/acoustic_fine_features_zebra_finch/data/processed/200ms_schroeder_master.wav	11113200	28.339		4823.438	1378.125	13178.320	16106.836	1378.125;1378.125;1378.125;1378.125;1378.125;1378.125;1378.125;1378.125;1378.125;1378.125;1378.125;1378.125;1378.125;1378.125;1378.125;1378.125;1378.125;1378.125;1378.125;1378.125;1378.125;1378.125;1378.125;1378.125;1378.125;1378.125;1378.125;1378.125;1378.125;1378.125;1378.125;1378.125;1378.125	4823.438;4823.438;4823.438;4823.438;4823.438;4823.438;4823.438;4823.438;4823.438;4823.438;4823.438;4823.438;4823.438;4823.438;4823.438;4823.438;4823.438;4823.438;4823.438;4823.438;4823.438;4823.438;4823.438;4823.438;4823.438;4823.438;4823.438;4823.438;4823.438;4823.438;4823.438;4823.438;4823.438	9043.945;9043.945;9043.945;9043.945;9043.945;9043.945;9043.945;9043.945;9043.945;9043.945;9043.945;9043.945;9043.945;9043.945;9043.945;9043.945;9043.945;9043.945;9043.945;9043.945;9043.945;9043.945;9043.945;9043.945;9043.945;9043.945;9043.945;9043.945;9043.945;9043.945;9043.945;9043.945;9043.945	13178.320;13178.320;13178.320;13178.320;13178.320;13178.320;13178.320;13178.320;13178.320;13178.320;13178.320;13178.320;13178.320;13178.320;13178.320;13178.320;13178.320;13178.320;13178.320;13178.320;13178.320;13178.320;13178.320;13178.320;13178.320;13178.320;13178.320;13178.320;13178.320;13178.320;13178.320;13178.320;13178.320	16106.836;16106.836;16106.836;16106.836;16106.836;16106.836;16106.836;16106.836;16106.836;16106.836;16106.836;16106.836;16106.836;16106.836;16106.836;16106.836;16106.836;16106.836;16106.836;16106.836;16106.836;16106.836;16106.836;16106.836;16106.836;16106.836;16106.836;16106.836;16106.836;16106.836;16106.836;16106.836;16106.836	-11.06	34				6.296	5598.633	251.9017		5.819				5598.633	5598.633;5598.633;5598.633;5598.633;5598.633;5598.633;5598.633;5598.633;11197.266;11197.266;11197.266;5598.633;5598.633;5598.633;5598.633;5598.633;5598.633;5598.633;5598.633;5598.633;5598.633;5598.633;5598.633;11197.266;11197.266;11197.266;11197.266;5598.633;5598.633;5598.633;5598.633;5598.633;5598.633	0.000	11197.266	964.452	5598.633	-964.452	3.000	0.000;0.000;0.000;0.000;0.000;0.000;0.000;964.452;0.000;0.000;-964.452;0.000;0.000;0.000;0.000;0.000;0.000;0.000;0.000;0.000;0.000;0.000;964.452;0.000;0.000;0.000;-964.452;0.000;0.000;0.000;0.000;0.000		-26.38	251.9017	0.5152			44.66	8821	251.8552	0.2727	251.8146	0.0606	251.9481	0.7576	251.9829	0.9394	250_f0-700_ncomp-24_pos.wav_1	f0 700	24_p
252	Spectrogram 1	1	252.800000000	253.000000000	200ms_schroeder_master.wav	/home/m/Dropbox/Projects/acoustic_fine_features_zebra_finch/data/processed/200ms_schroeder_master.wav	252.8000	650.000	18349.440	5.888		5.930	-34.18	8441.016	15417.773	252.8000		252.8000	11148480	0	11148480	9130.078	252.9001	0.5000	17699.440		0.2000	0.0929	0.1741	253.0000		200ms_schroeder_master.wav	11157300	/home/m/Dropbox/Projects/acoustic_fine_features_zebra_finch/data/processed/200ms_schroeder_master.wav	11157300	28.481		4909.570	1378.125	13350.586	16795.898	1378.125;1378.125;1378.125;1378.125;1378.125;1378.125;1378.125;1378.125;1378.125;1378.125;1378.125;1378.125;1378.125;1378.125;1378.125;1378.125;1378.125;1378.125;1378.125;1378.125;1378.125;1378.125;1378.125;1378.125;1378.125;1378.125;1378.125;1378.125;1378.125;1378.125;1378.125;1378.125;1378.125;1378.125	4909.570;4909.570;4909.570;4909.570;4909.570;4909.570;4909.570;4909.570;4909.570;4909.570;4909.570;4909.570;4909.570;4909.570;4909.570;4909.570;4909.570;4909.570;4909.570;4909.570;4909.570;4909.570;4909.570;4909.570;4909.570;4909.570;4909.570;4909.570;4909.570;4909.570;4909.570;4909.570;4909.570;4909.570	9130.078;9130.078;9130.078;9130.078;9130.078;9130.078;9130.078;9130.078;9130.078;9130.078;9130.078;9130.078;9130.078;9130.078;9130.078;9130.078;9130.078;9130.078;9130.078;9130.078;9130.078;9130.078;9130.078;9130.078;9130.078;9130.078;9130.078;9130.078;9130.078;9130.078;9130.078;9130.078;9130.078;9130.078	13350.586;13350.586;13350.586;13350.586;13350.586;13350.586;13350.586;13350.586;13350.586;13350.586;13350.586;13350.586;13350.586;13350.586;13350.586;13350.586;13350.586;13350.586;13350.586;13350.586;13350.586;13350.586;13350.586;13350.586;13350.586;13350.586;13350.586;13350.586;13350.586;13350.586;13350.586;13350.586;13350.586;13350.586	16795.898;16795.898;16795.898;16795.898;16795.898;16795.898;16795.898;16795.898;16795.898;16795.898;16795.898;16795.898;16795.898;16795.898;16795.898;16795.898;16795.898;16795.898;16795.898;16795.898;16795.898;16795.898;16795.898;16795.898;16795.898;16795.898;16795.898;16795.898;16795.898;16795.898;16795.898;16795.898;16795.898;16882.031	-11.04	35				6.622	5598.633	252.8711		5.878				5598.633	5598.633;11197.266;11197.266;11197.266;11197.266;11197.266;5598.633;5598.633;5598.633;5598.633;5598.633;5598.633;5598.633;5598.633;5598.633;5598.633;5598.633;11197.266;11197.266;11197.266;11197.266;5598.633;5598.633;5598.633;5598.633;5598.633;5598.633;5598.633;5598.633;5598.633;5598.633;5598.633;11197.266;16795.898	58.452	16795.898	964.452	5598.633	-964.452	4.000	964.452;0.000;0.000;0.000;0.000;-964.452;0.000;0.000;0.000;0.000;0.000;0.000;0.000;0.000;0.000;0.000;964.452;0.000;0.000;0.000;-964.452;0.000;0.000;0.000;0.000;0.000;0.000;0.000;0.000;0.000;0.000;964.452;964.452		-26.41	252.8711	0.3529			45.24	8821	252.8537	0.2647	252.8130	0.0588	252.9466	0.7353	252.9872	0.9412	251_f0-700_ncomp-25_neg.wav_1	f0 700	25_n
253	Spectrogram 1	1	253.800000000	254.000000000	200ms_schroeder_master.wav	/home/m/Dropbox/Projects/acoustic_fine_features_zebra_finch/data/processed/200ms_schroeder_master.wav	253.8000	650.000	18349.440	5.888		5.905	-34.06	8441.016	15417.773	253.8000		253.8000	11192580	0	11192580	9130.078	253.8986	0.4848	17699.440		0.2000	0.0929	0.1683	254.0000		200ms_schroeder_master.wav	11201400	/home/m/Dropbox/Projects/acoustic_fine_features_zebra_finch/data/processed/200ms_schroeder_master.wav	11201400	28.480		4909.570	1378.125	13350.586	16795.898	1378.125;1378.125;1378.125;1378.125;1378.125;1378.125;1378.125;1378.125;1378.125;1378.125;1378.125;1378.125;1378.125;1378.125;1378.125;1378.125;1378.125;1378.125;1378.125;1378.125;1378.125;1378.125;1378.125;1378.125;1378.125;1378.125;1378.125;1378.125;1378.125;1378.125;1378.125;1378.125;1378.125	4909.570;4909.570;4909.570;4909.570;4909.570;4909.570;4909.570;4909.570;4909.570;4909.570;4909.570;4909.570;4909.570;4909.570;4909.570;4909.570;4909.570;4909.570;4909.570;4909.570;4909.570;4909.570;4909.570;4909.570;4909.570;4909.570;4909.570;4909.570;4909.570;4909.570;4909.570;4909.570;4909.570	9130.078;9130.078;9130.078;9130.078;9130.078;9130.078;9130.078;9130.078;9130.078;9130.078;9130.078;9130.078;9130.078;9130.078;9130.078;9130.078;9130.078;9130.078;9130.078;9130.078;9130.078;9130.078;9130.078;9130.078;9130.078;9130.078;9130.078;9130.078;9130.078;9130.078;9130.078;9130.078;9130.078	13350.586;13350.586;13350.586;13350.586;13350.586;13350.586;13350.586;13350.586;13350.586;13350.586;13350.586;13350.586;13350.586;13350.586;13350.586;13350.586;13350.586;13350.586;13350.586;13350.586;13350.586;13350.586;13350.586;13350.586;13350.586;13350.586;13350.586;13350.586;13350.586;13350.586;13350.586;13350.586;13350.586	16795.898;16795.898;16795.898;16795.898;16795.898;16795.898;16795.898;16795.898;16795.898;16795.898;16795.898;16795.898;16795.898;16795.898;16795.898;16795.898;16795.898;16795.898;16795.898;16795.898;16795.898;16795.898;16795.898;16795.898;16795.898;16795.898;16795.898;16795.898;16795.898;16795.898;16795.898;16795.898;16882.031	-10.92	34				6.392	5598.633	253.8231		5.878				5598.633	5598.633;5598.633;5598.633;5598.633;5598.633;5598.633;5598.633;5598.633;5598.633;11197.266;11197.266;11197.266;11197.266;5598.633;5598.633;5598.633;5598.633;5598.633;5598.633;5598.633;5598.633;5598.633;5598.633;5598.633;5598.633;11197.266;11197.266;11197.266;11197.266;5598.633;5598.633;5598.633;5598.633	0.000	11197.266	964.452	5598.633	-964.452	3.000	0.000;0.000;0.000;0.000;0.000;0.000;0.000;0.000;964.452;0.000;0.000;0.000;-964.452;0.000;0.000;0.000;0.000;0.000;0.000;0.000;0.000;0.000;0.000;0.000;964.452;0.000;0.000;0.000;-964.452;0.000;0.000;0.000		-26.41	253.8231	0.0909			45.20	8821	253.8521	0.2424	253.8173	0.0606	253.9450	0.7273	253.9857	0.9394	252_f0-700_ncomp-25_pos.wav_1	f0 700	25_p
254	Spectrogram 1	1	254.800000000	255.000000000	200ms_schroeder_master.wav	/home/m/Dropbox/Projects/acoustic_fine_features_zebra_finch/data/processed/200ms_schroeder_master.wav	254.8000	750.000	4331.850	3.529		3.542	-27.58	1722.656	3273.047	254.8000		254.8000	11236680	0	11236680	2411.719	254.9028	0.5152	3581.850		0.2000	0.0987	0.1683	255.0000		200ms_schroeder_master.wav	11245500	/home/m/Dropbox/Projects/acoustic_fine_features_zebra_finch/data/processed/200ms_schroeder_master.wav	11245500	28.046		1550.391	775.195	3273.047	4048.242	775.195;775.195;775.195;775.195;775.195;775.195;775.195;775.195;775.195;775.195;775.195;775.195;775.195;775.195;775.195;775.195;775.195;775.195;775.195;775.195;775.195;775.195;775.195;775.195;775.195;775.195;775.195;775.195;775.195;775.195;775.195;775.195;775.195	1550.391;1550.391;1550.391;1550.391;1550.391;1550.391;1550.391;1550.391;1550.391;1550.391;1550.391;1550.391;1550.391;1550.391;1550.391;1550.391;1550.391;1550.391;1550.391;1550.391;1550.391;1550.391;1550.391;1550.391;1550.391;1550.391;1550.391;1550.391;1550.391;1550.391;1550.391;1550.391;1550.391	2411.719;2411.719;2411.719;2411.719;2411.719;2411.719;2411.719;2411.719;2411.719;2411.719;2411.719;2411.719;2411.719;2411.719;2411.719;2411.719;2411.719;2411.719;2411.719;2411.719;2411.719;2411.719;2411.719;2411.719;2411.719;2411.719;2411.719;2411.719;2411.719;2411.719;2411.719;2411.719;2411.719	3273.047;3273.047;3273.047;3273.047;3273.047;3273.047;3273.047;3273.047;3273.047;3273.047;3273.047;3273.047;3273.047;3273.047;3273.047;3273.047;3273.047;3273.047;3273.047;3273.047;3273.047;3273.047;3273.047;3273.047;3273.047;3273.047;3273.047;3273.047;3273.047;3273.047;3273.047;3273.047;3273.047	4048.242;4048.242;4048.242;4048.242;4048.242;4048.242;4048.242;4048.242;4048.242;4048.242;4048.242;4048.242;4048.242;4048.242;4048.242;4048.242;4048.242;4048.242;4048.242;4048.242;4048.242;4048.242;4048.242;4048.242;4048.242;4048.242;4048.242;4048.242;4048.242;4048.242;4048.242;4048.242;4048.242	-11.35	34				3.855	2411.719	254.9493		3.519				2411.719	2411.719;2411.719;2411.719;2411.719;2411.719;2411.719;2411.719;2411.719;2411.719;2411.719;2411.719;2411.719;2411.719;2411.719;2411.719;2411.719;2411.719;2411.719;2411.719;2411.719;2411.719;2411.719;2411.719;2411.719;2411.719;2411.719;2411.719;2411.719;2411.719;2411.719;2411.719;2411.719;2411.719	0.000	2411.719	0.000	2411.719	0.000	0.000	0.000;0.000;0.000;0.000;0.000;0.000;0.000;0.000;0.000;0.000;0.000;0.000;0.000;0.000;0.000;0.000;0.000;0.000;0.000;0.000;0.000;0.000;0.000;0.000;0.000;0.000;0.000;0.000;0.000;0.000;0.000;0.000		-19.92	254.9493	0.7576			45.34	8821	254.8506	0.2424	254.8158	0.0606	254.9493	0.7576	254.9841	0.9394	253_f0-800_ncomp-5_neg.wav_1	f0 800	5_n
255	Spectrogram 1	1	255.800000000	256.000000000	200ms_schroeder_master.wav	/home/m/Dropbox/Projects/acoustic_fine_features_zebra_finch/data/processed/200ms_schroeder_master.wav	255.8000	750.000	4331.850	3.529		3.570	-27.71	1722.656	3273.047	255.8000		255.8000	11280780	0	11280780	2411.719	255.9013	0.5000	3581.850		0.2000	0.0929	0.1683	256.0000		200ms_schroeder_master.wav	11289600	/home/m/Dropbox/Projects/acoustic_fine_features_zebra_finch/data/processed/200ms_schroeder_master.wav	11289600	28.046		1550.391	775.195	3273.047	4048.242	775.195;775.195;775.195;775.195;775.195;775.195;775.195;775.195;775.195;775.195;775.195;775.195;775.195;775.195;775.195;775.195;775.195;775.195;775.195;775.195;775.195;775.195;775.195;775.195;775.195;775.195;775.195;775.195;775.195;775.195;775.195;775.195;775.195;775.195	1550.391;1550.391;1550.391;1550.391;1550.391;1550.391;1550.391;1550.391;1550.391;1550.391;1550.391;1550.391;1550.391;1550.391;1550.391;1550.391;1550.391;1550.391;1550.391;1550.391;1550.391;1550.391;1550.391;1550.391;1550.391;1550.391;1550.391;1550.391;1550.391;1550.391;1550.391;1550.391;1550.391;1550.391	2411.719;2411.719;2411.719;2411.719;2411.719;2411.719;2411.719;2411.719;2411.719;2411.719;2411.719;2411.719;2411.719;2411.719;2411.719;2411.719;2411.719;2411.719;2411.719;2411.719;2411.719;2411.719;2411.719;2411.719;2411.719;2411.719;2411.719;2411.719;2411.719;2411.719;2411.719;2411.719;2411.719;2411.719	3273.047;3273.047;3273.047;3273.047;3273.047;3273.047;3273.047;3273.047;3273.047;3273.047;3273.047;3273.047;3273.047;3273.047;3273.047;3273.047;3273.047;3273.047;3273.047;3273.047;3273.047;3273.047;3273.047;3273.047;3273.047;3273.047;3273.047;3273.047;3273.047;3273.047;3273.047;3273.047;3273.047;3273.047	4048.242;4048.242;4048.242;4048.242;4048.242;4048.242;4048.242;4048.242;4048.242;4048.242;4048.242;4048.242;4048.242;4048.242;4048.242;4048.242;4048.242;4048.242;4048.242;4048.242;4048.242;4048.242;4048.242;4048.242;4048.242;4048.242;4048.242;4048.242;4048.242;4048.242;4048.242;4048.242;4048.242;4048.242	-11.48	35				4.452	2411.719	255.9594		3.519				2411.719	2411.719;2411.719;2411.719;2411.719;2411.719;2411.719;2411.719;2411.719;2411.719;2411.719;2411.719;2411.719;2411.719;2411.719;2411.719;2411.719;2411.719;2411.719;2411.719;2411.719;2411.719;2411.719;2411.719;2411.719;2411.719;2411.719;2411.719;2411.719;2411.719;2411.719;2411.719;2411.719;2411.719;3186.914	4.047	3186.914	133.540	2411.719	0.000	0.000	0.000;0.000;0.000;0.000;0.000;0.000;0.000;0.000;0.000;0.000;0.000;0.000;0.000;0.000;0.000;0.000;0.000;0.000;0.000;0.000;0.000;0.000;0.000;0.000;0.000;0.000;0.000;0.000;0.000;0.000;0.000;0.000;133.540		-19.92	255.9594	0.7941			45.24	8821	255.8549	0.2647	255.8142	0.0588	255.9477	0.7353	255.9826	0.9118	254_f0-800_ncomp-5_pos.wav_1	f0 800	5_p
256	Spectrogram 1	1	256.800000000	257.000000000	200ms_schroeder_master.wav	/home/m/Dropbox/Projects/acoustic_fine_features_zebra_finch/data/processed/200ms_schroeder_master.wav	256.8000	750.000	5135.406	3.801		3.840	-29.23	2325.586	4048.242	256.8000		256.8000	11324880	0	11324880	3100.781	256.8998	0.5000	4385.406		0.2000	0.0929	0.1683	257.0000		200ms_schroeder_master.wav	11333700	/home/m/Dropbox/Projects/acoustic_fine_features_zebra_finch/data/processed/200ms_schroeder_master.wav	11333700	27.369		1636.523	775.195	3962.109	4823.438	775.195;775.195;775.195;775.195;775.195;775.195;775.195;775.195;775.195;775.195;775.195;775.195;775.195;775.195;775.195;775.195;775.195;775.195;775.195;775.195;775.195;775.195;775.195;775.195;775.195;775.195;775.195;775.195;775.195;775.195;775.195;775.195;775.195;775.195	1636.523;1636.523;1636.523;1636.523;1636.523;1636.523;1636.523;1636.523;1636.523;1636.523;1636.523;1636.523;1636.523;1636.523;1636.523;1636.523;1636.523;1636.523;1636.523;1636.523;1636.523;1636.523;1636.523;1636.523;1636.523;1636.523;1636.523;1636.523;1636.523;1636.523;1636.523;1636.523;1636.523;1636.523	3100.781;3100.781;3100.781;3100.781;3100.781;3100.781;3100.781;3100.781;3100.781;3100.781;3100.781;3100.781;3100.781;3100.781;3100.781;3100.781;3100.781;3100.781;3100.781;3100.781;3100.781;3100.781;3100.781;3100.781;3100.781;3100.781;3100.781;3100.781;3100.781;3100.781;3100.781;3100.781;3100.781;3100.781	3962.109;3962.109;3962.109;3962.109;3962.109;3962.109;3962.109;3962.109;3962.109;3962.109;3962.109;3962.109;3962.109;3962.109;3962.109;3962.109;3962.109;3962.109;3962.109;3962.109;3962.109;3962.109;3962.109;3962.109;3962.109;3962.109;3962.109;3962.109;3962.109;3962.109;3962.109;3962.109;3962.109;4048.242	4823.438;4823.438;4823.438;4823.438;4823.438;4823.438;4823.438;4823.438;4823.438;4823.438;4823.438;4823.438;4823.438;4823.438;4823.438;4823.438;4823.438;4823.438;4823.438;4823.438;4823.438;4823.438;4823.438;4823.438;4823.438;4823.438;4823.438;4823.438;4823.438;4823.438;4823.438;4823.438;4823.438;4823.438	-12.15	35				4.515	2411.719	256.8417		3.791				2411.719	2411.719;2411.719;2411.719;2411.719;2411.719;2411.719;2411.719;2411.719;2411.719;2411.719;2411.719;2411.719;2411.719;2411.719;2411.719;2411.719;2411.719;2411.719;2411.719;2411.719;2411.719;2411.719;2411.719;2411.719;2411.719;2411.719;2411.719;2411.719;2411.719;2411.719;2411.719;2411.719;2411.719;2411.719	0.000	2411.719	0.000	2411.719	0.000	0.000	0.000;0.000;0.000;0.000;0.000;0.000;0.000;0.000;0.000;0.000;0.000;0.000;0.000;0.000;0.000;0.000;0.000;0.000;0.000;0.000;0.000;0.000;0.000;0.000;0.000;0.000;0.000;0.000;0.000;0.000;0.000;0.000;0.000		-21.40	256.8417	0.2059			44.47	8821	256.8533	0.2647	256.8185	0.0882	256.9462	0.7353	256.9868	0.9412	255_f0-800_ncomp-6_neg.wav_1	f0 800	6_n
257	Spectrogram 1	1	257.800000000	258.000000000	200ms_schroeder_master.wav	/home/m/Dropbox/Projects/acoustic_fine_features_zebra_finch/data/processed/200ms_schroeder_master.wav	257.8000	750.000	5135.406	3.800		3.816	-29.10	2325.586	4048.242	257.8000		257.8000	11368980	0	11368980	3100.781	257.8982	0.4848	4385.406		0.2000	0.0929	0.1683	258.0000		200ms_schroeder_master.wav	11377800	/home/m/Dropbox/Projects/acoustic_fine_features_zebra_finch/data/processed/200ms_schroeder_master.wav	11377800	27.368		1636.523	775.195	3962.109	4823.438	775.195;775.195;775.195;775.195;775.195;775.195;775.195;775.195;775.195;775.195;775.195;775.195;775.195;775.195;775.195;775.195;775.195;775.195;775.195;775.195;775.195;775.195;775.195;775.195;775.195;775.195;775.195;775.195;775.195;775.195;775.195;775.195;775.195	1636.523;1636.523;1636.523;1636.523;1636.523;1636.523;1636.523;1636.523;1636.523;1636.523;1636.523;1636.523;1636.523;1636.523;1636.523;1636.523;1636.523;1636.523;1636.523;1636.523;1636.523;1636.523;1636.523;1636.523;1636.523;1636.523;1636.523;1636.523;1636.523;1636.523;1636.523;1636.523;1636.523	3100.781;3100.781;3100.781;3100.781;3100.781;3100.781;3100.781;3100.781;3100.781;3100.781;3100.781;3100.781;3100.781;3100.781;3100.781;3100.781;3100.781;3100.781;3100.781;3100.781;3100.781;3100.781;3100.781;3100.781;3100.781;3100.781;3100.781;3100.781;3100.781;3100.781;3100.781;3100.781;3100.781	3962.109;3962.109;3962.109;3962.109;3962.109;3962.109;3962.109;3962.109;3962.109;3962.109;3962.109;3962.109;3962.109;3962.109;3962.109;3962.109;3962.109;3962.109;3962.109;3962.109;3962.109;3962.109;3962.109;3962.109;3962.109;3962.109;3962.109;3962.109;3962.109;3962.109;3962.109;3962.109;4048.242	4823.438;4823.438;4823.438;4823.438;4823.438;4823.438;4823.438;4823.438;4823.438;4823.438;4823.438;4823.438;4823.438;4823.438;4823.438;4823.438;4823.438;4823.438;4823.438;4823.438;4823.438;4823.438;4823.438;4823.438;4823.438;4823.438;4823.438;4823.438;4823.438;4823.438;4823.438;4823.438;4823.438	-12.03	34				4.239	2411.719	257.9795		3.791				2411.719	2411.719;2411.719;2411.719;2411.719;2411.719;2411.719;2411.719;2411.719;2411.719;2411.719;2411.719;2411.719;2411.719;2411.719;2411.719;2411.719;2411.719;2411.719;2411.719;2411.719;2411.719;2411.719;2411.719;2411.719;2411.719;2411.719;2411.719;2411.719;2411.719;2411.719;2411.719;2411.719;2411.719	0.000	2411.719	0.000	2411.719	0.000	0.000	0.000;0.000;0.000;0.000;0.000;0.000;0.000;0.000;0.000;0.000;0.000;0.000;0.000;0.000;0.000;0.000;0.000;0.000;0.000;0.000;0.000;0.000;0.000;0.000;0.000;0.000;0.000;0.000;0.000;0.000;0.000;0.000		-21.40	257.9795	0.9091			44.04	8821	257.8518	0.2424	257.8170	0.0606	257.9447	0.7273	257.9853	0.9394	256_f0-800_ncomp-6_pos.wav_1	f0 800	6_p
258	Spectrogram 1	1	258.800000000	259.000000000	200ms_schroeder_master.wav	/home/m/Dropbox/Projects/acoustic_fine_features_zebra_finch/data/processed/200ms_schroeder_master.wav	258.8000	750.000	5938.962	4.030		4.044	-29.92	3100.781	4823.438	258.8000		258.8000	11413080	0	11413080	3186.914	258.9025	0.5152	5188.962		0.2000	0.0987	0.1683	259.0000		200ms_schroeder_master.wav	11421900	/home/m/Dropbox/Projects/acoustic_fine_features_zebra_finch/data/processed/200ms_schroeder_master.wav	11421900	27.256		1636.523	775.195	4737.305	5598.633	775.195;775.195;775.195;775.195;775.195;775.195;775.195;775.195;775.195;775.195;775.195;775.195;775.195;775.195;775.195;775.195;775.195;775.195;775.195;775.195;775.195;775.195;775.195;775.195;775.195;775.195;775.195;775.195;775.195;775.195;775.195;775.195;775.195	1636.523;1636.523;1636.523;1636.523;1636.523;1636.523;1636.523;1636.523;1636.523;1636.523;1636.523;1636.523;1636.523;1636.523;1636.523;1636.523;1636.523;1636.523;1636.523;1636.523;1636.523;1636.523;1636.523;1636.523;1636.523;1636.523;1636.523;1636.523;1636.523;1636.523;1636.523;1636.523;1636.523	3186.914;3186.914;3186.914;3186.914;3186.914;3186.914;3186.914;3186.914;3186.914;3186.914;3186.914;3186.914;3186.914;3186.914;3186.914;3186.914;3186.914;3186.914;3186.914;3186.914;3186.914;3186.914;3186.914;3186.914;3186.914;3186.914;3186.914;3186.914;3186.914;3186.914;3186.914;3186.914;3186.914	4737.305;4737.305;4737.305;4737.305;4737.305;4737.305;4737.305;4737.305;4737.305;4737.305;4737.305;4737.305;4737.305;4737.305;4737.305;4737.305;4737.305;4737.305;4737.305;4737.305;4737.305;4737.305;4737.305;4737.305;4737.305;4737.305;4737.305;4737.305;4737.305;4737.305;4737.305;4737.305;4737.305	5598.633;5598.633;5598.633;5598.633;5598.633;5598.633;5598.633;5598.633;5598.633;5598.633;5598.633;5598.633;5598.633;5598.633;5598.633;5598.633;5598.633;5598.633;5598.633;5598.633;5598.633;5598.633;5598.633;5598.633;5598.633;5598.633;5598.633;5598.633;5598.633;5598.633;5598.633;5598.633;5598.633	-12.14	34				4.395	5598.633	258.9373		4.020				5598.633	5598.633;5598.633;5598.633;5598.633;5598.633;5598.633;5598.633;5598.633;5598.633;5598.633;5598.633;5598.633;5598.633;5598.633;5598.633;5598.633;5598.633;5598.633;5598.633;5598.633;5598.633;5598.633;5598.633;5598.633;5598.633;5598.633;5598.633;5598.633;5598.633;5598.633;5598.633;5598.633;5598.633	0.000	5598.633	0.000	5598.633	0.000	0.000	0.000;0.000;0.000;0.000;0.000;0.000;0.000;0.000;0.000;0.000;0.000;0.000;0.000;0.000;0.000;0.000;0.000;0.000;0.000;0.000;0.000;0.000;0.000;0.000;0.000;0.000;0.000;0.000;0.000;0.000;0.000;0.000		-22.09	258.9373	0.6970			47.08	8821	258.8502	0.2424	258.8154	0.0606	258.9489	0.7576	258.9838	0.9394	257_f0-800_ncomp-7_neg.wav_1	f0 800	7_n
259	Spectrogram 1	1	259.800000000	260.000000000	200ms_schroeder_master.wav	/home/m/Dropbox/Projects/acoustic_fine_features_zebra_finch/data/processed/200ms_schroeder_master.wav	259.8000	750.000	5938.962	4.030		4.071	-30.05	3100.781	4823.438	259.8000		259.8000	11457180	0	11457180	3186.914	259.9009	0.5000	5188.962		0.2000	0.0929	0.1683	260.0000		200ms_schroeder_master.wav	11466000	/home/m/Dropbox/Projects/acoustic_fine_features_zebra_finch/data/processed/200ms_schroeder_master.wav	11466000	27.257		1636.523	775.195	4737.305	5598.633	775.195;775.195;775.195;775.195;775.195;775.195;775.195;775.195;775.195;775.195;775.195;775.195;775.195;775.195;775.195;775.195;775.195;775.195;775.195;775.195;775.195;775.195;775.195;775.195;775.195;775.195;775.195;775.195;775.195;775.195;775.195;775.195;775.195;775.195	1636.523;1636.523;1636.523;1636.523;1636.523;1636.523;1636.523;1636.523;1636.523;1636.523;1636.523;1636.523;1636.523;1636.523;1636.523;1636.523;1636.523;1636.523;1636.523;1636.523;1636.523;1636.523;1636.523;1636.523;1636.523;1636.523;1636.523;1636.523;1636.523;1636.523;1636.523;1636.523;1636.523;1722.656	3186.914;3186.914;3186.914;3186.914;3186.914;3186.914;3186.914;3186.914;3186.914;3186.914;3186.914;3186.914;3186.914;3186.914;3186.914;3186.914;3186.914;3186.914;3186.914;3186.914;3186.914;3186.914;3186.914;3186.914;3186.914;3186.914;3186.914;3186.914;3186.914;3186.914;3186.914;3186.914;3186.914;3186.914	4737.305;4737.305;4737.305;4737.305;4737.305;4737.305;4737.305;4737.305;4737.305;4737.305;4737.305;4737.305;4737.305;4737.305;4737.305;4737.305;4737.305;4737.305;4737.305;4737.305;4737.305;4737.305;4737.305;4737.305;4737.305;4737.305;4737.305;4737.305;4737.305;4737.305;4737.305;4737.305;4737.305;4737.305	5598.633;5598.633;5598.633;5598.633;5598.633;5598.633;5598.633;5598.633;5598.633;5598.633;5598.633;5598.633;5598.633;5598.633;5598.633;5598.633;5598.633;5598.633;5598.633;5598.633;5598.633;5598.633;5598.633;5598.633;5598.633;5598.633;5598.633;5598.633;5598.633;5598.633;5598.633;5598.633;5598.633;5598.633	-12.27	35				4.893	5598.633	259.9126		4.020				5598.633	5598.633;5598.633;5598.633;5598.633;5598.633;5598.633;5598.633;5598.633;5598.633;5598.633;5598.633;5598.633;5598.633;5598.633;5598.633;5598.633;5598.633;5598.633;5598.633;5598.633;5598.633;5598.633;5598.633;5598.633;5598.633;5598.633;5598.633;5598.633;5598.633;5598.633;5598.633;5598.633;5598.633;5598.633	0.000	5598.633	0.000	5598.633	0.000	0.000	0.000;0.000;0.000;0.000;0.000;0.000;0.000;0.000;0.000;0.000;0.000;0.000;0.000;0.000;0.000;0.000;0.000;0.000;0.000;0.000;0.000;0.000;0.000;0.000;0.000;0.000;0.000;0.000;0.000;0.000;0.000;0.000;0.000		-22.09	259.9126	0.5588			47.22	8821	259.8545	0.2647	259.8139	0.0588	259.9474	0.7353	259.9822	0.9118	258_f0-800_ncomp-7_pos.wav_1	f0 800	7_p
260	Spectrogram 1	1	260.800000000	261.000000000	200ms_schroeder_master.wav	/home/m/Dropbox/Projects/acoustic_fine_features_zebra_finch/data/processed/200ms_schroeder_master.wav	260.8000	750.000	6831.803	4.227		4.267	-29.95	3186.914	5598.633	260.8000		260.8000	11501280	0	11501280	3962.109	260.8994	0.5000	6081.803		0.2000	0.0929	0.1683	261.0000		200ms_schroeder_master.wav	11510100	/home/m/Dropbox/Projects/acoustic_fine_features_zebra_finch/data/processed/200ms_schroeder_master.wav	11510100	28.088		2325.586	775.195	5512.500	6373.828	775.195;775.195;775.195;775.195;775.195;775.195;775.195;775.195;775.195;775.195;775.195;775.195;775.195;775.195;775.195;775.195;775.195;775.195;775.195;775.195;775.195;775.195;775.195;775.195;775.195;775.195;775.195;775.195;775.195;775.195;775.195;775.195;775.195;775.195	2325.586;2325.586;2325.586;2325.586;2325.586;2325.586;2325.586;2325.586;2325.586;2325.586;2325.586;2325.586;2325.586;2325.586;2325.586;2325.586;2325.586;2325.586;2325.586;2325.586;2325.586;2325.586;2325.586;2325.586;2325.586;2325.586;2325.586;2325.586;2325.586;2325.586;2325.586;2325.586;2325.586;2325.586	3875.977;3875.977;3962.109;3962.109;3962.109;3962.109;3962.109;3962.109;3962.109;3962.109;3962.109;3962.109;3962.109;3962.109;3962.109;3962.109;3962.109;3962.109;3962.109;3962.109;3962.109;3962.109;3962.109;3962.109;3962.109;3962.109;3962.109;3962.109;3962.109;3962.109;3962.109;3962.109;3875.977;3875.977	5512.500;5512.500;5512.500;5512.500;5512.500;5512.500;5512.500;5512.500;5512.500;5512.500;5512.500;5512.500;5512.500;5512.500;5512.500;5512.500;5512.500;5512.500;5512.500;5512.500;5512.500;5512.500;5512.500;5512.500;5512.500;5512.500;5512.500;5512.500;5512.500;5512.500;5512.500;5512.500;5512.500;5512.500	6373.828;6373.828;6373.828;6373.828;6373.828;6373.828;6373.828;6373.828;6373.828;6373.828;6373.828;6373.828;6373.828;6373.828;6373.828;6373.828;6373.828;6373.828;6373.828;6373.828;6373.828;6373.828;6373.828;6373.828;6373.828;6373.828;6373.828;6373.828;6373.828;6373.828;6373.828;6373.828;6373.828;6459.961	-11.44	35				5.016	5598.633	260.9110		4.217				5598.633	5598.633;5598.633;5598.633;5598.633;5598.633;5598.633;5598.633;5598.633;5598.633;5598.633;5598.633;5598.633;5598.633;5598.633;5598.633;5598.633;5598.633;5598.633;5598.633;5598.633;5598.633;5598.633;5598.633;5598.633;5598.633;5598.633;5598.633;5598.633;5598.633;5598.633;5598.633;5598.633;5598.633;5598.633	0.000	5598.633	0.000	5598.633	0.000	0.000	0.000;0.000;0.000;0.000;0.000;0.000;0.000;0.000;0.000;0.000;0.000;0.000;0.000;0.000;0.000;0.000;0.000;0.000;0.000;0.000;0.000;0.000;0.000;0.000;0.000;0.000;0.000;0.000;0.000;0.000;0.000;0.000;0.000		-21.84	260.9110	0.5588			47.30	8821	260.8530	0.2647	260.8181	0.0882	260.9458	0.7353	260.9865	0.9412	259_f0-800_ncomp-8_neg.wav_1	f0 800	8_n
261	Spectrogram 1	1	261.800000000	262.000000000	200ms_schroeder_master.wav	/home/m/Dropbox/Projects/acoustic_fine_features_zebra_finch/data/processed/200ms_schroeder_master.wav	261.8000	750.000	6831.803	4.227		4.241	-29.82	3186.914	5598.633	261.8000		261.8000	11545380	0	11545380	3962.109	261.8979	0.4848	6081.803		0.2000	0.0929	0.1683	262.0000		200ms_schroeder_master.wav	11554200	/home/m/Dropbox/Projects/acoustic_fine_features_zebra_finch/data/processed/200ms_schroeder_master.wav	11554200	28.087		2325.586	775.195	5512.500	6373.828	775.195;775.195;775.195;775.195;775.195;775.195;775.195;775.195;775.195;775.195;775.195;775.195;775.195;775.195;775.195;775.195;775.195;775.195;775.195;775.195;775.195;775.195;775.195;775.195;775.195;775.195;775.195;775.195;775.195;775.195;775.195;775.195;775.195	2325.586;2325.586;2325.586;2325.586;2325.586;2325.586;2325.586;2325.586;2325.586;2325.586;2325.586;2325.586;2325.586;2325.586;2325.586;2325.586;2325.586;2325.586;2325.586;2325.586;2325.586;2325.586;2325.586;2325.586;2325.586;2325.586;2325.586;2325.586;2325.586;2325.586;2325.586;2325.586;2325.586	3875.977;3962.109;3962.109;3962.109;3962.109;3962.109;3962.109;3962.109;3962.109;3962.109;3962.109;3962.109;3962.109;3962.109;3962.109;3962.109;3962.109;3962.109;3962.109;3962.109;3962.109;3962.109;3962.109;3962.109;3962.109;3962.109;3962.109;3962.109;3962.109;3962.109;3962.109;3875.977;3875.977	5512.500;5512.500;5512.500;5512.500;5512.500;5512.500;5512.500;5512.500;5512.500;5512.500;5512.500;5512.500;5512.500;5512.500;5512.500;5512.500;5512.500;5512.500;5512.500;5512.500;5512.500;5512.500;5512.500;5512.500;5512.500;5512.500;5512.500;5512.500;5512.500;5512.500;5512.500;5512.500;5512.500	6373.828;6373.828;6373.828;6373.828;6373.828;6373.828;6373.828;6373.828;6373.828;6373.828;6373.828;6373.828;6373.828;6373.828;6373.828;6373.828;6373.828;6373.828;6373.828;6373.828;6373.828;6373.828;6373.828;6373.828;6373.828;6373.828;6373.828;6373.828;6373.828;6373.828;6373.828;6373.828;6459.961	-11.31	34				4.632	5598.633	261.8514		4.217				5598.633	5598.633;5598.633;5598.633;5598.633;5598.633;5598.633;5598.633;5598.633;5598.633;5598.633;5598.633;5598.633;5598.633;5598.633;5598.633;5598.633;5598.633;5598.633;5598.633;5598.633;5598.633;5598.633;5598.633;5598.633;5598.633;5598.633;5598.633;5598.633;5598.633;5598.633;5598.633;5598.633;5598.633	0.000	5598.633	0.000	5598.633	0.000	0.000	0.000;0.000;0.000;0.000;0.000;0.000;0.000;0.000;0.000;0.000;0.000;0.000;0.000;0.000;0.000;0.000;0.000;0.000;0.000;0.000;0.000;0.000;0.000;0.000;0.000;0.000;0.000;0.000;0.000;0.000;0.000;0.000		-21.84	261.8514	0.2424			47.16	8821	261.8514	0.2424	261.8166	0.0606	261.9443	0.7273	261.9849	0.9394	260_f0-800_ncomp-8_pos.wav_1	f0 800	8_p
262	Spectrogram 1	1	262.800000000	263.000000000	200ms_schroeder_master.wav	/home/m/Dropbox/Projects/acoustic_fine_features_zebra_finch/data/processed/200ms_schroeder_master.wav	262.8000	750.000	7724.643	4.400		4.415	-30.80	3186.914	6459.961	262.8000		262.8000	11589480	0	11589480	3962.109	262.9021	0.5152	6974.643		0.2000	0.0929	0.1683	263.0000		200ms_schroeder_master.wav	11598300	/home/m/Dropbox/Projects/acoustic_fine_features_zebra_finch/data/processed/200ms_schroeder_master.wav	11598300	27.682		2411.719	775.195	5598.633	7235.156	775.195;775.195;775.195;775.195;775.195;775.195;775.195;775.195;775.195;775.195;775.195;775.195;775.195;775.195;775.195;775.195;775.195;775.195;775.195;775.195;775.195;775.195;775.195;775.195;775.195;775.195;775.195;775.195;775.195;775.195;775.195;775.195;775.195	2411.719;2411.719;2411.719;2411.719;2411.719;2411.719;2411.719;2411.719;2411.719;2411.719;2411.719;2411.719;2411.719;2411.719;2411.719;2411.719;2411.719;2411.719;2411.719;2411.719;2411.719;2411.719;2411.719;2411.719;2411.719;2411.719;2411.719;2411.719;2411.719;2411.719;2411.719;2411.719;2411.719	3962.109;3962.109;3962.109;3962.109;3962.109;3962.109;3962.109;3962.109;3962.109;3962.109;3962.109;3962.109;3962.109;3962.109;3962.109;3962.109;3962.109;3962.109;3962.109;3962.109;3962.109;3962.109;3962.109;3962.109;3962.109;3962.109;3962.109;3962.109;3962.109;3962.109;3962.109;3962.109;4048.242	5598.633;5598.633;5598.633;5598.633;5598.633;5598.633;5598.633;5598.633;5598.633;5598.633;5598.633;5598.633;5598.633;5598.633;5598.633;5598.633;5598.633;5598.633;5598.633;5598.633;5598.633;5598.633;5598.633;5598.633;5598.633;5598.633;5598.633;5598.633;5598.633;5598.633;5598.633;5598.633;5684.766	7235.156;7235.156;7235.156;7235.156;7235.156;7235.156;7235.156;7235.156;7235.156;7235.156;7235.156;7235.156;7235.156;7235.156;7235.156;7235.156;7235.156;7235.156;7235.156;7235.156;7235.156;7235.156;7235.156;7235.156;7235.156;7235.156;7235.156;7235.156;7235.156;7235.156;7235.156;7235.156;7235.156	-11.72	34				4.805	5598.633	262.9021		4.390				5598.633	5598.633;5598.633;5598.633;5598.633;5598.633;5598.633;5598.633;5598.633;5598.633;5598.633;5598.633;5598.633;5598.633;5598.633;5598.633;5598.633;5598.633;5598.633;5598.633;5598.633;5598.633;5598.633;5598.633;5598.633;5598.633;5598.633;5598.633;5598.633;5598.633;5598.633;5598.633;5598.633;5598.633	0.000	5598.633	0.000	5598.633	0.000	0.000	0.000;0.000;0.000;0.000;0.000;0.000;0.000;0.000;0.000;0.000;0.000;0.000;0.000;0.000;0.000;0.000;0.000;0.000;0.000;0.000;0.000;0.000;0.000;0.000;0.000;0.000;0.000;0.000;0.000;0.000;0.000;0.000		-22.76	262.9021	0.5152			46.88	8821	262.8557	0.2727	262.8150	0.0606	262.9486	0.7576	262.9834	0.9394	261_f0-800_ncomp-9_neg.wav_1	f0 800	9_n
263	Spectrogram 1	1	263.800000000	264.000000000	200ms_schroeder_master.wav	/home/m/Dropbox/Projects/acoustic_fine_features_zebra_finch/data/processed/200ms_schroeder_master.wav	263.8000	750.000	7724.643	4.400		4.441	-30.93	3186.914	6459.961	263.8000		263.8000	11633580	0	11633580	3962.109	263.9006	0.5000	6974.643		0.2000	0.0929	0.1683	264.0000		200ms_schroeder_master.wav	11642400	/home/m/Dropbox/Projects/acoustic_fine_features_zebra_finch/data/processed/200ms_schroeder_master.wav	11642400	27.682		2411.719	775.195	5598.633	7235.156	775.195;775.195;775.195;775.195;775.195;775.195;775.195;775.195;775.195;775.195;775.195;775.195;775.195;775.195;775.195;775.195;775.195;775.195;775.195;775.195;775.195;775.195;775.195;775.195;775.195;775.195;775.195;775.195;775.195;775.195;775.195;775.195;775.195;861.328	2411.719;2411.719;2411.719;2411.719;2411.719;2411.719;2411.719;2411.719;2411.719;2411.719;2411.719;2411.719;2411.719;2411.719;2411.719;2411.719;2411.719;2411.719;2411.719;2411.719;2411.719;2411.719;2411.719;2411.719;2411.719;2411.719;2411.719;2411.719;2411.719;2411.719;2411.719;2411.719;2411.719;2411.719	4048.242;3962.109;3962.109;3962.109;3962.109;3962.109;3962.109;3962.109;3962.109;3962.109;3962.109;3962.109;3962.109;3962.109;3962.109;3962.109;3962.109;3962.109;3962.109;3962.109;3962.109;3962.109;3962.109;3962.109;3962.109;3962.109;3962.109;3962.109;3962.109;3962.109;3962.109;3962.109;4048.242;4048.242	5598.633;5598.633;5598.633;5598.633;5598.633;5598.633;5598.633;5598.633;5598.633;5598.633;5598.633;5598.633;5598.633;5598.633;5598.633;5598.633;5598.633;5598.633;5598.633;5598.633;5598.633;5598.633;5598.633;5598.633;5598.633;5598.633;5598.633;5598.633;5598.633;5598.633;5598.633;5598.633;5598.633;5684.766	7235.156;7235.156;7235.156;7235.156;7235.156;7235.156;7235.156;7235.156;7235.156;7235.156;7235.156;7235.156;7235.156;7235.156;7235.156;7235.156;7235.156;7235.156;7235.156;7235.156;7235.156;7235.156;7235.156;7235.156;7235.156;7235.156;7235.156;7235.156;7235.156;7235.156;7235.156;7235.156;7235.156;7235.156	-11.84	35				5.197	5598.633	263.8716		4.390				5598.633	5598.633;5598.633;5598.633;5598.633;5598.633;5598.633;5598.633;5598.633;5598.633;5598.633;5598.633;5598.633;5598.633;5598.633;5598.633;5598.633;5598.633;5598.633;5598.633;5598.633;5598.633;5598.633;5598.633;5598.633;5598.633;5598.633;5598.633;5598.633;5598.633;5598.633;5598.633;5598.633;5598.633;5598.633	0.000	5598.633	0.000	5598.633	0.000	0.000	0.000;0.000;0.000;0.000;0.000;0.000;0.000;0.000;0.000;0.000;0.000;0.000;0.000;0.000;0.000;0.000;0.000;0.000;0.000;0.000;0.000;0.000;0.000;0.000;0.000;0.000;0.000;0.000;0.000;0.000;0.000;0.000;0.000		-22.76	263.8716	0.3529			46.88	8821	263.8541	0.2647	263.8135	0.0588	263.9470	0.7353	263.9818	0.9118	262_f0-800_ncomp-9_pos.wav_1	f0 800	9_p
264	Spectrogram 1	1	264.800000000	265.000000000	200ms_schroeder_master.wav	/home/m/Dropbox/Projects/acoustic_fine_features_zebra_finch/data/processed/200ms_schroeder_master.wav	264.8000	750.000	8438.915	4.555		4.597	-31.53	3962.109	7235.156	264.8000		264.8000	11677680	0	11677680	4737.305	264.8990	0.5000	7688.915		0.2000	0.0929	0.1683	265.0000		200ms_schroeder_master.wav	11686500	/home/m/Dropbox/Projects/acoustic_fine_features_zebra_finch/data/processed/200ms_schroeder_master.wav	11686500	27.483		2411.719	775.195	6373.828	8010.352	775.195;775.195;775.195;775.195;775.195;775.195;775.195;775.195;775.195;775.195;775.195;775.195;775.195;775.195;775.195;775.195;775.195;775.195;775.195;775.195;775.195;775.195;775.195;775.195;775.195;775.195;775.195;775.195;775.195;775.195;775.195;775.195;775.195;861.328	2411.719;2411.719;2411.719;2411.719;2411.719;2411.719;2411.719;2411.719;2411.719;2411.719;2411.719;2411.719;2411.719;2411.719;2411.719;2411.719;2411.719;2411.719;2411.719;2411.719;2411.719;2411.719;2411.719;2411.719;2411.719;2411.719;2411.719;2411.719;2411.719;2411.719;2411.719;2411.719;2411.719;2411.719	4737.305;4737.305;4737.305;4737.305;4737.305;4737.305;4737.305;4737.305;4737.305;4737.305;4737.305;4737.305;4737.305;4737.305;4737.305;4737.305;4737.305;4737.305;4737.305;4737.305;4737.305;4737.305;4737.305;4737.305;4737.305;4737.305;4737.305;4737.305;4737.305;4737.305;4737.305;4737.305;4737.305;4737.305	6373.828;6373.828;6373.828;6373.828;6373.828;6373.828;6373.828;6373.828;6373.828;6373.828;6373.828;6373.828;6373.828;6373.828;6373.828;6373.828;6373.828;6373.828;6373.828;6373.828;6373.828;6373.828;6373.828;6373.828;6373.828;6373.828;6373.828;6373.828;6373.828;6373.828;6373.828;6373.828;6373.828;6373.828	8010.352;8010.352;8010.352;8010.352;8010.352;8010.352;8010.352;8010.352;8010.352;8010.352;8010.352;8010.352;8010.352;8010.352;8010.352;8010.352;8010.352;8010.352;8010.352;8010.352;8010.352;8010.352;8010.352;8010.352;8010.352;8010.352;8010.352;8010.352;8010.352;8010.352;8010.352;8010.352;8010.352;8010.352	-12.04	35				5.424	5598.633	264.8758		4.545				5598.633	5598.633;5598.633;5598.633;5598.633;5598.633;5598.633;5598.633;5598.633;5598.633;5598.633;5598.633;5598.633;5598.633;5598.633;5598.633;5598.633;5598.633;5598.633;5598.633;5598.633;5598.633;5598.633;5598.633;5598.633;5598.633;5598.633;5598.633;5598.633;5598.633;5598.633;5598.633;5598.633;5598.633;5598.633	0.000	5598.633	0.000	5598.633	0.000	0.000	0.000;0.000;0.000;0.000;0.000;0.000;0.000;0.000;0.000;0.000;0.000;0.000;0.000;0.000;0.000;0.000;0.000;0.000;0.000;0.000;0.000;0.000;0.000;0.000;0.000;0.000;0.000;0.000;0.000;0.000;0.000;0.000;0.000		-23.42	264.8758	0.3824			46.68	8821	264.8526	0.2647	264.8178	0.0882	264.9455	0.7353	264.9861	0.9412	263_f0-800_ncomp-10_neg.wav_1	f0 800	10_n
265	Spectrogram 1	1	265.800000000	266.000000000	200ms_schroeder_master.wav	/home/m/Dropbox/Projects/acoustic_fine_features_zebra_finch/data/processed/200ms_schroeder_master.wav	265.8000	750.000	8438.915	4.555		4.570	-31.41	3962.109	7235.156	265.8000		265.8000	11721780	0	11721780	4737.305	265.8975	0.4848	7688.915		0.2000	0.0987	0.1683	266.0000		200ms_schroeder_master.wav	11730600	/home/m/Dropbox/Projects/acoustic_fine_features_zebra_finch/data/processed/200ms_schroeder_master.wav	11730600	27.482		2411.719	775.195	6373.828	8010.352	775.195;775.195;775.195;775.195;775.195;775.195;775.195;775.195;775.195;775.195;775.195;775.195;775.195;775.195;775.195;775.195;775.195;775.195;775.195;775.195;775.195;775.195;775.195;775.195;775.195;775.195;775.195;775.195;775.195;775.195;775.195;775.195;861.328	2411.719;2411.719;2411.719;2411.719;2411.719;2411.719;2411.719;2411.719;2411.719;2411.719;2411.719;2411.719;2411.719;2411.719;2411.719;2411.719;2411.719;2411.719;2411.719;2411.719;2411.719;2411.719;2411.719;2411.719;2411.719;2411.719;2411.719;2411.719;2411.719;2411.719;2411.719;2411.719;2411.719	4737.305;4737.305;4737.305;4737.305;4737.305;4737.305;4737.305;4737.305;4737.305;4737.305;4737.305;4737.305;4737.305;4737.305;4737.305;4737.305;4737.305;4737.305;4737.305;4737.305;4737.305;4737.305;4737.305;4737.305;4737.305;4737.305;4737.305;4737.305;4737.305;4737.305;4737.305;4737.305;4737.305	6373.828;6373.828;6373.828;6373.828;6373.828;6373.828;6373.828;6373.828;6373.828;6373.828;6373.828;6373.828;6373.828;6373.828;6373.828;6373.828;6373.828;6373.828;6373.828;6373.828;6373.828;6373.828;6373.828;6373.828;6373.828;6373.828;6373.828;6373.828;6373.828;6373.828;6373.828;6373.828;6373.828	8010.352;8010.352;8010.352;8010.352;8010.352;8010.352;8010.352;8010.352;8010.352;8010.352;8010.352;8010.352;8010.352;8010.352;8010.352;8010.352;8010.352;8010.352;8010.352;8010.352;8010.352;8010.352;8010.352;8010.352;8010.352;8010.352;8010.352;8010.352;8010.352;8010.352;8010.352;8010.352;8010.352	-11.91	34				4.929	5598.633	265.9091		4.545				5598.633	5598.633;5598.633;5598.633;5598.633;5598.633;5598.633;5598.633;5598.633;5598.633;5598.633;5598.633;5598.633;5598.633;5598.633;5598.633;5598.633;5598.633;5598.633;5598.633;5598.633;5598.633;5598.633;5598.633;5598.633;5598.633;5598.633;5598.633;5598.633;5598.633;5598.633;5598.633;5598.633;5598.633	0.000	5598.633	0.000	5598.633	0.000	0.000	0.000;0.000;0.000;0.000;0.000;0.000;0.000;0.000;0.000;0.000;0.000;0.000;0.000;0.000;0.000;0.000;0.000;0.000;0.000;0.000;0.000;0.000;0.000;0.000;0.000;0.000;0.000;0.000;0.000;0.000;0.000;0.000		-23.42	265.9091	0.5455			46.58	8821	265.8511	0.2424	265.8162	0.0606	265.9497	0.7576	265.9846	0.9394	264_f0-800_ncomp-10_pos.wav_1	f0 800	10_p
266	Spectrogram 1	1	266.800000000	267.000000000	200ms_schroeder_master.wav	/home/m/Dropbox/Projects/acoustic_fine_features_zebra_finch/data/processed/200ms_schroeder_master.wav	266.8000	750.000	9331.755	4.695		4.711	-31.54	4737.305	8010.352	266.8000		266.8000	11765880	0	11765880	4823.438	266.9018	0.5152	8581.755		0.2000	0.0929	0.1683	267.0000		200ms_schroeder_master.wav	11774700	/home/m/Dropbox/Projects/acoustic_fine_features_zebra_finch/data/processed/200ms_schroeder_master.wav	11774700	27.862		2411.719	775.195	7149.023	8785.547	861.328;775.195;775.195;775.195;775.195;775.195;775.195;775.195;775.195;775.195;775.195;775.195;775.195;775.195;775.195;775.195;775.195;775.195;775.195;775.195;775.195;775.195;775.195;775.195;775.195;775.195;775.195;775.195;775.195;775.195;775.195;775.195;861.328	2497.852;2411.719;2411.719;2411.719;2411.719;2411.719;2411.719;2411.719;2411.719;2411.719;2411.719;2411.719;2411.719;2411.719;2411.719;2411.719;2411.719;2411.719;2411.719;2411.719;2411.719;2411.719;2411.719;2411.719;2411.719;2411.719;2411.719;2411.719;2411.719;2411.719;2411.719;2411.719;2411.719	4823.438;4823.438;4823.438;4823.438;4823.438;4823.438;4823.438;4823.438;4823.438;4823.438;4823.438;4823.438;4823.438;4823.438;4823.438;4823.438;4823.438;4823.438;4823.438;4823.438;4823.438;4823.438;4823.438;4823.438;4823.438;4823.438;4823.438;4823.438;4823.438;4823.438;4823.438;4823.438;4823.438	7149.023;7149.023;7149.023;7149.023;7149.023;7149.023;7149.023;7149.023;7149.023;7149.023;7149.023;7149.023;7149.023;7149.023;7149.023;7149.023;7149.023;7149.023;7149.023;7149.023;7149.023;7149.023;7149.023;7149.023;7149.023;7149.023;7149.023;7149.023;7149.023;7149.023;7149.023;7149.023;7149.023	8785.547;8785.547;8785.547;8785.547;8785.547;8785.547;8785.547;8785.547;8785.547;8785.547;8785.547;8785.547;8785.547;8785.547;8785.547;8785.547;8785.547;8785.547;8785.547;8785.547;8785.547;8785.547;8785.547;8785.547;8785.547;8785.547;8785.547;8785.547;8785.547;8785.547;8785.547;8785.547;8785.547	-11.54	34				5.143	5598.633	266.9482		4.685				5598.633	5598.633;5598.633;5598.633;5598.633;5598.633;5598.633;5598.633;5598.633;5598.633;5598.633;5598.633;5598.633;5598.633;5598.633;5598.633;5598.633;5598.633;5598.633;5598.633;5598.633;5598.633;5598.633;5598.633;5598.633;5598.633;5598.633;5598.633;5598.633;5598.633;5598.633;5598.633;5598.633;5598.633	0.000	5598.633	0.000	5598.633	0.000	0.000	0.000;0.000;0.000;0.000;0.000;0.000;0.000;0.000;0.000;0.000;0.000;0.000;0.000;0.000;0.000;0.000;0.000;0.000;0.000;0.000;0.000;0.000;0.000;0.000;0.000;0.000;0.000;0.000;0.000;0.000;0.000;0.000		-23.46	266.9482	0.7576			47.15	8821	266.8553	0.2727	266.8147	0.0606	266.9482	0.7576	266.9830	0.9394	265_f0-800_ncomp-11_neg.wav_1	f0 800	11_n
267	Spectrogram 1	1	267.800000000	268.000000000	200ms_schroeder_master.wav	/home/m/Dropbox/Projects/acoustic_fine_features_zebra_finch/data/processed/200ms_schroeder_master.wav	267.8000	750.000	9331.755	4.695		4.736	-31.66	4737.305	8010.352	267.8000		267.8000	11809980	0	11809980	4823.438	267.9002	0.5000	8581.755		0.2000	0.0929	0.1683	268.0000		200ms_schroeder_master.wav	11818800	/home/m/Dropbox/Projects/acoustic_fine_features_zebra_finch/data/processed/200ms_schroeder_master.wav	11818800	27.863		2411.719	775.195	7149.023	8785.547	861.328;775.195;775.195;775.195;775.195;775.195;775.195;775.195;775.195;775.195;775.195;775.195;775.195;775.195;775.195;775.195;775.195;775.195;775.195;775.195;775.195;775.195;775.195;775.195;775.195;775.195;775.195;775.195;775.195;775.195;775.195;775.195;861.328;861.328	2411.719;2411.719;2411.719;2411.719;2411.719;2411.719;2411.719;2411.719;2411.719;2411.719;2411.719;2411.719;2411.719;2411.719;2411.719;2411.719;2411.719;2411.719;2411.719;2411.719;2411.719;2411.719;2411.719;2411.719;2411.719;2411.719;2411.719;2411.719;2411.719;2411.719;2411.719;2411.719;2411.719;2497.852	4823.438;4823.438;4823.438;4823.438;4823.438;4823.438;4823.438;4823.438;4823.438;4823.438;4823.438;4823.438;4823.438;4823.438;4823.438;4823.438;4823.438;4823.438;4823.438;4823.438;4823.438;4823.438;4823.438;4823.438;4823.438;4823.438;4823.438;4823.438;4823.438;4823.438;4823.438;4823.438;4823.438;4823.438	7149.023;7149.023;7149.023;7149.023;7149.023;7149.023;7149.023;7149.023;7149.023;7149.023;7149.023;7149.023;7149.023;7149.023;7149.023;7149.023;7149.023;7149.023;7149.023;7149.023;7149.023;7149.023;7149.023;7149.023;7149.023;7149.023;7149.023;7149.023;7149.023;7149.023;7149.023;7149.023;7149.023;7149.023	8785.547;8785.547;8785.547;8785.547;8785.547;8785.547;8785.547;8785.547;8785.547;8785.547;8785.547;8785.547;8785.547;8785.547;8785.547;8785.547;8785.547;8785.547;8785.547;8785.547;8785.547;8785.547;8785.547;8785.547;8785.547;8785.547;8785.547;8785.547;8785.547;8785.547;8785.547;8785.547;8785.547;8785.547	-11.66	35				5.431	5598.633	267.8480		4.685				5598.633	5598.633;5598.633;5598.633;5598.633;5598.633;5598.633;5598.633;5598.633;5598.633;5598.633;5598.633;5598.633;5598.633;5598.633;5598.633;5598.633;5598.633;5598.633;5598.633;5598.633;5598.633;5598.633;5598.633;5598.633;5598.633;5598.633;5598.633;5598.633;5598.633;5598.633;5598.633;5598.633;5598.633;5598.633	0.000	5598.633	0.000	5598.633	0.000	0.000	0.000;0.000;0.000;0.000;0.000;0.000;0.000;0.000;0.000;0.000;0.000;0.000;0.000;0.000;0.000;0.000;0.000;0.000;0.000;0.000;0.000;0.000;0.000;0.000;0.000;0.000;0.000;0.000;0.000;0.000;0.000;0.000;0.000		-23.46	267.8480	0.2353			47.18	8821	267.8538	0.2647	267.8131	0.0588	267.9467	0.7353	267.9815	0.9118	266_f0-800_ncomp-11_pos.wav_1	f0 800	11_p
268	Spectrogram 1	1	268.800000000	269.000000000	200ms_schroeder_master.wav	/home/m/Dropbox/Projects/acoustic_fine_features_zebra_finch/data/processed/200ms_schroeder_master.wav	268.8000	750.000	10135.311	4.822		4.839	-31.88	4823.438	8699.414	268.8000		268.8000	11854080	0	11854080	5512.500	268.8987	0.4848	9385.311		0.2000	0.0929	0.1683	269.0000		200ms_schroeder_master.wav	11862900	/home/m/Dropbox/Projects/acoustic_fine_features_zebra_finch/data/processed/200ms_schroeder_master.wav	11862900	27.896		3100.781	861.328	7924.219	9560.742	861.328;861.328;775.195;775.195;775.195;775.195;775.195;775.195;775.195;775.195;775.195;775.195;775.195;775.195;775.195;775.195;775.195;775.195;775.195;775.195;775.195;775.195;775.195;775.195;775.195;775.195;775.195;775.195;775.195;775.195;775.195;861.328;861.328	3100.781;3100.781;3100.781;3100.781;3100.781;3100.781;3100.781;3100.781;3100.781;3100.781;3100.781;3100.781;3100.781;3100.781;3100.781;3100.781;3100.781;3100.781;3100.781;3100.781;3100.781;3100.781;3100.781;3100.781;3100.781;3100.781;3100.781;3100.781;3100.781;3100.781;3100.781;3100.781;3100.781	5512.500;5512.500;5512.500;5512.500;5512.500;5512.500;5512.500;5512.500;5512.500;5512.500;5512.500;5512.500;5512.500;5512.500;5512.500;5512.500;5512.500;5512.500;5512.500;5512.500;5512.500;5512.500;5512.500;5512.500;5512.500;5512.500;5512.500;5512.500;5512.500;5512.500;5512.500;5512.500;5512.500	7924.219;7924.219;7924.219;7924.219;7924.219;7924.219;7924.219;7924.219;7924.219;7924.219;7924.219;7924.219;7924.219;7924.219;7924.219;7924.219;7924.219;7924.219;7924.219;7924.219;7924.219;7924.219;7924.219;7924.219;7924.219;7924.219;7924.219;7924.219;7924.219;7924.219;7924.219;7924.219;7924.219	9560.742;9560.742;9560.742;9560.742;9560.742;9560.742;9560.742;9560.742;9560.742;9560.742;9560.742;9560.742;9560.742;9560.742;9560.742;9560.742;9560.742;9560.742;9560.742;9560.742;9560.742;9560.742;9560.742;9560.742;9560.742;9560.742;9560.742;9560.742;9560.742;9560.742;9560.742;9560.742;9560.742	-11.50	34				5.329	5598.633	268.9219		4.813				5598.633	5598.633;5598.633;5598.633;5598.633;5598.633;5598.633;5598.633;5598.633;5598.633;5598.633;5598.633;5598.633;5598.633;5598.633;5598.633;5598.633;5598.633;5598.633;5598.633;5598.633;5598.633;5598.633;5598.633;5598.633;5598.633;5598.633;5598.633;5598.633;5598.633;5598.633;5598.633;5598.633;5598.633	0.000	5598.633	0.000	5598.633	0.000	0.000	0.000;0.000;0.000;0.000;0.000;0.000;0.000;0.000;0.000;0.000;0.000;0.000;0.000;0.000;0.000;0.000;0.000;0.000;0.000;0.000;0.000;0.000;0.000;0.000;0.000;0.000;0.000;0.000;0.000;0.000;0.000;0.000		-23.80	268.9219	0.6061			46.53	8821	268.8522	0.2424	268.8174	0.0606	268.9451	0.7273	268.9857	0.9394	267_f0-800_ncomp-12_neg.wav_1	f0 800	12_n
269	Spectrogram 1	1	269.800000000	270.000000000	200ms_schroeder_master.wav	/home/m/Dropbox/Projects/acoustic_fine_features_zebra_finch/data/processed/200ms_schroeder_master.wav	269.8000	750.000	10135.311	4.823		4.837	-31.88	4823.438	8699.414	269.8000		269.8000	11898180	0	11898180	5512.500	269.8971	0.4848	9385.311		0.2000	0.0987	0.1683	270.0000		200ms_schroeder_master.wav	11907000	/home/m/Dropbox/Projects/acoustic_fine_features_zebra_finch/data/processed/200ms_schroeder_master.wav	11907000	27.896		3100.781	861.328	7924.219	9560.742	861.328;861.328;775.195;775.195;775.195;775.195;775.195;775.195;775.195;775.195;775.195;775.195;775.195;775.195;775.195;775.195;775.195;775.195;775.195;775.195;775.195;775.195;775.195;775.195;775.195;775.195;775.195;775.195;775.195;775.195;775.195;861.328;861.328	3100.781;3100.781;3100.781;3100.781;3100.781;3100.781;3100.781;3100.781;3100.781;3100.781;3100.781;3100.781;3100.781;3100.781;3100.781;3100.781;3100.781;3100.781;3100.781;3100.781;3100.781;3100.781;3100.781;3100.781;3100.781;3100.781;3100.781;3100.781;3100.781;3100.781;3100.781;3100.781;3100.781	5512.500;5512.500;5512.500;5512.500;5512.500;5512.500;5512.500;5512.500;5512.500;5512.500;5512.500;5512.500;5512.500;5512.500;5512.500;5512.500;5512.500;5512.500;5512.500;5512.500;5512.500;5512.500;5512.500;5512.500;5512.500;5512.500;5512.500;5512.500;5512.500;5512.500;5512.500;5512.500;5512.500	7924.219;7924.219;7924.219;7924.219;7924.219;7924.219;7924.219;7924.219;7924.219;7924.219;7924.219;7924.219;7924.219;7924.219;7924.219;7924.219;7924.219;7924.219;7924.219;7924.219;7924.219;7924.219;7924.219;7924.219;7924.219;7924.219;7924.219;7924.219;7924.219;7924.219;7924.219;7924.219;7924.219	9560.742;9560.742;9560.742;9560.742;9560.742;9560.742;9560.742;9560.742;9560.742;9560.742;9560.742;9560.742;9560.742;9560.742;9560.742;9560.742;9560.742;9560.742;9560.742;9560.742;9560.742;9560.742;9560.742;9560.742;9560.742;9560.742;9560.742;9560.742;9560.742;9560.742;9560.742;9560.742;9560.742	-11.50	34				5.165	5598.633	269.9668		4.813				5598.633	5598.633;5598.633;5598.633;5598.633;5598.633;5598.633;5598.633;5598.633;5598.633;5598.633;5598.633;5598.633;5598.633;5598.633;5598.633;5598.633;5598.633;5598.633;5598.633;5598.633;5598.633;5598.633;5598.633;5598.633;5598.633;5598.633;5598.633;5598.633;5598.633;5598.633;5598.633;5598.633;5598.633	0.000	5598.633	0.000	5598.633	0.000	0.000	0.000;0.000;0.000;0.000;0.000;0.000;0.000;0.000;0.000;0.000;0.000;0.000;0.000;0.000;0.000;0.000;0.000;0.000;0.000;0.000;0.000;0.000;0.000;0.000;0.000;0.000;0.000;0.000;0.000;0.000;0.000;0.000		-23.80	269.9668	0.8485			46.48	8821	269.8507	0.2424	269.8159	0.0606	269.9494	0.7576	269.9842	0.9394	268_f0-800_ncomp-12_pos.wav_1	f0 800	12_p
270	Spectrogram 1	1	270.800000000	271.000000000	200ms_schroeder_master.wav	/home/m/Dropbox/Projects/acoustic_fine_features_zebra_finch/data/processed/200ms_schroeder_master.wav	270.8000	750.000	10938.867	4.940		4.956	-32.47	4823.438	9560.742	270.8000		270.8000	11942280	0	11942280	5598.633	270.9014	0.5152	10188.867		0.2000	0.0929	0.1683	271.0000		200ms_schroeder_master.wav	11951100	/home/m/Dropbox/Projects/acoustic_fine_features_zebra_finch/data/processed/200ms_schroeder_master.wav	11951100	27.680		3186.914	861.328	8010.352	10422.070	861.328;861.328;861.328;861.328;861.328;861.328;861.328;861.328;861.328;861.328;861.328;861.328;861.328;861.328;861.328;861.328;861.328;861.328;861.328;861.328;861.328;861.328;861.328;861.328;861.328;861.328;861.328;861.328;861.328;861.328;861.328;861.328;861.328	3186.914;3186.914;3186.914;3186.914;3186.914;3186.914;3186.914;3186.914;3186.914;3186.914;3186.914;3186.914;3186.914;3186.914;3186.914;3186.914;3186.914;3186.914;3186.914;3186.914;3186.914;3186.914;3186.914;3186.914;3186.914;3186.914;3186.914;3186.914;3186.914;3186.914;3186.914;3186.914;3186.914	5598.633;5598.633;5598.633;5598.633;5598.633;5598.633;5598.633;5598.633;5598.633;5598.633;5598.633;5598.633;5598.633;5598.633;5598.633;5598.633;5598.633;5598.633;5598.633;5598.633;5598.633;5598.633;5598.633;5598.633;5598.633;5598.633;5598.633;5598.633;5598.633;5598.633;5598.633;5598.633;5598.633	8010.352;8010.352;8010.352;8010.352;8010.352;8010.352;8010.352;8010.352;8010.352;8010.352;8010.352;8010.352;8010.352;8010.352;8010.352;8010.352;8010.352;8010.352;8010.352;8010.352;8010.352;8010.352;8010.352;8010.352;8010.352;8010.352;8010.352;8010.352;8010.352;8010.352;8010.352;8010.352;8010.352	10422.070;10422.070;10422.070;10422.070;10422.070;10422.070;10422.070;10422.070;10422.070;10422.070;10422.070;10422.070;10422.070;10422.070;10422.070;10422.070;10422.070;10422.070;10422.070;10422.070;10422.070;10422.070;10422.070;10422.070;10422.070;10422.070;10422.070;10422.070;10422.070;10422.070;10422.070;10422.070;10422.070	-11.72	34				5.433	5598.633	270.8956		4.930				5598.633	5598.633;5598.633;5598.633;5598.633;5598.633;5598.633;5598.633;5598.633;5598.633;5598.633;5598.633;5598.633;5598.633;5598.633;5598.633;5598.633;5598.633;5598.633;5598.633;5598.633;5598.633;5598.633;5598.633;5598.633;5598.633;5598.633;5598.633;5598.633;5598.633;5598.633;5598.633;5598.633;5598.633	0.000	5598.633	0.000	5598.633	0.000	0.000	0.000;0.000;0.000;0.000;0.000;0.000;0.000;0.000;0.000;0.000;0.000;0.000;0.000;0.000;0.000;0.000;0.000;0.000;0.000;0.000;0.000;0.000;0.000;0.000;0.000;0.000;0.000;0.000;0.000;0.000;0.000;0.000		-24.37	270.8956	0.4848			46.63	8821	270.8550	0.2727	270.8143	0.0606	270.9478	0.7576	270.9827	0.9394	269_f0-800_ncomp-13_neg.wav_1	f0 800	13_n
271	Spectrogram 1	1	271.800000000	272.000000000	200ms_schroeder_master.wav	/home/m/Dropbox/Projects/acoustic_fine_features_zebra_finch/data/processed/200ms_schroeder_master.wav	271.8000	750.000	10938.867	4.940		4.981	-32.60	4823.438	9560.742	271.8000		271.8000	11986380	0	11986380	5598.633	271.8999	0.5000	10188.867		0.2000	0.0929	0.1741	272.0000		200ms_schroeder_master.wav	11995200	/home/m/Dropbox/Projects/acoustic_fine_features_zebra_finch/data/processed/200ms_schroeder_master.wav	11995200	27.681		3186.914	861.328	8010.352	10422.070	861.328;861.328;861.328;861.328;861.328;861.328;861.328;861.328;861.328;861.328;861.328;861.328;861.328;861.328;861.328;861.328;861.328;861.328;861.328;861.328;861.328;861.328;861.328;861.328;861.328;861.328;861.328;861.328;861.328;861.328;861.328;861.328;861.328;861.328	3186.914;3186.914;3186.914;3186.914;3186.914;3186.914;3186.914;3186.914;3186.914;3186.914;3186.914;3186.914;3186.914;3186.914;3186.914;3186.914;3186.914;3186.914;3186.914;3186.914;3186.914;3186.914;3186.914;3186.914;3186.914;3186.914;3186.914;3186.914;3186.914;3186.914;3186.914;3186.914;3186.914;3186.914	5598.633;5598.633;5598.633;5598.633;5598.633;5598.633;5598.633;5598.633;5598.633;5598.633;5598.633;5598.633;5598.633;5598.633;5598.633;5598.633;5598.633;5598.633;5598.633;5598.633;5598.633;5598.633;5598.633;5598.633;5598.633;5598.633;5598.633;5598.633;5598.633;5598.633;5598.633;5598.633;5598.633;5598.633	8010.352;8010.352;8010.352;8010.352;8010.352;8010.352;8010.352;8010.352;8010.352;8010.352;8010.352;8010.352;8010.352;8010.352;8010.352;8010.352;8010.352;8010.352;8010.352;8010.352;8010.352;8010.352;8010.352;8010.352;8010.352;8010.352;8010.352;8010.352;8010.352;8010.352;8010.352;8010.352;8010.352;8096.484	10422.070;10422.070;10422.070;10422.070;10422.070;10422.070;10422.070;10422.070;10422.070;10422.070;10422.070;10422.070;10422.070;10422.070;10422.070;10422.070;10422.070;10422.070;10422.070;10422.070;10422.070;10422.070;10422.070;10422.070;10422.070;10422.070;10422.070;10422.070;10422.070;10422.070;10422.070;10422.070;10422.070;10335.938	-11.84	35				5.659	5598.633	271.8418		4.930				5598.633	5598.633;5598.633;5598.633;5598.633;5598.633;5598.633;5598.633;5598.633;5598.633;5598.633;5598.633;5598.633;5598.633;5598.633;5598.633;5598.633;5598.633;5598.633;5598.633;5598.633;5598.633;5598.633;5598.633;5598.633;5598.633;5598.633;5598.633;5598.633;5598.633;5598.633;5598.633;5598.633;5598.633;5598.633	0.000	5598.633	0.000	5598.633	0.000	0.000	0.000;0.000;0.000;0.000;0.000;0.000;0.000;0.000;0.000;0.000;0.000;0.000;0.000;0.000;0.000;0.000;0.000;0.000;0.000;0.000;0.000;0.000;0.000;0.000;0.000;0.000;0.000;0.000;0.000;0.000;0.000;0.000;0.000		-24.37	271.8418	0.2059			46.84	8821	271.8534	0.2647	271.8128	0.0588	271.9463	0.7353	271.9869	0.9412	270_f0-800_ncomp-13_pos.wav_1	f0 800	13_p
272	Spectrogram 1	1	272.800000000	273.000000000	200ms_schroeder_master.wav	/home/m/Dropbox/Projects/acoustic_fine_features_zebra_finch/data/processed/200ms_schroeder_master.wav	272.8000	750.000	11742.423	5.048		5.064	-32.45	5598.633	10335.938	272.8000		272.8000	12030480	0	12030480	6287.695	272.8983	0.4848	10992.423		0.2000	0.0929	0.1683	273.0000		200ms_schroeder_master.wav	12039300	/home/m/Dropbox/Projects/acoustic_fine_features_zebra_finch/data/processed/200ms_schroeder_master.wav	12039300	28.020		3186.914	861.328	8785.547	11197.266	861.328;861.328;861.328;861.328;861.328;861.328;861.328;861.328;861.328;861.328;861.328;861.328;861.328;861.328;861.328;861.328;861.328;861.328;861.328;861.328;861.328;861.328;861.328;861.328;861.328;861.328;861.328;861.328;861.328;861.328;861.328;861.328;861.328	3186.914;3186.914;3186.914;3186.914;3186.914;3186.914;3186.914;3186.914;3186.914;3186.914;3186.914;3186.914;3186.914;3186.914;3186.914;3186.914;3186.914;3186.914;3186.914;3186.914;3186.914;3186.914;3186.914;3186.914;3186.914;3186.914;3186.914;3186.914;3186.914;3186.914;3186.914;3186.914;3186.914	6287.695;6287.695;6287.695;6287.695;6287.695;6287.695;6287.695;6287.695;6287.695;6287.695;6287.695;6287.695;6287.695;6287.695;6287.695;6287.695;6287.695;6287.695;6287.695;6287.695;6287.695;6287.695;6287.695;6287.695;6287.695;6287.695;6287.695;6287.695;6287.695;6287.695;6287.695;6287.695;6287.695	8785.547;8785.547;8785.547;8785.547;8785.547;8785.547;8785.547;8785.547;8785.547;8785.547;8785.547;8785.547;8785.547;8785.547;8785.547;8785.547;8785.547;8785.547;8785.547;8785.547;8785.547;8785.547;8785.547;8785.547;8785.547;8785.547;8785.547;8785.547;8785.547;8785.547;8785.547;8785.547;8785.547	11197.266;11197.266;11197.266;11197.266;11197.266;11197.266;11197.266;11197.266;11197.266;11197.266;11197.266;11197.266;11197.266;11197.266;11197.266;11197.266;11197.266;11197.266;11197.266;11197.266;11197.266;11197.266;11197.266;11197.266;11197.266;11197.266;11197.266;11197.266;11197.266;11197.266;11197.266;11197.266;11197.266	-11.38	34				5.512	5598.633	272.8693		5.038				5598.633	11197.266;5598.633;5598.633;11197.266;5598.633;5598.633;11197.266;5598.633;5598.633;11197.266;5598.633;11197.266;5598.633;5598.633;11197.266;5598.633;5598.633;11197.266;5598.633;5598.633;11197.266;5598.633;5598.633;11197.266;5598.633;11197.266;5598.633;5598.633;11197.266;5598.633;5598.633;11197.266;11197.266	0.000	11197.266	964.452	5598.633	-964.452	21.000	-964.452;0.000;964.452;-964.452;0.000;964.452;-964.452;0.000;964.452;-964.452;964.452;-964.452;0.000;964.452;-964.452;0.000;964.452;-964.452;0.000;964.452;-964.452;0.000;964.452;-964.452;964.452;-964.452;0.000;964.452;-964.452;0.000;964.452;0.000		-24.35	272.8693	0.3333			47.22	8821	272.8519	0.2424	272.8170	0.0606	272.9448	0.7273	272.9854	0.9394	271_f0-800_ncomp-14_neg.wav_1	f0 800	14_n
273	Spectrogram 1	1	273.800000000	274.000000000	200ms_schroeder_master.wav	/home/m/Dropbox/Projects/acoustic_fine_features_zebra_finch/data/processed/200ms_schroeder_master.wav	273.8000	750.000	11742.423	5.048		5.063	-32.45	5598.633	10335.938	273.8000		273.8000	12074580	0	12074580	6287.695	273.9026	0.5152	10992.423		0.2000	0.0987	0.1683	274.0000		200ms_schroeder_master.wav	12083400	/home/m/Dropbox/Projects/acoustic_fine_features_zebra_finch/data/processed/200ms_schroeder_master.wav	12083400	28.020		3186.914	861.328	8785.547	11197.266	861.328;861.328;861.328;861.328;861.328;861.328;861.328;861.328;861.328;861.328;861.328;861.328;861.328;861.328;861.328;861.328;861.328;861.328;861.328;861.328;861.328;861.328;861.328;861.328;861.328;861.328;861.328;861.328;861.328;861.328;861.328;861.328;861.328	3186.914;3186.914;3186.914;3186.914;3186.914;3186.914;3186.914;3186.914;3186.914;3186.914;3186.914;3186.914;3186.914;3186.914;3186.914;3186.914;3186.914;3186.914;3186.914;3186.914;3186.914;3186.914;3186.914;3186.914;3186.914;3186.914;3186.914;3186.914;3186.914;3186.914;3186.914;3186.914;3186.914	6287.695;6287.695;6287.695;6287.695;6287.695;6287.695;6287.695;6287.695;6287.695;6287.695;6287.695;6287.695;6287.695;6287.695;6287.695;6287.695;6287.695;6287.695;6287.695;6287.695;6287.695;6287.695;6287.695;6287.695;6287.695;6287.695;6287.695;6287.695;6287.695;6287.695;6287.695;6287.695;6287.695	8785.547;8785.547;8785.547;8785.547;8785.547;8785.547;8785.547;8785.547;8785.547;8785.547;8785.547;8785.547;8785.547;8785.547;8785.547;8785.547;8785.547;8785.547;8785.547;8785.547;8785.547;8785.547;8785.547;8785.547;8785.547;8785.547;8785.547;8785.547;8785.547;8785.547;8785.547;8785.547;8785.547	11197.266;11197.266;11197.266;11197.266;11197.266;11197.266;11197.266;11197.266;11197.266;11197.266;11197.266;11197.266;11197.266;11197.266;11197.266;11197.266;11197.266;11197.266;11197.266;11197.266;11197.266;11197.266;11197.266;11197.266;11197.266;11197.266;11197.266;11197.266;11197.266;11197.266;11197.266;11197.266;11197.266	-11.38	34				5.415	5598.633	273.9606		5.038				5598.633	5598.633;5598.633;5598.633;5598.633;5598.633;5598.633;5598.633;5598.633;11197.266;5598.633;5598.633;5598.633;5598.633;11197.266;5598.633;5598.633;11197.266;5598.633;5598.633;11197.266;5598.633;5598.633;11197.266;5598.633;5598.633;11197.266;5598.633;11197.266;5598.633;5598.633;11197.266;5598.633;5598.633	0.000	11197.266	964.452	5598.633	-964.452	15.000	0.000;0.000;0.000;0.000;0.000;0.000;0.000;964.452;-964.452;0.000;0.000;0.000;964.452;-964.452;0.000;964.452;-964.452;0.000;964.452;-964.452;0.000;964.452;-964.452;0.000;964.452;-964.452;964.452;-964.452;0.000;964.452;-964.452;0.000		-24.35	273.9606	0.8182			47.19	8821	273.8503	0.2424	273.8155	0.0606	273.9490	0.7576	273.9838	0.9394	272_f0-800_ncomp-14_pos.wav_1	f0 800	14_p
274	Spectrogram 1	1	274.800000000	275.000000000	200ms_schroeder_master.wav	/home/m/Dropbox/Projects/acoustic_fine_features_zebra_finch/data/processed/200ms_schroeder_master.wav	274.8000	750.000	12635.263	5.149		5.191	-32.83	6287.695	11111.133	274.8000		274.8000	12118680	0	12118680	6373.828	274.9010	0.5000	11885.263		0.2000	0.0929	0.1683	275.0000		200ms_schroeder_master.wav	12127500	/home/m/Dropbox/Projects/acoustic_fine_features_zebra_finch/data/processed/200ms_schroeder_master.wav	12127500	28.089		3273.047	861.328	9560.742	11972.461	861.328;861.328;861.328;861.328;861.328;861.328;861.328;861.328;861.328;861.328;861.328;861.328;861.328;861.328;861.328;861.328;861.328;861.328;861.328;861.328;861.328;861.328;861.328;861.328;861.328;861.328;861.328;861.328;861.328;861.328;861.328;861.328;861.328;947.461	3273.047;3273.047;3273.047;3273.047;3273.047;3273.047;3273.047;3273.047;3273.047;3273.047;3273.047;3273.047;3273.047;3273.047;3273.047;3273.047;3273.047;3273.047;3273.047;3273.047;3273.047;3273.047;3273.047;3273.047;3273.047;3273.047;3273.047;3273.047;3273.047;3273.047;3273.047;3273.047;3273.047;3359.180	6373.828;6373.828;6373.828;6373.828;6373.828;6373.828;6373.828;6373.828;6373.828;6373.828;6373.828;6373.828;6373.828;6373.828;6373.828;6373.828;6373.828;6373.828;6373.828;6373.828;6373.828;6373.828;6373.828;6373.828;6373.828;6373.828;6373.828;6373.828;6373.828;6373.828;6373.828;6373.828;6373.828;6459.961	9560.742;9560.742;9560.742;9560.742;9560.742;9560.742;9560.742;9560.742;9560.742;9560.742;9560.742;9560.742;9560.742;9560.742;9560.742;9560.742;9560.742;9560.742;9560.742;9560.742;9560.742;9560.742;9560.742;9560.742;9560.742;9560.742;9560.742;9560.742;9560.742;9560.742;9560.742;9560.742;9560.742;9560.742	11972.461;11972.461;11972.461;11972.461;11972.461;11972.461;11972.461;11972.461;11972.461;11972.461;11972.461;11972.461;11972.461;11972.461;11972.461;11972.461;11972.461;11972.461;11972.461;11972.461;11972.461;11972.461;11972.461;11972.461;11972.461;11972.461;11972.461;11972.461;11972.461;11972.461;11972.461;11972.461;11972.461;11972.461	-11.43	35				6.049	5598.633	274.8430		5.139				5598.633	5598.633;5598.633;11197.266;5598.633;5598.633;11197.266;5598.633;5598.633;5598.633;5598.633;5598.633;5598.633;5598.633;11197.266;5598.633;5598.633;11197.266;5598.633;5598.633;11197.266;5598.633;11197.266;5598.633;5598.633;11197.266;5598.633;5598.633;11197.266;5598.633;5598.633;11197.266;5598.633;5598.633;11197.266	29.226	11197.266	964.452	5598.633	-964.452	18.000	0.000;964.452;-964.452;0.000;964.452;-964.452;0.000;0.000;0.000;0.000;0.000;0.000;964.452;-964.452;0.000;964.452;-964.452;0.000;964.452;-964.452;964.452;-964.452;0.000;964.452;-964.452;0.000;964.452;-964.452;0.000;964.452;-964.452;0.000;964.452		-24.59	274.8430	0.2059			47.22	8821	274.8546	0.2647	274.8140	0.0588	274.9475	0.7353	274.9823	0.9118	273_f0-800_ncomp-15_neg.wav_1	f0 800	15_n
275	Spectrogram 1	1	275.800000000	276.000000000	200ms_schroeder_master.wav	/home/m/Dropbox/Projects/acoustic_fine_features_zebra_finch/data/processed/200ms_schroeder_master.wav	275.8000	750.000	12635.263	5.149		5.190	-32.83	6287.695	11111.133	275.8000		275.8000	12162780	0	12162780	6373.828	275.8995	0.5000	11885.263		0.2000	0.0929	0.1683	276.0000		200ms_schroeder_master.wav	12171600	/home/m/Dropbox/Projects/acoustic_fine_features_zebra_finch/data/processed/200ms_schroeder_master.wav	12171600	28.090		3273.047	861.328	9560.742	11972.461	947.461;861.328;861.328;861.328;861.328;861.328;861.328;861.328;861.328;861.328;861.328;861.328;861.328;861.328;861.328;861.328;861.328;861.328;861.328;861.328;861.328;861.328;861.328;861.328;861.328;861.328;861.328;861.328;861.328;861.328;861.328;861.328;861.328;947.461	3273.047;3273.047;3273.047;3273.047;3273.047;3273.047;3273.047;3273.047;3273.047;3273.047;3273.047;3273.047;3273.047;3273.047;3273.047;3273.047;3273.047;3273.047;3273.047;3273.047;3273.047;3273.047;3273.047;3273.047;3273.047;3273.047;3273.047;3273.047;3273.047;3273.047;3273.047;3273.047;3273.047;3273.047	6459.961;6373.828;6373.828;6373.828;6373.828;6373.828;6373.828;6373.828;6373.828;6373.828;6373.828;6373.828;6373.828;6373.828;6373.828;6373.828;6373.828;6373.828;6373.828;6373.828;6373.828;6373.828;6373.828;6373.828;6373.828;6373.828;6373.828;6373.828;6373.828;6373.828;6373.828;6373.828;6373.828;6459.961	9560.742;9560.742;9560.742;9560.742;9560.742;9560.742;9560.742;9560.742;9560.742;9560.742;9560.742;9560.742;9560.742;9560.742;9560.742;9560.742;9560.742;9560.742;9560.742;9560.742;9560.742;9560.742;9560.742;9560.742;9560.742;9560.742;9560.742;9560.742;9560.742;9560.742;9560.742;9560.742;9560.742;9560.742	11972.461;11972.461;11972.461;11972.461;11972.461;11972.461;11972.461;11972.461;11972.461;11972.461;11972.461;11972.461;11972.461;11972.461;11972.461;11972.461;11972.461;11972.461;11972.461;11972.461;11972.461;11972.461;11972.461;11972.461;11972.461;11972.461;11972.461;11972.461;11972.461;11972.461;11972.461;11972.461;11972.461;11972.461	-11.43	35				5.935	5598.633	275.8182		5.139				5598.633	5598.633;11197.266;5598.633;5598.633;11197.266;5598.633;5598.633;5598.633;5598.633;5598.633;5598.633;5598.633;5598.633;5598.633;5598.633;11197.266;5598.633;5598.633;11197.266;5598.633;11197.266;5598.633;5598.633;11197.266;5598.633;5598.633;11197.266;5598.633;5598.633;11197.266;5598.633;5598.633;11197.266;5598.633	0.000	11197.266	964.452	5598.633	-964.452	17.000	964.452;-964.452;0.000;964.452;-964.452;0.000;0.000;0.000;0.000;0.000;0.000;0.000;0.000;0.000;964.452;-964.452;0.000;964.452;-964.452;964.452;-964.452;0.000;964.452;-964.452;0.000;964.452;-964.452;0.000;964.452;-964.452;0.000;964.452;-964.452		-24.59	275.8182	0.0882			47.30	8821	275.8530	0.2647	275.8182	0.0882	275.9459	0.7353	275.9866	0.9412	274_f0-800_ncomp-15_pos.wav_1	f0 800	15_p
276	Spectrogram 1	1	276.800000000	277.000000000	200ms_schroeder_master.wav	/home/m/Dropbox/Projects/acoustic_fine_features_zebra_finch/data/processed/200ms_schroeder_master.wav	276.8000	750.000	13528.104	5.243		5.258	-33.22	6373.828	11886.328	276.8000		276.8000	12206880	0	12206880	7149.023	276.8979	0.4848	12778.104		0.2000	0.0929	0.1683	277.0000		200ms_schroeder_master.wav	12215700	/home/m/Dropbox/Projects/acoustic_fine_features_zebra_finch/data/processed/200ms_schroeder_master.wav	12215700	27.910		3962.109	861.328	10335.938	12747.656	861.328;861.328;861.328;861.328;861.328;861.328;861.328;861.328;861.328;861.328;861.328;861.328;861.328;861.328;861.328;861.328;861.328;861.328;861.328;861.328;861.328;861.328;861.328;861.328;861.328;861.328;861.328;861.328;861.328;861.328;861.328;861.328;861.328	3962.109;3962.109;3962.109;3962.109;3962.109;3962.109;3962.109;3962.109;3962.109;3962.109;3962.109;3962.109;3962.109;3962.109;3962.109;3962.109;3962.109;3962.109;3962.109;3962.109;3962.109;3962.109;3962.109;3962.109;3962.109;3962.109;3962.109;3962.109;3962.109;3962.109;3962.109;3962.109;3962.109	7149.023;7149.023;7149.023;7149.023;7149.023;7149.023;7149.023;7149.023;7149.023;7149.023;7149.023;7149.023;7149.023;7149.023;7149.023;7149.023;7149.023;7149.023;7149.023;7149.023;7149.023;7149.023;7149.023;7149.023;7149.023;7149.023;7149.023;7149.023;7149.023;7149.023;7149.023;7149.023;7149.023	10335.938;10335.938;10335.938;10335.938;10335.938;10335.938;10335.938;10335.938;10335.938;10335.938;10335.938;10335.938;10335.938;10335.938;10335.938;10335.938;10335.938;10335.938;10335.938;10335.938;10335.938;10335.938;10335.938;10335.938;10335.938;10335.938;10335.938;10335.938;10335.938;10335.938;10335.938;10335.938;10249.805	12747.656;12747.656;12747.656;12747.656;12747.656;12747.656;12747.656;12747.656;12747.656;12747.656;12747.656;12747.656;12747.656;12747.656;12747.656;12747.656;12747.656;12747.656;12747.656;12747.656;12747.656;12747.656;12747.656;12747.656;12747.656;12747.656;12747.656;12747.656;12747.656;12747.656;12747.656;12747.656;12747.656	-11.49	34				5.667	5598.633	276.9792		5.233				5598.633	11197.266;5598.633;11197.266;5598.633;5598.633;11197.266;5598.633;5598.633;11197.266;5598.633;5598.633;11197.266;5598.633;5598.633;11197.266;5598.633;11197.266;5598.633;5598.633;11197.266;5598.633;5598.633;11197.266;5598.633;5598.633;11197.266;5598.633;5598.633;11197.266;5598.633;11197.266;5598.633;5598.633	-30.139	11197.266	964.452	5598.633	-964.452	22.000	-964.452;964.452;-964.452;0.000;964.452;-964.452;0.000;964.452;-964.452;0.000;964.452;-964.452;0.000;964.452;-964.452;964.452;-964.452;0.000;964.452;-964.452;0.000;964.452;-964.452;0.000;964.452;-964.452;0.000;964.452;-964.452;964.452;-964.452;0.000		-25.05	276.9792	0.9091			47.24	8821	276.8515	0.2424	276.8167	0.0606	276.9444	0.7273	276.9850	0.9394	275_f0-800_ncomp-16_neg.wav_1	f0 800	16_n
277	Spectrogram 1	1	277.800000000	278.000000000	200ms_schroeder_master.wav	/home/m/Dropbox/Projects/acoustic_fine_features_zebra_finch/data/processed/200ms_schroeder_master.wav	277.8000	750.000	13528.104	5.243		5.258	-33.22	6373.828	11886.328	277.8000		277.8000	12250980	0	12250980	7149.023	277.9022	0.5152	12778.104		0.2000	0.0929	0.1683	278.0000		200ms_schroeder_master.wav	12259800	/home/m/Dropbox/Projects/acoustic_fine_features_zebra_finch/data/processed/200ms_schroeder_master.wav	12259800	27.910		3962.109	861.328	10335.938	12747.656	861.328;861.328;861.328;861.328;861.328;861.328;861.328;861.328;861.328;861.328;861.328;861.328;861.328;861.328;861.328;861.328;861.328;861.328;861.328;861.328;861.328;861.328;861.328;861.328;861.328;861.328;861.328;861.328;861.328;861.328;861.328;861.328;861.328	3962.109;3962.109;3962.109;3962.109;3962.109;3962.109;3962.109;3962.109;3962.109;3962.109;3962.109;3962.109;3962.109;3962.109;3962.109;3962.109;3962.109;3962.109;3962.109;3962.109;3962.109;3962.109;3962.109;3962.109;3962.109;3962.109;3962.109;3962.109;3962.109;3962.109;3962.109;3962.109;3962.109	7149.023;7149.023;7149.023;7149.023;7149.023;7149.023;7149.023;7149.023;7149.023;7149.023;7149.023;7149.023;7149.023;7149.023;7149.023;7149.023;7149.023;7149.023;7149.023;7149.023;7149.023;7149.023;7149.023;7149.023;7149.023;7149.023;7149.023;7149.023;7149.023;7149.023;7149.023;7149.023;7149.023	10335.938;10335.938;10335.938;10335.938;10335.938;10335.938;10335.938;10335.938;10335.938;10335.938;10335.938;10335.938;10335.938;10335.938;10335.938;10335.938;10335.938;10335.938;10335.938;10335.938;10335.938;10335.938;10335.938;10335.938;10335.938;10335.938;10335.938;10335.938;10335.938;10335.938;10335.938;10335.938;10335.938	12747.656;12747.656;12747.656;12747.656;12747.656;12747.656;12747.656;12747.656;12747.656;12747.656;12747.656;12747.656;12747.656;12747.656;12747.656;12747.656;12747.656;12747.656;12747.656;12747.656;12747.656;12747.656;12747.656;12747.656;12747.656;12747.656;12747.656;12747.656;12747.656;12747.656;12747.656;12747.656;12747.656	-11.49	34				5.646	5598.633	277.9545		5.233				5598.633	5598.633;11197.266;5598.633;5598.633;5598.633;5598.633;5598.633;11197.266;5598.633;11197.266;5598.633;5598.633;11197.266;5598.633;5598.633;11197.266;5598.633;5598.633;11197.266;5598.633;5598.633;11197.266;5598.633;5598.633;11197.266;5598.633;11197.266;5598.633;5598.633;11197.266;5598.633;5598.633;11197.266	30.139	11197.266	964.452	5598.633	-964.452	20.000	964.452;-964.452;0.000;0.000;0.000;0.000;964.452;-964.452;964.452;-964.452;0.000;964.452;-964.452;0.000;964.452;-964.452;0.000;964.452;-964.452;0.000;964.452;-964.452;0.000;964.452;-964.452;964.452;-964.452;0.000;964.452;-964.452;0.000;964.452		-25.05	277.9545	0.7879			47.18	8821	277.8558	0.2727	277.8151	0.0606	277.9487	0.7576	277.9835	0.9394	276_f0-800_ncomp-16_pos.wav_1	f0 800	16_p
278	Spectrogram 1	1	278.800000000	279.000000000	200ms_schroeder_master.wav	/home/m/Dropbox/Projects/acoustic_fine_features_zebra_finch/data/processed/200ms_schroeder_master.wav	278.8000	750.000	14242.376	5.332		5.373	-33.41	6459.961	12661.523	278.8000		278.8000	12295080	0	12295080	7235.156	278.9007	0.5000	13492.376		0.2000	0.0929	0.1683	279.0000		200ms_schroeder_master.wav	12303900	/home/m/Dropbox/Projects/acoustic_fine_features_zebra_finch/data/processed/200ms_schroeder_master.wav	12303900	28.075		3962.109	861.328	10422.070	13522.852	861.328;861.328;861.328;861.328;861.328;861.328;861.328;861.328;861.328;861.328;861.328;861.328;861.328;861.328;861.328;861.328;861.328;861.328;861.328;861.328;861.328;861.328;861.328;861.328;861.328;861.328;861.328;861.328;861.328;861.328;861.328;861.328;861.328;1464.258	3962.109;3962.109;3962.109;3962.109;3962.109;3962.109;3962.109;3962.109;3962.109;3962.109;3962.109;3962.109;3962.109;3962.109;3962.109;3962.109;3962.109;3962.109;3962.109;3962.109;3962.109;3962.109;3962.109;3962.109;3962.109;3962.109;3962.109;3962.109;3962.109;3962.109;3962.109;3962.109;3962.109;3962.109	7235.156;7235.156;7235.156;7235.156;7235.156;7235.156;7235.156;7235.156;7235.156;7235.156;7235.156;7235.156;7235.156;7235.156;7235.156;7235.156;7235.156;7235.156;7235.156;7235.156;7235.156;7235.156;7235.156;7235.156;7235.156;7235.156;7235.156;7235.156;7235.156;7235.156;7235.156;7235.156;7235.156;7235.156	10422.070;10422.070;10422.070;10422.070;10422.070;10422.070;10422.070;10422.070;10422.070;10422.070;10422.070;10422.070;10422.070;10422.070;10422.070;10422.070;10422.070;10422.070;10422.070;10422.070;10422.070;10422.070;10422.070;10422.070;10422.070;10422.070;10422.070;10422.070;10422.070;10422.070;10422.070;10422.070;10422.070;10508.203	13522.852;13522.852;13522.852;13522.852;13522.852;13522.852;13522.852;13522.852;13522.852;13522.852;13522.852;13522.852;13522.852;13522.852;13522.852;13522.852;13522.852;13522.852;13522.852;13522.852;13522.852;13522.852;13522.852;13522.852;13522.852;13522.852;13522.852;13522.852;13522.852;13522.852;13522.852;13522.852;13522.852;13522.852	-11.45	35				6.159	5598.633	278.8542		5.322				5598.633	5598.633;11197.266;5598.633;5598.633;5598.633;5598.633;5598.633;11197.266;5598.633;5598.633;11197.266;5598.633;11197.266;5598.633;5598.633;11197.266;5598.633;5598.633;11197.266;5598.633;5598.633;11197.266;5598.633;5598.633;11197.266;5598.633;11197.266;5598.633;5598.633;11197.266;5598.633;5598.633;11197.266;5598.633	0.000	11197.266	964.452	5598.633	-964.452	21.000	964.452;-964.452;0.000;0.000;0.000;0.000;964.452;-964.452;0.000;964.452;-964.452;964.452;-964.452;0.000;964.452;-964.452;0.000;964.452;-964.452;0.000;964.452;-964.452;0.000;964.452;-964.452;964.452;-964.452;0.000;964.452;-964.452;0.000;964.452;-964.452		-25.15	278.8542	0.2647			47.00	8821	278.8542	0.2647	278.8136	0.0588	278.9471	0.7353	278.9819	0.9118	277_f0-800_ncomp-17_neg.wav_1	f0 800	17_n
279	Spectrogram 1	1	279.800000000	280.000000000	200ms_schroeder_master.wav	/home/m/Dropbox/Projects/acoustic_fine_features_zebra_finch/data/processed/200ms_schroeder_master.wav	279.8000	750.000	14242.376	5.332		5.374	-33.41	6459.961	12661.523	279.8000		279.8000	12339180	0	12339180	7235.156	279.8991	0.5000	13492.376		0.2000	0.0929	0.1683	280.0000		200ms_schroeder_master.wav	12348000	/home/m/Dropbox/Projects/acoustic_fine_features_zebra_finch/data/processed/200ms_schroeder_master.wav	12348000	28.075		3962.109	861.328	10422.070	13522.852	861.328;861.328;861.328;861.328;861.328;861.328;861.328;861.328;861.328;861.328;861.328;861.328;861.328;861.328;861.328;861.328;861.328;861.328;861.328;861.328;861.328;861.328;861.328;861.328;861.328;861.328;861.328;861.328;861.328;861.328;861.328;861.328;861.328;1464.258	3962.109;3962.109;3962.109;3962.109;3962.109;3962.109;3962.109;3962.109;3962.109;3962.109;3962.109;3962.109;3962.109;3962.109;3962.109;3962.109;3962.109;3962.109;3962.109;3962.109;3962.109;3962.109;3962.109;3962.109;3962.109;3962.109;3962.109;3962.109;3962.109;3962.109;3962.109;3962.109;3962.109;3962.109	7235.156;7235.156;7235.156;7235.156;7235.156;7235.156;7235.156;7235.156;7235.156;7235.156;7235.156;7235.156;7235.156;7235.156;7235.156;7235.156;7235.156;7235.156;7235.156;7235.156;7235.156;7235.156;7235.156;7235.156;7235.156;7235.156;7235.156;7235.156;7235.156;7235.156;7235.156;7235.156;7235.156;7235.156	10422.070;10422.070;10422.070;10422.070;10422.070;10422.070;10422.070;10422.070;10422.070;10422.070;10422.070;10422.070;10422.070;10422.070;10422.070;10422.070;10422.070;10422.070;10422.070;10422.070;10422.070;10422.070;10422.070;10422.070;10422.070;10422.070;10422.070;10422.070;10422.070;10422.070;10422.070;10422.070;10422.070;10422.070	13522.852;13522.852;13522.852;13522.852;13522.852;13522.852;13522.852;13522.852;13522.852;13522.852;13522.852;13522.852;13522.852;13522.852;13522.852;13522.852;13522.852;13522.852;13522.852;13522.852;13522.852;13522.852;13522.852;13522.852;13522.852;13522.852;13522.852;13522.852;13522.852;13522.852;13522.852;13522.852;13522.852;13522.852	-11.45	35				6.191	5598.633	279.8295		5.322				5598.633	5598.633;5598.633;11197.266;11197.266;5598.633;5598.633;11197.266;5598.633;5598.633;5598.633;5598.633;5598.633;5598.633;5598.633;11197.266;5598.633;11197.266;11197.266;5598.633;11197.266;5598.633;5598.633;11197.266;5598.633;5598.633;11197.266;5598.633;5598.633;11197.266;5598.633;5598.633;11197.266;5598.633;11197.266	29.226	11197.266	964.452	5598.633	-964.452	18.000	0.000;964.452;0.000;-964.452;0.000;964.452;-964.452;0.000;0.000;0.000;0.000;0.000;0.000;964.452;-964.452;964.452;0.000;-964.452;964.452;-964.452;0.000;964.452;-964.452;0.000;964.452;-964.452;0.000;964.452;-964.452;0.000;964.452;-964.452;964.452		-25.15	279.8295	0.1471			47.07	8821	279.8527	0.2647	279.8179	0.0882	279.9456	0.7353	279.9862	0.9412	278_f0-800_ncomp-17_pos.wav_1	f0 800	17_p
280	Spectrogram 1	1	280.800000000	281.000000000	200ms_schroeder_master.wav	/home/m/Dropbox/Projects/acoustic_fine_features_zebra_finch/data/processed/200ms_schroeder_master.wav	280.8000	750.000	15135.216	5.415		5.430	-33.67	7235.156	13522.852	280.8000		280.8000	12383280	0	12383280	7924.219	280.8976	0.4848	14385.216		0.2000	0.0929	0.1683	281.0000		200ms_schroeder_master.wav	12392100	/home/m/Dropbox/Projects/acoustic_fine_features_zebra_finch/data/processed/200ms_schroeder_master.wav	12392100	27.950		3962.109	861.328	11197.266	14384.180	861.328;861.328;861.328;861.328;861.328;861.328;861.328;861.328;861.328;861.328;861.328;861.328;861.328;861.328;861.328;861.328;861.328;861.328;861.328;861.328;861.328;861.328;861.328;861.328;861.328;861.328;861.328;861.328;861.328;861.328;861.328;861.328;1464.258	4048.242;3962.109;3962.109;3962.109;3962.109;3962.109;3962.109;3962.109;3962.109;3962.109;3962.109;3962.109;3962.109;3962.109;3962.109;3962.109;3962.109;3962.109;3962.109;3962.109;3962.109;3962.109;3962.109;3962.109;3962.109;3962.109;3962.109;3962.109;3962.109;3962.109;3962.109;4048.242;4048.242	7924.219;7924.219;7924.219;7924.219;7924.219;7924.219;7924.219;7924.219;7924.219;7924.219;7924.219;7924.219;7924.219;7924.219;7924.219;7924.219;7924.219;7924.219;7924.219;7924.219;7924.219;7924.219;7924.219;7924.219;7924.219;7924.219;7924.219;7924.219;7924.219;7924.219;7924.219;7924.219;7924.219	11197.266;11197.266;11197.266;11197.266;11197.266;11197.266;11197.266;11197.266;11197.266;11197.266;11197.266;11197.266;11197.266;11197.266;11197.266;11197.266;11197.266;11197.266;11197.266;11197.266;11197.266;11197.266;11197.266;11197.266;11197.266;11197.266;11197.266;11197.266;11197.266;11197.266;11197.266;11197.266;11197.266	14384.180;14384.180;14384.180;14384.180;14384.180;14384.180;14384.180;14384.180;14384.180;14384.180;14384.180;14384.180;14384.180;14384.180;14384.180;14384.180;14384.180;14384.180;14384.180;14384.180;14384.180;14384.180;14384.180;14384.180;14384.180;14384.180;14384.180;14384.180;14384.180;14384.180;14384.180;14298.047;14298.047	-11.45	34				5.803	5598.633	280.9092		5.405				5598.633	5598.633;5598.633;11197.266;5598.633;5598.633;11197.266;5598.633;11197.266;5598.633;5598.633;11197.266;5598.633;5598.633;11197.266;5598.633;5598.633;11197.266;5598.633;5598.633;11197.266;5598.633;11197.266;5598.633;5598.633;11197.266;5598.633;5598.633;11197.266;5598.633;5598.633;11197.266;5598.633;5598.633	0.000	11197.266	964.452	5598.633	-964.452	21.000	0.000;964.452;-964.452;0.000;964.452;-964.452;964.452;-964.452;0.000;964.452;-964.452;0.000;964.452;-964.452;0.000;964.452;-964.452;0.000;964.452;-964.452;964.452;-964.452;0.000;964.452;-964.452;0.000;964.452;-964.452;0.000;964.452;-964.452;0.000		-25.52	280.9092	0.5455			47.04	8821	280.8511	0.2424	280.8163	0.0606	280.9440	0.7273	280.9847	0.9394	279_f0-800_ncomp-18_neg.wav_1	f0 800	18_n
281	Spectrogram 1	1	281.800000000	282.000000000	200ms_schroeder_master.wav	/home/m/Dropbox/Projects/acoustic_fine_features_zebra_finch/data/processed/200ms_schroeder_master.wav	281.8000	750.000	15135.216	5.415		5.430	-33.67	7235.156	13522.852	281.8000		281.8000	12427380	0	12427380	7924.219	281.9018	0.5152	14385.216		0.2000	0.0929	0.1683	282.0000		200ms_schroeder_master.wav	12436200	/home/m/Dropbox/Projects/acoustic_fine_features_zebra_finch/data/processed/200ms_schroeder_master.wav	12436200	27.950		3962.109	861.328	11197.266	14384.180	861.328;861.328;861.328;861.328;861.328;861.328;861.328;861.328;861.328;861.328;861.328;861.328;861.328;861.328;861.328;861.328;861.328;861.328;861.328;861.328;861.328;861.328;861.328;861.328;861.328;861.328;861.328;861.328;861.328;861.328;861.328;861.328;1464.258	4048.242;4048.242;3962.109;3962.109;3962.109;3962.109;3962.109;3962.109;3962.109;3962.109;3962.109;3962.109;3962.109;3962.109;3962.109;3962.109;3962.109;3962.109;3962.109;3962.109;3962.109;3962.109;3962.109;3962.109;3962.109;3962.109;3962.109;3962.109;3962.109;3962.109;3962.109;4048.242;4048.242	7924.219;7924.219;7924.219;7924.219;7924.219;7924.219;7924.219;7924.219;7924.219;7924.219;7924.219;7924.219;7924.219;7924.219;7924.219;7924.219;7924.219;7924.219;7924.219;7924.219;7924.219;7924.219;7924.219;7924.219;7924.219;7924.219;7924.219;7924.219;7924.219;7924.219;7924.219;7924.219;7924.219	11197.266;11197.266;11197.266;11197.266;11197.266;11197.266;11197.266;11197.266;11197.266;11197.266;11197.266;11197.266;11197.266;11197.266;11197.266;11197.266;11197.266;11197.266;11197.266;11197.266;11197.266;11197.266;11197.266;11197.266;11197.266;11197.266;11197.266;11197.266;11197.266;11197.266;11197.266;11197.266;11197.266	14298.047;14384.180;14384.180;14384.180;14384.180;14384.180;14384.180;14384.180;14384.180;14384.180;14384.180;14384.180;14384.180;14384.180;14384.180;14384.180;14384.180;14384.180;14384.180;14384.180;14384.180;14384.180;14384.180;14384.180;14384.180;14384.180;14384.180;14384.180;14384.180;14384.180;14384.180;14384.180;14298.047	-11.45	34				5.858	5598.633	281.9483		5.405				5598.633	11197.266;5598.633;5598.633;11197.266;5598.633;5598.633;11197.266;5598.633;11197.266;5598.633;5598.633;11197.266;5598.633;5598.633;11197.266;5598.633;5598.633;11197.266;5598.633;5598.633;11197.266;5598.633;5598.633;11197.266;5598.633;11197.266;5598.633;5598.633;11197.266;5598.633;5598.633;11197.266;5598.633	-30.139	11197.266	964.452	5598.633	-964.452	22.000	-964.452;0.000;964.452;-964.452;0.000;964.452;-964.452;964.452;-964.452;0.000;964.452;-964.452;0.000;964.452;-964.452;0.000;964.452;-964.452;0.000;964.452;-964.452;0.000;964.452;-964.452;964.452;-964.452;0.000;964.452;-964.452;0.000;964.452;-964.452		-25.52	281.9483	0.7576			47.09	8821	281.8554	0.2727	281.8148	0.0606	281.9483	0.7576	281.9831	0.9394	280_f0-800_ncomp-18_pos.wav_1	f0 800	18_p
282	Spectrogram 1	1	282.800000000	283.000000000	200ms_schroeder_master.wav	/home/m/Dropbox/Projects/acoustic_fine_features_zebra_finch/data/processed/200ms_schroeder_master.wav	282.8000	750.000	15938.772	5.494		5.535	-33.80	7924.219	13695.117	282.8000		282.8000	12471480	0	12471480	8010.352	282.9003	0.5000	15188.772		0.2000	0.0929	0.1683	283.0000		200ms_schroeder_master.wav	12480300	/home/m/Dropbox/Projects/acoustic_fine_features_zebra_finch/data/processed/200ms_schroeder_master.wav	12480300	28.198		4048.242	1464.258	11972.461	15159.375	1550.391;1464.258;1464.258;1464.258;1464.258;1464.258;1464.258;1464.258;1464.258;1464.258;1464.258;1464.258;1464.258;1464.258;1464.258;1464.258;1464.258;1464.258;1464.258;1464.258;1464.258;1464.258;1464.258;1464.258;1464.258;1464.258;1464.258;1464.258;1464.258;1464.258;1464.258;1464.258;1550.391;1550.391	4048.242;4048.242;4048.242;4048.242;4048.242;4048.242;4048.242;4048.242;4048.242;4048.242;4048.242;4048.242;4048.242;4048.242;4048.242;4048.242;4048.242;4048.242;4048.242;4048.242;4048.242;4048.242;4048.242;4048.242;4048.242;4048.242;4048.242;4048.242;4048.242;4048.242;4048.242;4048.242;4048.242;4134.375	8010.352;8010.352;8010.352;8010.352;8010.352;8010.352;8010.352;8010.352;8010.352;8010.352;8010.352;8010.352;8010.352;8010.352;8010.352;8010.352;8010.352;8010.352;8010.352;8010.352;8010.352;8010.352;8010.352;8010.352;8010.352;8010.352;8010.352;8010.352;8010.352;8010.352;8010.352;8010.352;8010.352;8010.352	11972.461;11972.461;11972.461;11972.461;11972.461;11972.461;11972.461;11972.461;11972.461;11972.461;11972.461;11972.461;11972.461;11972.461;11972.461;11972.461;11972.461;11972.461;11972.461;11972.461;11972.461;11972.461;11972.461;11972.461;11972.461;11972.461;11972.461;11972.461;11972.461;11972.461;11972.461;11972.461;11972.461;11972.461	15159.375;15159.375;15159.375;15159.375;15159.375;15159.375;15159.375;15159.375;15159.375;15159.375;15159.375;15159.375;15159.375;15159.375;15159.375;15159.375;15159.375;15159.375;15159.375;15159.375;15159.375;15159.375;15159.375;15159.375;15159.375;15159.375;15159.375;15159.375;15159.375;15159.375;15159.375;15159.375;15159.375;15073.242	-11.32	35				6.254	5598.633	282.8829		5.484				5598.633	11197.266;11197.266;5598.633;5598.633;5598.633;5598.633;5598.633;5598.633;5598.633;11197.266;5598.633;5598.633;11197.266;5598.633;5598.633;11197.266;5598.633;11197.266;5598.633;5598.633;11197.266;5598.633;5598.633;11197.266;5598.633;5598.633;11197.266;5598.633;5598.633;11197.266;5598.633;5598.633;11197.266;5598.633	-29.226	11197.266	964.452	5598.633	-964.452	18.000	0.000;-964.452;0.000;0.000;0.000;0.000;0.000;0.000;964.452;-964.452;0.000;964.452;-964.452;0.000;964.452;-964.452;964.452;-964.452;0.000;964.452;-964.452;0.000;964.452;-964.452;0.000;964.452;-964.452;0.000;964.452;-964.452;0.000;964.452;-964.452		-25.51	282.8829	0.4118			47.05	8821	282.8539	0.2647	282.8132	0.0588	282.9467	0.7353	282.9816	0.9118	281_f0-800_ncomp-19_neg.wav_1	f0 800	19_n
283	Spectrogram 1	1	283.800000000	284.000000000	200ms_schroeder_master.wav	/home/m/Dropbox/Projects/acoustic_fine_features_zebra_finch/data/processed/200ms_schroeder_master.wav	283.8000	750.000	15938.772	5.494		5.537	-33.80	7924.219	13695.117	283.8000		283.8000	12515580	0	12515580	8010.352	283.8988	0.5000	15188.772		0.2000	0.0929	0.1683	284.0000		200ms_schroeder_master.wav	12524400	/home/m/Dropbox/Projects/acoustic_fine_features_zebra_finch/data/processed/200ms_schroeder_master.wav	12524400	28.198		4048.242	1464.258	11972.461	15159.375	1550.391;1464.258;1464.258;1464.258;1464.258;1464.258;1464.258;1464.258;1464.258;1464.258;1464.258;1464.258;1464.258;1464.258;1464.258;1464.258;1464.258;1464.258;1464.258;1464.258;1464.258;1464.258;1464.258;1464.258;1464.258;1464.258;1464.258;1464.258;1464.258;1464.258;1464.258;1464.258;1550.391;1550.391	4048.242;4048.242;4048.242;4048.242;4048.242;4048.242;4048.242;4048.242;4048.242;4048.242;4048.242;4048.242;4048.242;4048.242;4048.242;4048.242;4048.242;4048.242;4048.242;4048.242;4048.242;4048.242;4048.242;4048.242;4048.242;4048.242;4048.242;4048.242;4048.242;4048.242;4048.242;4048.242;4048.242;4048.242	8010.352;8010.352;8010.352;8010.352;8010.352;8010.352;8010.352;8010.352;8010.352;8010.352;8010.352;8010.352;8010.352;8010.352;8010.352;8010.352;8010.352;8010.352;8010.352;8010.352;8010.352;8010.352;8010.352;8010.352;8010.352;8010.352;8010.352;8010.352;8010.352;8010.352;8010.352;8010.352;8010.352;8010.352	11972.461;11972.461;11972.461;11972.461;11972.461;11972.461;11972.461;11972.461;11972.461;11972.461;11972.461;11972.461;11972.461;11972.461;11972.461;11972.461;11972.461;11972.461;11972.461;11972.461;11972.461;11972.461;11972.461;11972.461;11972.461;11972.461;11972.461;11972.461;11972.461;11972.461;11972.461;11972.461;11972.461;11972.461	15073.242;15159.375;15159.375;15159.375;15159.375;15159.375;15159.375;15159.375;15159.375;15159.375;15159.375;15159.375;15159.375;15159.375;15159.375;15159.375;15159.375;15159.375;15159.375;15159.375;15159.375;15159.375;15159.375;15159.375;15159.375;15159.375;15159.375;15159.375;15159.375;15159.375;15159.375;15159.375;15159.375;15073.242	-11.32	35				6.431	5598.633	283.8233		5.484				5598.633	5598.633;5598.633;5598.633;5598.633;5598.633;11197.266;5598.633;5598.633;5598.633;5598.633;5598.633;5598.633;5598.633;11197.266;5598.633;5598.633;11197.266;5598.633;11197.266;5598.633;5598.633;11197.266;5598.633;5598.633;11197.266;5598.633;5598.633;11197.266;5598.633;5598.633;11197.266;5598.633;5598.633;11197.266	29.226	11197.266	964.452	5598.633	-964.452	16.000	0.000;0.000;0.000;0.000;964.452;-964.452;0.000;0.000;0.000;0.000;0.000;0.000;964.452;-964.452;0.000;964.452;-964.452;964.452;-964.452;0.000;964.452;-964.452;0.000;964.452;-964.452;0.000;964.452;-964.452;0.000;964.452;-964.452;0.000;964.452		-25.51	283.8233	0.1176			46.88	8821	283.8523	0.2647	283.8175	0.0882	283.9452	0.7353	283.9858	0.9412	282_f0-800_ncomp-19_pos.wav_1	f0 800	19_p
284	Spectrogram 1	1	284.800000000	285.000000000	200ms_schroeder_master.wav	/home/m/Dropbox/Projects/acoustic_fine_features_zebra_finch/data/processed/200ms_schroeder_master.wav	284.8000	750.000	16742.328	5.568		5.583	-33.88	8010.352	14384.180	284.8000		284.8000	12559680	0	12559680	8699.414	284.8972	0.4848	15992.328		0.2000	0.0987	0.1683	285.0000		200ms_schroeder_master.wav	12568500	/home/m/Dropbox/Projects/acoustic_fine_features_zebra_finch/data/processed/200ms_schroeder_master.wav	12568500	28.209		4737.305	1550.391	12747.656	15934.570	1550.391;1550.391;1550.391;1550.391;1550.391;1550.391;1550.391;1550.391;1550.391;1550.391;1550.391;1550.391;1550.391;1550.391;1550.391;1550.391;1550.391;1550.391;1550.391;1550.391;1550.391;1550.391;1550.391;1550.391;1550.391;1550.391;1550.391;1550.391;1550.391;1550.391;1550.391;1550.391;1550.391	4737.305;4737.305;4737.305;4737.305;4737.305;4737.305;4737.305;4737.305;4737.305;4737.305;4737.305;4737.305;4737.305;4737.305;4737.305;4737.305;4737.305;4737.305;4737.305;4737.305;4737.305;4737.305;4737.305;4737.305;4737.305;4737.305;4737.305;4737.305;4737.305;4737.305;4737.305;4737.305;4737.305	8699.414;8699.414;8699.414;8699.414;8699.414;8699.414;8699.414;8699.414;8699.414;8699.414;8699.414;8699.414;8699.414;8699.414;8699.414;8699.414;8699.414;8699.414;8699.414;8699.414;8699.414;8699.414;8699.414;8699.414;8699.414;8699.414;8699.414;8699.414;8699.414;8699.414;8699.414;8699.414;8699.414	12661.523;12747.656;12747.656;12747.656;12747.656;12747.656;12747.656;12747.656;12747.656;12747.656;12747.656;12747.656;12747.656;12747.656;12747.656;12747.656;12747.656;12747.656;12747.656;12747.656;12747.656;12747.656;12747.656;12747.656;12747.656;12747.656;12747.656;12747.656;12747.656;12747.656;12747.656;12747.656;12661.523	15848.438;15848.438;15934.570;15934.570;15934.570;15934.570;15934.570;15934.570;15934.570;15934.570;15934.570;15934.570;15934.570;15934.570;15934.570;15934.570;15934.570;15934.570;15934.570;15934.570;15934.570;15934.570;15934.570;15934.570;15934.570;15934.570;15934.570;15934.570;15934.570;15934.570;15934.570;15848.438;15848.438	-11.19	34				5.923	5598.633	284.9379		5.558				5598.633	5598.633;11197.266;5598.633;5598.633;5598.633;5598.633;5598.633;11197.266;5598.633;5598.633;5598.633;5598.633;5598.633;5598.633;5598.633;11197.266;5598.633;5598.633;11197.266;5598.633;5598.633;11197.266;5598.633;5598.633;11197.266;5598.633;11197.266;5598.633;5598.633;11197.266;5598.633;5598.633;11197.266	30.139	11197.266	964.452	5598.633	-964.452	16.000	964.452;-964.452;0.000;0.000;0.000;0.000;964.452;-964.452;0.000;0.000;0.000;0.000;0.000;0.000;964.452;-964.452;0.000;964.452;-964.452;0.000;964.452;-964.452;0.000;964.452;-964.452;964.452;-964.452;0.000;964.452;-964.452;0.000;964.452		-25.72	284.9379	0.6970			46.85	8821	284.8508	0.2424	284.8160	0.0606	284.9495	0.7576	284.9843	0.9394	283_f0-800_ncomp-20_neg.wav_1	f0 800	20_n
285	Spectrogram 1	1	285.800000000	286.000000000	200ms_schroeder_master.wav	/home/m/Dropbox/Projects/acoustic_fine_features_zebra_finch/data/processed/200ms_schroeder_master.wav	285.8000	750.000	16742.328	5.568		5.584	-33.88	8010.352	14384.180	285.8000		285.8000	12603780	0	12603780	8699.414	285.9015	0.5152	15992.328		0.2000	0.0929	0.1683	286.0000		200ms_schroeder_master.wav	12612600	/home/m/Dropbox/Projects/acoustic_fine_features_zebra_finch/data/processed/200ms_schroeder_master.wav	12612600	28.209		4737.305	1550.391	12747.656	15934.570	1550.391;1550.391;1550.391;1550.391;1550.391;1550.391;1550.391;1550.391;1550.391;1550.391;1550.391;1550.391;1550.391;1550.391;1550.391;1550.391;1550.391;1550.391;1550.391;1550.391;1550.391;1550.391;1550.391;1550.391;1550.391;1550.391;1550.391;1550.391;1550.391;1550.391;1550.391;1550.391;1550.391	4737.305;4737.305;4737.305;4737.305;4737.305;4737.305;4737.305;4737.305;4737.305;4737.305;4737.305;4737.305;4737.305;4737.305;4737.305;4737.305;4737.305;4737.305;4737.305;4737.305;4737.305;4737.305;4737.305;4737.305;4737.305;4737.305;4737.305;4737.305;4737.305;4737.305;4737.305;4737.305;4737.305	8699.414;8699.414;8699.414;8699.414;8699.414;8699.414;8699.414;8699.414;8699.414;8699.414;8699.414;8699.414;8699.414;8699.414;8699.414;8699.414;8699.414;8699.414;8699.414;8699.414;8699.414;8699.414;8699.414;8699.414;8699.414;8699.414;8699.414;8699.414;8699.414;8699.414;8699.414;8699.414;8699.414	12661.523;12747.656;12747.656;12747.656;12747.656;12747.656;12747.656;12747.656;12747.656;12747.656;12747.656;12747.656;12747.656;12747.656;12747.656;12747.656;12747.656;12747.656;12747.656;12747.656;12747.656;12747.656;12747.656;12747.656;12747.656;12747.656;12747.656;12747.656;12747.656;12747.656;12747.656;12747.656;12661.523	15848.438;15934.570;15934.570;15934.570;15934.570;15934.570;15934.570;15934.570;15934.570;15934.570;15934.570;15934.570;15934.570;15934.570;15934.570;15934.570;15934.570;15934.570;15934.570;15934.570;15934.570;15934.570;15934.570;15934.570;15934.570;15934.570;15934.570;15934.570;15934.570;15934.570;15934.570;15848.438;15848.438	-11.19	34				6.055	5598.633	285.9595		5.558				5598.633	5598.633;5598.633;11197.266;5598.633;5598.633;11197.266;5598.633;5598.633;11197.266;5598.633;11197.266;5598.633;5598.633;11197.266;5598.633;5598.633;11197.266;5598.633;5598.633;11197.266;5598.633;5598.633;11197.266;5598.633;11197.266;5598.633;5598.633;11197.266;5598.633;5598.633;11197.266;5598.633;5598.633	0.000	11197.266	964.452	5598.633	-964.452	21.000	0.000;964.452;-964.452;0.000;964.452;-964.452;0.000;964.452;-964.452;964.452;-964.452;0.000;964.452;-964.452;0.000;964.452;-964.452;0.000;964.452;-964.452;0.000;964.452;-964.452;964.452;-964.452;0.000;964.452;-964.452;0.000;964.452;-964.452;0.000		-25.72	285.9595	0.8182			46.91	8821	285.8550	0.2727	285.8144	0.0606	285.9479	0.7576	285.9828	0.9394	284_f0-800_ncomp-20_pos.wav_1	f0 800	20_p
286	Spectrogram 1	1	286.800000000	287.000000000	200ms_schroeder_master.wav	/home/m/Dropbox/Projects/acoustic_fine_features_zebra_finch/data/processed/200ms_schroeder_master.wav	286.8000	750.000	17545.884	5.640		5.681	-34.50	8096.484	14556.445	286.8000		286.8000	12647880	0	12647880	8785.547	286.8999	0.5000	16795.884		0.2000	0.0929	0.1741	287.0000		200ms_schroeder_master.wav	12656700	/home/m/Dropbox/Projects/acoustic_fine_features_zebra_finch/data/processed/200ms_schroeder_master.wav	12656700	27.927		4737.305	1550.391	12833.789	16106.836	1550.391;1550.391;1550.391;1550.391;1550.391;1550.391;1550.391;1550.391;1550.391;1550.391;1550.391;1550.391;1550.391;1550.391;1550.391;1550.391;1550.391;1550.391;1550.391;1550.391;1550.391;1550.391;1550.391;1550.391;1550.391;1550.391;1550.391;1550.391;1550.391;1550.391;1550.391;1550.391;1550.391;1550.391	4737.305;4737.305;4737.305;4737.305;4737.305;4737.305;4737.305;4737.305;4737.305;4737.305;4737.305;4737.305;4737.305;4737.305;4737.305;4737.305;4737.305;4737.305;4737.305;4737.305;4737.305;4737.305;4737.305;4737.305;4737.305;4737.305;4737.305;4737.305;4737.305;4737.305;4737.305;4737.305;4737.305;4737.305	8785.547;8785.547;8785.547;8785.547;8785.547;8785.547;8785.547;8785.547;8785.547;8785.547;8785.547;8785.547;8785.547;8785.547;8785.547;8785.547;8785.547;8785.547;8785.547;8785.547;8785.547;8785.547;8785.547;8785.547;8785.547;8785.547;8785.547;8785.547;8785.547;8785.547;8785.547;8785.547;8785.547;8785.547	12833.789;12833.789;12833.789;12833.789;12833.789;12833.789;12833.789;12833.789;12833.789;12833.789;12833.789;12833.789;12833.789;12833.789;12833.789;12833.789;12833.789;12833.789;12833.789;12833.789;12833.789;12833.789;12833.789;12833.789;12833.789;12833.789;12833.789;12833.789;12833.789;12833.789;12833.789;12833.789;12833.789;12833.789	16106.836;16106.836;16106.836;16106.836;16106.836;16106.836;16106.836;16106.836;16106.836;16106.836;16106.836;16106.836;16106.836;16106.836;16106.836;16106.836;16106.836;16106.836;16106.836;16106.836;16106.836;16106.836;16106.836;16106.836;16106.836;16106.836;16106.836;16106.836;16106.836;16106.836;16106.836;16106.836;16106.836;16106.836	-11.60	35				6.350	5598.633	286.8941		5.629				5598.633	11197.266;5598.633;5598.633;11197.266;5598.633;11197.266;5598.633;5598.633;11197.266;5598.633;5598.633;11197.266;5598.633;5598.633;11197.266;5598.633;5598.633;11197.266;5598.633;11197.266;5598.633;5598.633;11197.266;5598.633;5598.633;11197.266;5598.633;5598.633;11197.266;5598.633;5598.633;11197.266;5598.633;16795.898	29.226	16795.898	1928.904	5598.633	-964.452	23.000	-964.452;0.000;964.452;-964.452;964.452;-964.452;0.000;964.452;-964.452;0.000;964.452;-964.452;0.000;964.452;-964.452;0.000;964.452;-964.452;964.452;-964.452;0.000;964.452;-964.452;0.000;964.452;-964.452;0.000;964.452;-964.452;0.000;964.452;-964.452;1928.904		-26.21	286.8941	0.4706			47.31	8821	286.8535	0.2647	286.8129	0.0588	286.9464	0.7353	286.9870	0.9412	285_f0-800_ncomp-21_neg.wav_1	f0 800	21_n
287	Spectrogram 1	1	287.800000000	288.000000000	200ms_schroeder_master.wav	/home/m/Dropbox/Projects/acoustic_fine_features_zebra_finch/data/processed/200ms_schroeder_master.wav	287.8000	750.000	17545.884	5.639		5.655	-34.37	8096.484	14556.445	287.8000		287.8000	12691980	0	12691980	8785.547	287.8984	0.4848	16795.884		0.2000	0.0929	0.1683	288.0000		200ms_schroeder_master.wav	12700800	/home/m/Dropbox/Projects/acoustic_fine_features_zebra_finch/data/processed/200ms_schroeder_master.wav	12700800	27.926		4737.305	1550.391	12833.789	16106.836	1550.391;1550.391;1550.391;1550.391;1550.391;1550.391;1550.391;1550.391;1550.391;1550.391;1550.391;1550.391;1550.391;1550.391;1550.391;1550.391;1550.391;1550.391;1550.391;1550.391;1550.391;1550.391;1550.391;1550.391;1550.391;1550.391;1550.391;1550.391;1550.391;1550.391;1550.391;1550.391;1550.391	4737.305;4737.305;4737.305;4737.305;4737.305;4737.305;4737.305;4737.305;4737.305;4737.305;4737.305;4737.305;4737.305;4737.305;4737.305;4737.305;4737.305;4737.305;4737.305;4737.305;4737.305;4737.305;4737.305;4737.305;4737.305;4737.305;4737.305;4737.305;4737.305;4737.305;4737.305;4737.305;4737.305	8785.547;8785.547;8785.547;8785.547;8785.547;8785.547;8785.547;8785.547;8785.547;8785.547;8785.547;8785.547;8785.547;8785.547;8785.547;8785.547;8785.547;8785.547;8785.547;8785.547;8785.547;8785.547;8785.547;8785.547;8785.547;8785.547;8785.547;8785.547;8785.547;8785.547;8785.547;8785.547;8785.547	12833.789;12833.789;12833.789;12833.789;12833.789;12833.789;12833.789;12833.789;12833.789;12833.789;12833.789;12833.789;12833.789;12833.789;12833.789;12833.789;12833.789;12833.789;12833.789;12833.789;12833.789;12833.789;12833.789;12833.789;12833.789;12833.789;12833.789;12833.789;12833.789;12833.789;12833.789;12833.789;12833.789	16106.836;16106.836;16106.836;16106.836;16106.836;16106.836;16106.836;16106.836;16106.836;16106.836;16106.836;16106.836;16106.836;16106.836;16106.836;16106.836;16106.836;16106.836;16106.836;16106.836;16106.836;16106.836;16106.836;16106.836;16106.836;16106.836;16106.836;16106.836;16106.836;16106.836;16106.836;16106.836;16106.836	-11.47	34				6.118	5598.633	287.9158		5.629				5598.633	5598.633;5598.633;5598.633;11197.266;5598.633;5598.633;11197.266;5598.633;11197.266;5598.633;5598.633;11197.266;5598.633;5598.633;11197.266;5598.633;11197.266;5598.633;5598.633;11197.266;5598.633;5598.633;11197.266;5598.633;5598.633;11197.266;5598.633;5598.633;11197.266;5598.633;11197.266;11197.266;5598.633	0.000	11197.266	964.452	5598.633	-964.452	21.000	0.000;0.000;964.452;-964.452;0.000;964.452;-964.452;964.452;-964.452;0.000;964.452;-964.452;0.000;964.452;-964.452;964.452;-964.452;0.000;964.452;-964.452;0.000;964.452;-964.452;0.000;964.452;-964.452;0.000;964.452;-964.452;964.452;0.000;-964.452		-26.21	287.9158	0.5758			47.17	8821	287.8520	0.2424	287.8171	0.0606	287.9448	0.7273	287.9855	0.9394	286_f0-800_ncomp-21_pos.wav_1	f0 800	21_p
288	Spectrogram 1	1	288.800000000	289.000000000	200ms_schroeder_master.wav	/home/m/Dropbox/Projects/acoustic_fine_features_zebra_finch/data/processed/200ms_schroeder_master.wav	288.8000	750.000	18438.724	5.707		5.722	-34.34	8785.547	15331.641	288.8000		288.8000	12736080	0	12736080	9560.742	288.9027	0.5152	17688.724		0.2000	0.0987	0.1683	289.0000		200ms_schroeder_master.wav	12744900	/home/m/Dropbox/Projects/acoustic_fine_features_zebra_finch/data/processed/200ms_schroeder_master.wav	12744900	28.192		4823.438	1550.391	13608.984	16882.031	1550.391;1550.391;1550.391;1550.391;1550.391;1550.391;1550.391;1550.391;1550.391;1550.391;1550.391;1550.391;1550.391;1550.391;1550.391;1550.391;1550.391;1550.391;1550.391;1550.391;1550.391;1550.391;1550.391;1550.391;1550.391;1550.391;1550.391;1550.391;1550.391;1550.391;1550.391;1550.391;1550.391	4823.438;4823.438;4823.438;4823.438;4823.438;4823.438;4823.438;4823.438;4823.438;4823.438;4823.438;4823.438;4823.438;4823.438;4823.438;4823.438;4823.438;4823.438;4823.438;4823.438;4823.438;4823.438;4823.438;4823.438;4823.438;4823.438;4823.438;4823.438;4823.438;4823.438;4823.438;4823.438;4823.438	9474.609;9560.742;9560.742;9560.742;9560.742;9560.742;9560.742;9560.742;9560.742;9560.742;9560.742;9560.742;9560.742;9560.742;9560.742;9560.742;9560.742;9560.742;9560.742;9560.742;9560.742;9560.742;9560.742;9560.742;9560.742;9560.742;9560.742;9560.742;9560.742;9560.742;9560.742;9474.609;9474.609	13608.984;13608.984;13608.984;13608.984;13608.984;13608.984;13608.984;13608.984;13608.984;13608.984;13608.984;13608.984;13608.984;13608.984;13608.984;13608.984;13608.984;13608.984;13608.984;13608.984;13608.984;13608.984;13608.984;13608.984;13608.984;13608.984;13608.984;13608.984;13608.984;13608.984;13608.984;13608.984;13608.984	16882.031;16882.031;16882.031;16882.031;16882.031;16882.031;16882.031;16882.031;16882.031;16882.031;16882.031;16882.031;16882.031;16882.031;16882.031;16882.031;16882.031;16882.031;16882.031;16882.031;16882.031;16882.031;16882.031;16882.031;16882.031;16882.031;16882.031;16882.031;16882.031;16882.031;16882.031;16882.031;16882.031	-11.21	34				6.068	5598.633	288.9491		5.697				5598.633	11197.266;5598.633;5598.633;5598.633;5598.633;5598.633;5598.633;5598.633;5598.633;11197.266;5598.633;5598.633;11197.266;5598.633;11197.266;5598.633;5598.633;11197.266;5598.633;5598.633;11197.266;5598.633;5598.633;11197.266;5598.633;5598.633;11197.266;5598.633;11197.266;5598.633;5598.633;5598.633;11197.266	0.000	11197.266	964.452	5598.633	-964.452	17.000	-964.452;0.000;0.000;0.000;0.000;0.000;0.000;0.000;964.452;-964.452;0.000;964.452;-964.452;964.452;-964.452;0.000;964.452;-964.452;0.000;964.452;-964.452;0.000;964.452;-964.452;0.000;964.452;-964.452;964.452;-964.452;0.000;0.000;964.452		-26.15	288.9491	0.7576			47.30	8821	288.8504	0.2424	288.8156	0.0606	288.9491	0.7576	288.9839	0.9394	287_f0-800_ncomp-22_neg.wav_1	f0 800	22_n
289	Spectrogram 1	1	289.800000000	290.000000000	200ms_schroeder_master.wav	/home/m/Dropbox/Projects/acoustic_fine_features_zebra_finch/data/processed/200ms_schroeder_master.wav	289.8000	750.000	18438.724	5.707		5.750	-34.47	8785.547	15331.641	289.8000		289.8000	12780180	0	12780180	9560.742	289.9011	0.5000	17688.724		0.2000	0.0929	0.1683	290.0000		200ms_schroeder_master.wav	12789000	/home/m/Dropbox/Projects/acoustic_fine_features_zebra_finch/data/processed/200ms_schroeder_master.wav	12789000	28.192		4823.438	1550.391	13608.984	16882.031	1550.391;1550.391;1550.391;1550.391;1550.391;1550.391;1550.391;1550.391;1550.391;1550.391;1550.391;1550.391;1550.391;1550.391;1550.391;1550.391;1550.391;1550.391;1550.391;1550.391;1550.391;1550.391;1550.391;1550.391;1550.391;1550.391;1550.391;1550.391;1550.391;1550.391;1550.391;1550.391;1550.391;1550.391	4823.438;4823.438;4823.438;4823.438;4823.438;4823.438;4823.438;4823.438;4823.438;4823.438;4823.438;4823.438;4823.438;4823.438;4823.438;4823.438;4823.438;4823.438;4823.438;4823.438;4823.438;4823.438;4823.438;4823.438;4823.438;4823.438;4823.438;4823.438;4823.438;4823.438;4823.438;4823.438;4823.438;4823.438	9474.609;9560.742;9560.742;9560.742;9560.742;9560.742;9560.742;9560.742;9560.742;9560.742;9560.742;9560.742;9560.742;9560.742;9560.742;9560.742;9560.742;9560.742;9560.742;9560.742;9560.742;9560.742;9560.742;9560.742;9560.742;9560.742;9560.742;9560.742;9560.742;9560.742;9560.742;9560.742;9474.609;9474.609	13608.984;13608.984;13608.984;13608.984;13608.984;13608.984;13608.984;13608.984;13608.984;13608.984;13608.984;13608.984;13608.984;13608.984;13608.984;13608.984;13608.984;13608.984;13608.984;13608.984;13608.984;13608.984;13608.984;13608.984;13608.984;13608.984;13608.984;13608.984;13608.984;13608.984;13608.984;13608.984;13608.984;13608.984	16882.031;16882.031;16882.031;16882.031;16882.031;16882.031;16882.031;16882.031;16882.031;16882.031;16882.031;16882.031;16882.031;16882.031;16882.031;16882.031;16882.031;16882.031;16882.031;16882.031;16882.031;16882.031;16882.031;16882.031;16882.031;16882.031;16882.031;16882.031;16882.031;16882.031;16882.031;16882.031;16882.031;16882.031	-11.33	35				6.631	5598.633	289.8721		5.697				5598.633	5598.633;11197.266;5598.633;5598.633;11197.266;5598.633;5598.633;11197.266;5598.633;11197.266;5598.633;5598.633;11197.266;5598.633;5598.633;11197.266;5598.633;5598.633;11197.266;5598.633;5598.633;11197.266;5598.633;11197.266;5598.633;5598.633;11197.266;5598.633;5598.633;11197.266;5598.633;5598.633;11197.266;16795.898	58.452	16795.898	964.452	5598.633	-964.452	22.000	964.452;-964.452;0.000;964.452;-964.452;0.000;964.452;-964.452;964.452;-964.452;0.000;964.452;-964.452;0.000;964.452;-964.452;0.000;964.452;-964.452;0.000;964.452;-964.452;964.452;-964.452;0.000;964.452;-964.452;0.000;964.452;-964.452;0.000;964.452;964.452		-26.15	289.8721	0.3529			47.31	8821	289.8547	0.2647	289.8140	0.0588	289.9476	0.7353	289.9824	0.9118	288_f0-800_ncomp-22_pos.wav_1	f0 800	22_p
290	Spectrogram 1	1	290.800000000	291.000000000	200ms_schroeder_master.wav	/home/m/Dropbox/Projects/acoustic_fine_features_zebra_finch/data/processed/200ms_schroeder_master.wav	290.8000	750.000	19331.564	5.772		5.813	-34.62	9560.742	16106.836	290.8000		290.8000	12824280	0	12824280	9560.742	290.8996	0.5000	18581.564		0.2000	0.0929	0.1683	291.0000		200ms_schroeder_master.wav	12833100	/home/m/Dropbox/Projects/acoustic_fine_features_zebra_finch/data/processed/200ms_schroeder_master.wav	12833100	28.251		4823.438	1550.391	14384.180	17657.227	1550.391;1550.391;1550.391;1550.391;1550.391;1550.391;1550.391;1550.391;1550.391;1550.391;1550.391;1550.391;1550.391;1550.391;1550.391;1550.391;1550.391;1550.391;1550.391;1550.391;1550.391;1550.391;1550.391;1550.391;1550.391;1550.391;1550.391;1550.391;1550.391;1550.391;1550.391;1550.391;1550.391;1550.391	4823.438;4823.438;4823.438;4823.438;4823.438;4823.438;4823.438;4823.438;4823.438;4823.438;4823.438;4823.438;4823.438;4823.438;4823.438;4823.438;4823.438;4823.438;4823.438;4823.438;4823.438;4823.438;4823.438;4823.438;4823.438;4823.438;4823.438;4823.438;4823.438;4823.438;4823.438;4823.438;4823.438;4909.570	9646.875;9646.875;9560.742;9560.742;9560.742;9560.742;9560.742;9560.742;9560.742;9560.742;9560.742;9560.742;9560.742;9560.742;9560.742;9560.742;9560.742;9560.742;9560.742;9560.742;9560.742;9560.742;9560.742;9560.742;9560.742;9560.742;9560.742;9560.742;9560.742;9560.742;9560.742;9560.742;9646.875;9646.875	14384.180;14384.180;14384.180;14384.180;14384.180;14384.180;14384.180;14384.180;14384.180;14384.180;14384.180;14384.180;14384.180;14384.180;14384.180;14384.180;14384.180;14384.180;14384.180;14384.180;14384.180;14384.180;14384.180;14384.180;14384.180;14384.180;14384.180;14384.180;14384.180;14384.180;14384.180;14384.180;14384.180;14384.180	17657.227;17657.227;17657.227;17657.227;17657.227;17657.227;17657.227;17657.227;17657.227;17657.227;17657.227;17657.227;17657.227;17657.227;17657.227;17657.227;17657.227;17657.227;17657.227;17657.227;17657.227;17657.227;17657.227;17657.227;17657.227;17657.227;17657.227;17657.227;17657.227;17657.227;17657.227;17657.227;17657.227;17657.227	-11.27	35				6.547	5598.633	290.9228		5.762				5598.633	5598.633;5598.633;11197.266;5598.633;5598.633;11197.266;5598.633;5598.633;5598.633;5598.633;11197.266;5598.633;5598.633;11197.266;5598.633;5598.633;11197.266;5598.633;5598.633;11197.266;5598.633;5598.633;11197.266;5598.633;11197.266;5598.633;5598.633;11197.266;5598.633;5598.633;11197.266;5598.633;5598.633;11197.266	29.226	11197.266	964.452	5598.633	-964.452	20.000	0.000;964.452;-964.452;0.000;964.452;-964.452;0.000;0.000;0.000;964.452;-964.452;0.000;964.452;-964.452;0.000;964.452;-964.452;0.000;964.452;-964.452;0.000;964.452;-964.452;964.452;-964.452;0.000;964.452;-964.452;0.000;964.452;-964.452;0.000;964.452		-26.29	290.9228	0.6176			47.24	8821	290.8531	0.2647	290.8183	0.0882	290.9460	0.7353	290.9867	0.9412	289_f0-800_ncomp-23_neg.wav_1	f0 800	23_n
291	Spectrogram 1	1	291.800000000	292.000000000	200ms_schroeder_master.wav	/home/m/Dropbox/Projects/acoustic_fine_features_zebra_finch/data/processed/200ms_schroeder_master.wav	291.8000	750.000	19331.564	5.772		5.787	-34.49	9560.742	16106.836	291.8000		291.8000	12868380	0	12868380	9560.742	291.8980	0.4848	18581.564		0.2000	0.0929	0.1683	292.0000		200ms_schroeder_master.wav	12877200	/home/m/Dropbox/Projects/acoustic_fine_features_zebra_finch/data/processed/200ms_schroeder_master.wav	12877200	28.251		4823.438	1550.391	14384.180	17657.227	1550.391;1550.391;1550.391;1550.391;1550.391;1550.391;1550.391;1550.391;1550.391;1550.391;1550.391;1550.391;1550.391;1550.391;1550.391;1550.391;1550.391;1550.391;1550.391;1550.391;1550.391;1550.391;1550.391;1550.391;1550.391;1550.391;1550.391;1550.391;1550.391;1550.391;1550.391;1550.391;1550.391	4823.438;4823.438;4823.438;4823.438;4823.438;4823.438;4823.438;4823.438;4823.438;4823.438;4823.438;4823.438;4823.438;4823.438;4823.438;4823.438;4823.438;4823.438;4823.438;4823.438;4823.438;4823.438;4823.438;4823.438;4823.438;4823.438;4823.438;4823.438;4823.438;4823.438;4823.438;4823.438;4909.570	9646.875;9560.742;9560.742;9560.742;9560.742;9560.742;9560.742;9560.742;9560.742;9560.742;9560.742;9560.742;9560.742;9560.742;9560.742;9560.742;9560.742;9560.742;9560.742;9560.742;9560.742;9560.742;9560.742;9560.742;9560.742;9560.742;9560.742;9560.742;9560.742;9560.742;9560.742;9646.875;9646.875	14384.180;14384.180;14384.180;14384.180;14384.180;14384.180;14384.180;14384.180;14384.180;14384.180;14384.180;14384.180;14384.180;14384.180;14384.180;14384.180;14384.180;14384.180;14384.180;14384.180;14384.180;14384.180;14384.180;14384.180;14384.180;14384.180;14384.180;14384.180;14384.180;14384.180;14384.180;14384.180;14384.180	17657.227;17657.227;17657.227;17657.227;17657.227;17657.227;17657.227;17657.227;17657.227;17657.227;17657.227;17657.227;17657.227;17657.227;17657.227;17657.227;17657.227;17657.227;17657.227;17657.227;17657.227;17657.227;17657.227;17657.227;17657.227;17657.227;17657.227;17657.227;17657.227;17657.227;17657.227;17657.227;17657.227	-11.15	34				6.209	5598.633	291.8284		5.762				5598.633	5598.633;11197.266;11197.266;5598.633;5598.633;11197.266;5598.633;11197.266;5598.633;5598.633;11197.266;5598.633;5598.633;11197.266;5598.633;5598.633;5598.633;5598.633;11197.266;5598.633;5598.633;11197.266;5598.633;5598.633;11197.266;5598.633;5598.633;11197.266;5598.633;5598.633;5598.633;5598.633;11197.266	30.139	11197.266	964.452	5598.633	-964.452	18.000	964.452;0.000;-964.452;0.000;964.452;-964.452;964.452;-964.452;0.000;964.452;-964.452;0.000;964.452;-964.452;0.000;0.000;0.000;964.452;-964.452;0.000;964.452;-964.452;0.000;964.452;-964.452;0.000;964.452;-964.452;0.000;0.000;0.000;964.452		-26.29	291.8284	0.1212			47.16	8821	291.8516	0.2424	291.8168	0.0606	291.9445	0.7273	291.9851	0.9394	290_f0-800_ncomp-23_pos.wav_1	f0 800	23_p
292	Spectrogram 1	1	292.800000000	293.000000000	200ms_schroeder_master.wav	/home/m/Dropbox/Projects/acoustic_fine_features_zebra_finch/data/processed/200ms_schroeder_master.wav	292.8000	750.000	20045.837	5.834		5.848	-34.76	9560.742	16882.031	292.8000		292.8000	12912480	0	12912480	10335.938	292.9023	0.5152	19295.837		0.2000	0.0929	0.1683	293.0000		200ms_schroeder_master.wav	12921300	/home/m/Dropbox/Projects/acoustic_fine_features_zebra_finch/data/processed/200ms_schroeder_master.wav	12921300	28.135		5512.500	1550.391	15073.242	18432.422	1550.391;1550.391;1550.391;1550.391;1550.391;1550.391;1550.391;1550.391;1550.391;1550.391;1550.391;1550.391;1550.391;1550.391;1550.391;1550.391;1550.391;1550.391;1550.391;1550.391;1550.391;1550.391;1550.391;1550.391;1550.391;1550.391;1550.391;1550.391;1550.391;1550.391;1550.391;1550.391;1550.391	5512.500;5512.500;5512.500;5512.500;5512.500;5512.500;5512.500;5512.500;5512.500;5512.500;5512.500;5512.500;5512.500;5512.500;5512.500;5512.500;5512.500;5512.500;5512.500;5512.500;5512.500;5512.500;5512.500;5512.500;5512.500;5512.500;5512.500;5512.500;5512.500;5512.500;5512.500;5512.500;5512.500	10335.938;10335.938;10335.938;10335.938;10335.938;10335.938;10335.938;10335.938;10335.938;10335.938;10335.938;10335.938;10335.938;10335.938;10335.938;10335.938;10335.938;10335.938;10335.938;10335.938;10335.938;10335.938;10335.938;10335.938;10335.938;10335.938;10335.938;10335.938;10335.938;10335.938;10335.938;10335.938;10335.938	15073.242;15073.242;15073.242;15073.242;15073.242;15073.242;15073.242;15073.242;15073.242;15073.242;15073.242;15073.242;15073.242;15073.242;15073.242;15073.242;15073.242;15073.242;15073.242;15073.242;15073.242;15073.242;15073.242;15073.242;15073.242;15073.242;15073.242;15073.242;15073.242;15073.242;15073.242;15073.242;15073.242	18432.422;18432.422;18432.422;18432.422;18432.422;18432.422;18432.422;18432.422;18432.422;18432.422;18432.422;18432.422;18432.422;18432.422;18432.422;18432.422;18432.422;18432.422;18432.422;18432.422;18432.422;18432.422;18432.422;18432.422;18432.422;18432.422;18432.422;18432.422;18432.422;18432.422;18432.422;18432.422;18432.422	-11.26	34				6.230	5598.633	292.8791		5.824				5598.633	11197.266;5598.633;5598.633;5598.633;5598.633;5598.633;5598.633;5598.633;5598.633;5598.633;5598.633;11197.266;5598.633;5598.633;11197.266;5598.633;5598.633;5598.633;5598.633;11197.266;5598.633;5598.633;11197.266;5598.633;5598.633;11197.266;5598.633;5598.633;11197.266;5598.633;5598.633;5598.633;5598.633	-30.139	11197.266	964.452	5598.633	-964.452	12.000	-964.452;0.000;0.000;0.000;0.000;0.000;0.000;0.000;0.000;0.000;964.452;-964.452;0.000;964.452;-964.452;0.000;0.000;0.000;964.452;-964.452;0.000;964.452;-964.452;0.000;964.452;-964.452;0.000;964.452;-964.452;0.000;0.000;0.000		-26.59	292.8791	0.3939			47.10	8821	292.8559	0.2727	292.8152	0.0606	292.9487	0.7576	292.9836	0.9394	291_f0-800_ncomp-24_neg.wav_1	f0 800	24_n
293	Spectrogram 1	1	293.800000000	294.000000000	200ms_schroeder_master.wav	/home/m/Dropbox/Projects/acoustic_fine_features_zebra_finch/data/processed/200ms_schroeder_master.wav	293.8000	750.000	20045.837	5.834		5.876	-34.89	9560.742	16882.031	293.8000		293.8000	12956580	0	12956580	10335.938	293.9008	0.5000	19295.837		0.2000	0.0929	0.1683	294.0000		200ms_schroeder_master.wav	12965400	/home/m/Dropbox/Projects/acoustic_fine_features_zebra_finch/data/processed/200ms_schroeder_master.wav	12965400	28.135		5512.500	1550.391	15073.242	18432.422	1550.391;1550.391;1550.391;1550.391;1550.391;1550.391;1550.391;1550.391;1550.391;1550.391;1550.391;1550.391;1550.391;1550.391;1550.391;1550.391;1550.391;1550.391;1550.391;1550.391;1550.391;1550.391;1550.391;1550.391;1550.391;1550.391;1550.391;1550.391;1550.391;1550.391;1550.391;1550.391;1550.391;1550.391	5512.500;5512.500;5512.500;5512.500;5512.500;5512.500;5512.500;5512.500;5512.500;5512.500;5512.500;5512.500;5512.500;5512.500;5512.500;5512.500;5512.500;5512.500;5512.500;5512.500;5512.500;5512.500;5512.500;5512.500;5512.500;5512.500;5512.500;5512.500;5512.500;5512.500;5512.500;5512.500;5512.500;5512.500	10335.938;10335.938;10335.938;10335.938;10335.938;10335.938;10335.938;10335.938;10335.938;10335.938;10335.938;10335.938;10335.938;10335.938;10335.938;10335.938;10335.938;10335.938;10335.938;10335.938;10335.938;10335.938;10335.938;10335.938;10335.938;10335.938;10335.938;10335.938;10335.938;10335.938;10335.938;10335.938;10335.938;10335.938	15073.242;15073.242;15073.242;15073.242;15073.242;15073.242;15073.242;15073.242;15073.242;15073.242;15073.242;15073.242;15073.242;15073.242;15073.242;15073.242;15073.242;15073.242;15073.242;15073.242;15073.242;15073.242;15073.242;15073.242;15073.242;15073.242;15073.242;15073.242;15073.242;15073.242;15073.242;15073.242;15073.242;15073.242	18432.422;18432.422;18432.422;18432.422;18432.422;18432.422;18432.422;18432.422;18432.422;18432.422;18432.422;18432.422;18432.422;18432.422;18432.422;18432.422;18432.422;18432.422;18432.422;18432.422;18432.422;18432.422;18432.422;18432.422;18432.422;18432.422;18432.422;18432.422;18432.422;18432.422;18432.422;18432.422;18432.422;18518.555	-11.39	35				6.683	5598.633	293.9646		5.824				5598.633	11197.266;5598.633;5598.633;5598.633;5598.633;5598.633;5598.633;5598.633;5598.633;5598.633;5598.633;5598.633;11197.266;5598.633;11197.266;5598.633;5598.633;11197.266;5598.633;5598.633;11197.266;5598.633;5598.633;5598.633;5598.633;11197.266;5598.633;5598.633;11197.266;5598.633;5598.633;11197.266;5598.633;5598.633	-29.226	11197.266	964.452	5598.633	-964.452	14.000	-964.452;0.000;0.000;0.000;0.000;0.000;0.000;0.000;0.000;0.000;0.000;964.452;-964.452;964.452;-964.452;0.000;964.452;-964.452;0.000;964.452;-964.452;0.000;0.000;0.000;964.452;-964.452;0.000;964.452;-964.452;0.000;964.452;-964.452;0.000		-26.59	293.9646	0.8235			46.97	8821	293.8543	0.2647	293.8137	0.0588	293.9472	0.7353	293.9820	0.9118	292_f0-800_ncomp-24_pos.wav_1	f0 800	24_p
294	Spectrogram 1	1	294.800000000	295.000000000	200ms_schroeder_master.wav	/home/m/Dropbox/Projects/acoustic_fine_features_zebra_finch/data/processed/200ms_schroeder_master.wav	294.8000	750.000	20938.677	5.893		5.935	-34.89	9646.875	17657.227	294.8000		294.8000	13000680	0	13000680	10422.070	294.8992	0.5000	20188.677		0.2000	0.0929	0.1683	295.0000		200ms_schroeder_master.wav	13009500	/home/m/Dropbox/Projects/acoustic_fine_features_zebra_finch/data/processed/200ms_schroeder_master.wav	13009500	28.346		5598.633	1550.391	15245.508	19207.617	1550.391;1550.391;1550.391;1550.391;1550.391;1550.391;1550.391;1550.391;1550.391;1550.391;1550.391;1550.391;1550.391;1550.391;1550.391;1550.391;1550.391;1550.391;1550.391;1550.391;1550.391;1550.391;1550.391;1550.391;1550.391;1550.391;1550.391;1550.391;1550.391;1550.391;1550.391;1550.391;1550.391;1550.391	5598.633;5598.633;5598.633;5598.633;5598.633;5598.633;5598.633;5598.633;5598.633;5598.633;5598.633;5598.633;5598.633;5598.633;5598.633;5598.633;5598.633;5598.633;5598.633;5598.633;5598.633;5598.633;5598.633;5598.633;5598.633;5598.633;5598.633;5598.633;5598.633;5598.633;5598.633;5598.633;5598.633;5598.633	10422.070;10422.070;10422.070;10422.070;10422.070;10422.070;10422.070;10422.070;10422.070;10422.070;10422.070;10422.070;10422.070;10422.070;10422.070;10422.070;10422.070;10422.070;10422.070;10422.070;10422.070;10422.070;10422.070;10422.070;10422.070;10422.070;10422.070;10422.070;10422.070;10422.070;10422.070;10422.070;10422.070;10422.070	15245.508;15245.508;15245.508;15245.508;15245.508;15245.508;15245.508;15245.508;15245.508;15245.508;15245.508;15245.508;15245.508;15245.508;15245.508;15245.508;15245.508;15245.508;15245.508;15245.508;15245.508;15245.508;15245.508;15245.508;15245.508;15245.508;15245.508;15245.508;15245.508;15245.508;15245.508;15245.508;15245.508;15245.508	19207.617;19207.617;19207.617;19207.617;19207.617;19207.617;19207.617;19207.617;19207.617;19207.617;19207.617;19207.617;19207.617;19207.617;19207.617;19207.617;19207.617;19207.617;19207.617;19207.617;19207.617;19207.617;19207.617;19207.617;19207.617;19207.617;19207.617;19207.617;19207.617;19207.617;19207.617;19207.617;19207.617;19293.750	-11.18	35				6.738	5598.633	294.8528		5.883				5598.633	5598.633;11197.266;5598.633;5598.633;11197.266;5598.633;5598.633;11197.266;5598.633;5598.633;11197.266;5598.633;11197.266;5598.633;5598.633;11197.266;5598.633;5598.633;11197.266;5598.633;5598.633;11197.266;5598.633;5598.633;11197.266;5598.633;5598.633;5598.633;5598.633;11197.266;5598.633;5598.633;5598.633;11197.266	29.226	11197.266	964.452	5598.633	-964.452	20.000	964.452;-964.452;0.000;964.452;-964.452;0.000;964.452;-964.452;0.000;964.452;-964.452;964.452;-964.452;0.000;964.452;-964.452;0.000;964.452;-964.452;0.000;964.452;-964.452;0.000;964.452;-964.452;0.000;0.000;0.000;964.452;-964.452;0.000;0.000;964.452		-26.55	294.8528	0.2647			47.30	8821	294.8528	0.2647	294.8179	0.0882	294.9457	0.7353	294.9863	0.9412	293_f0-800_ncomp-25_neg.wav_1	f0 800	25_n
295	Spectrogram 1	1	295.800000000	296.000000000	200ms_schroeder_master.wav	/home/m/Dropbox/Projects/acoustic_fine_features_zebra_finch/data/processed/200ms_schroeder_master.wav	295.8000	750.000	20938.677	5.893		5.908	-34.76	9646.875	17657.227	295.8000		295.8000	13044780	0	13044780	10422.070	295.8977	0.4848	20188.677		0.2000	0.0929	0.1683	296.0000		200ms_schroeder_master.wav	13053600	/home/m/Dropbox/Projects/acoustic_fine_features_zebra_finch/data/processed/200ms_schroeder_master.wav	13053600	28.345		5598.633	1550.391	15245.508	19207.617	1550.391;1550.391;1550.391;1550.391;1550.391;1550.391;1550.391;1550.391;1550.391;1550.391;1550.391;1550.391;1550.391;1550.391;1550.391;1550.391;1550.391;1550.391;1550.391;1550.391;1550.391;1550.391;1550.391;1550.391;1550.391;1550.391;1550.391;1550.391;1550.391;1550.391;1550.391;1550.391;1550.391	5598.633;5598.633;5598.633;5598.633;5598.633;5598.633;5598.633;5598.633;5598.633;5598.633;5598.633;5598.633;5598.633;5598.633;5598.633;5598.633;5598.633;5598.633;5598.633;5598.633;5598.633;5598.633;5598.633;5598.633;5598.633;5598.633;5598.633;5598.633;5598.633;5598.633;5598.633;5598.633;5598.633	10422.070;10422.070;10422.070;10422.070;10422.070;10422.070;10422.070;10422.070;10422.070;10422.070;10422.070;10422.070;10422.070;10422.070;10422.070;10422.070;10422.070;10422.070;10422.070;10422.070;10422.070;10422.070;10422.070;10422.070;10422.070;10422.070;10422.070;10422.070;10422.070;10422.070;10422.070;10422.070;10422.070	15245.508;15245.508;15245.508;15245.508;15245.508;15245.508;15245.508;15245.508;15245.508;15245.508;15245.508;15245.508;15245.508;15245.508;15245.508;15245.508;15245.508;15245.508;15245.508;15245.508;15245.508;15245.508;15245.508;15245.508;15245.508;15245.508;15245.508;15245.508;15245.508;15245.508;15245.508;15245.508;15245.508	19207.617;19207.617;19207.617;19207.617;19207.617;19207.617;19207.617;19207.617;19207.617;19207.617;19207.617;19207.617;19207.617;19207.617;19207.617;19207.617;19207.617;19207.617;19207.617;19207.617;19207.617;19207.617;19207.617;19207.617;19207.617;19207.617;19207.617;19207.617;19207.617;19207.617;19207.617;19207.617;19207.617	-11.05	34				6.292	5598.633	295.9209		5.883				5598.633	5598.633;5598.633;5598.633;5598.633;5598.633;5598.633;11197.266;5598.633;5598.633;11197.266;5598.633;5598.633;11197.266;5598.633;5598.633;11197.266;5598.633;11197.266;5598.633;5598.633;11197.266;5598.633;5598.633;11197.266;5598.633;5598.633;11197.266;5598.633;5598.633;11197.266;5598.633;5598.633;16795.898	60.278	16795.898	1928.904	5598.633	-964.452	18.000	0.000;0.000;0.000;0.000;0.000;964.452;-964.452;0.000;964.452;-964.452;0.000;964.452;-964.452;0.000;964.452;-964.452;964.452;-964.452;0.000;964.452;-964.452;0.000;964.452;-964.452;0.000;964.452;-964.452;0.000;964.452;-964.452;0.000;1928.904		-26.55	295.9209	0.6061			47.21	8821	295.8512	0.2424	295.8164	0.0606	295.9441	0.7273	295.9848	0.9394	294_f0-800_ncomp-25_pos.wav_1	f0 800	25_p
296	Spectrogram 1	1	296.800000000	297.800000000	200ms_schroeder_master.wav	/home/m/Dropbox/Projects/acoustic_fine_features_zebra_finch/data/processed/200ms_schroeder_master.wav	296.8000	1259.139	2561.345	3.570		2.837	-26.62	516.797	861.328	296.8000		296.8000	13088880	0	13088880	1894.922	297.2735	0.4737	1302.206		1.0000	0.4238	0.8998	297.8000		200ms_schroeder_master.wav	13132980	/home/m/Dropbox/Projects/acoustic_fine_features_zebra_finch/data/processed/200ms_schroeder_master.wav	13132980	31.576		1636.523	1464.258	2153.320	2325.586	1636.523;1636.523;1464.258;1378.125;1378.125;1378.125;1378.125;1378.125;1378.125;1378.125;1636.523;1636.523;1636.523;1636.523;1636.523;1636.523;1636.523;1636.523;1636.523;1636.523;1291.992;1291.992;1291.992;1378.125;1636.523;1550.391;1464.258;1464.258;1464.258;1378.125;1464.258;1378.125;1378.125;1378.125;1378.125;1464.258;1464.258;1464.258;1464.258;1378.125;1464.258;1464.258;1464.258;1464.258;1464.258;1464.258;1464.258;1464.258;1464.258;1464.258;1464.258;1722.656;1722.656;1636.523;1291.992;1291.992;1291.992;1378.125;1378.125;1464.258;1464.258;1378.125;1378.125;1464.258;1464.258;1378.125;1808.789;1894.922;1894.922;1894.922;1894.922;1981.055;1981.055;1981.055;1981.055;1981.055;1981.055;1550.391;1464.258;1378.125;1378.125;1378.125;1464.258;1464.258;1378.125;1378.125;1291.992;1291.992;1291.992;1291.992;1291.992;1636.523;1636.523;1550.391;1464.258;1464.258;1464.258;1378.125;1378.125;1378.125;1464.258;1464.258;1464.258;1378.125;1464.258;1464.258;1464.258;1464.258;1464.258;1464.258;1464.258;1464.258;1464.258;1378.125;1464.258;1378.125;1378.125;1378.125;1378.125;1464.258;1378.125;1378.125;1291.992;1291.992;1291.992;1291.992;2067.188;2067.188;2067.188;2153.320;1894.922;1894.922;1894.922;2067.188;2067.188;2067.188;2067.188;2067.188;2067.188;1981.055;1894.922;1894.922;1981.055;2067.188;2067.188;2067.188;1808.789;1291.992;1291.992;1550.391;1636.523;1636.523;1636.523;1636.523;1636.523;1636.523;1636.523;1636.523;1636.523;1636.523;1636.523;1636.523;1636.523;1636.523;1636.523;1636.523;1636.523;1636.523;1636.523;1636.523;1636.523	1722.656;1722.656;1636.523;1464.258;1464.258;1464.258;1464.258;1464.258;1464.258;1550.391;1722.656;1722.656;1722.656;1722.656;1722.656;1722.656;1722.656;1722.656;1722.656;1722.656;1636.523;1636.523;1636.523;1636.523;1722.656;1636.523;1636.523;1636.523;1636.523;1550.391;1550.391;1464.258;1464.258;1464.258;1550.391;1550.391;1636.523;1550.391;1550.391;1550.391;1636.523;1636.523;1550.391;1550.391;1550.391;1550.391;1636.523;1636.523;1636.523;1722.656;1808.789;1894.922;1808.789;1722.656;1636.523;1636.523;1636.523;1636.523;1464.258;1464.258;1464.258;1464.258;1464.258;1464.258;1464.258;1464.258;1981.055;2067.188;2067.188;2067.188;2067.188;2067.188;2067.188;2067.188;2067.188;2067.188;2067.188;1981.055;1464.258;1464.258;1464.258;1464.258;1464.258;1464.258;1464.258;1550.391;1550.391;1636.523;1636.523;1636.523;1636.523;1722.656;1722.656;1636.523;1636.523;1636.523;1636.523;1550.391;1550.391;1464.258;1636.523;1636.523;1636.523;1550.391;1550.391;1550.391;1550.391;1550.391;1550.391;1550.391;1636.523;1636.523;1722.656;1464.258;1464.258;1464.258;1464.258;1464.258;1464.258;1464.258;1464.258;1464.258;1636.523;1636.523;1636.523;1636.523;2153.320;2239.453;2239.453;2239.453;2153.320;2067.188;2067.188;2067.188;2153.320;2153.320;2239.453;2067.188;2067.188;2067.188;2067.188;2067.188;2239.453;2239.453;2239.453;2239.453;2067.188;1636.523;1636.523;1722.656;1722.656;1722.656;1722.656;1722.656;1722.656;1722.656;1722.656;1722.656;1722.656;1722.656;1722.656;1722.656;1722.656;1722.656;1722.656;1722.656;1722.656;1722.656;1722.656;1722.656;1722.656	1894.922;1894.922;1894.922;1894.922;1894.922;1894.922;1894.922;1894.922;1894.922;1808.789;1894.922;1808.789;1808.789;1894.922;1894.922;1894.922;1808.789;1808.789;1894.922;1808.789;1636.523;1636.523;1636.523;1894.922;1894.922;1894.922;1808.789;1808.789;1808.789;1981.055;1981.055;2067.188;1722.656;1722.656;1808.789;1808.789;1808.789;1808.789;1722.656;1722.656;1894.922;1894.922;1808.789;1722.656;1722.656;1722.656;1894.922;1894.922;1894.922;1894.922;1894.922;1894.922;1894.922;1894.922;1636.523;1636.523;1636.523;1894.922;1981.055;1981.055;1981.055;1981.055;1981.055;1981.055;1981.055;1981.055;2067.188;2067.188;2153.320;2153.320;2153.320;2153.320;2153.320;2153.320;2153.320;2153.320;2153.320;2067.188;1981.055;1981.055;1894.922;1894.922;1894.922;1894.922;1894.922;1894.922;1894.922;1636.523;1636.523;1636.523;1636.523;1894.922;1894.922;1894.922;1722.656;1808.789;1894.922;1981.055;1981.055;1894.922;1894.922;1894.922;1894.922;1808.789;1722.656;1722.656;1808.789;1808.789;1894.922;1894.922;1894.922;1894.922;1894.922;1722.656;1722.656;1722.656;1722.656;1722.656;1722.656;1722.656;1722.656;1636.523;1636.523;1636.523;1636.523;1636.523;2325.586;2325.586;2325.586;2325.586;2239.453;2153.320;2153.320;2239.453;2325.586;2325.586;2325.586;2325.586;2239.453;2239.453;2153.320;2153.320;2325.586;2325.586;2325.586;2325.586;2239.453;1636.523;1636.523;1808.789;1894.922;1894.922;1894.922;1808.789;1808.789;1894.922;1894.922;1808.789;1808.789;1894.922;1894.922;1894.922;1808.789;1808.789;1894.922;1894.922;1894.922;1808.789;1894.922;1894.922;1894.922	1894.922;1894.922;1981.055;2067.188;2067.188;2067.188;2067.188;2067.188;2067.188;2067.188;1894.922;1894.922;1894.922;1894.922;1894.922;1894.922;1894.922;1894.922;1894.922;1894.922;2153.320;2153.320;2153.320;2239.453;1981.055;2067.188;2067.188;2067.188;2153.320;2153.320;2153.320;2153.320;2153.320;2153.320;2153.320;2153.320;2067.188;2067.188;2067.188;2067.188;2067.188;2153.320;2153.320;2153.320;2067.188;2067.188;2067.188;2067.188;2067.188;2067.188;2067.188;2067.188;1981.055;1981.055;2153.320;2153.320;2153.320;2153.320;2239.453;2239.453;2239.453;2239.453;2239.453;2239.453;2239.453;2239.453;2153.320;2153.320;2153.320;2153.320;2239.453;2239.453;2239.453;2325.586;2325.586;2239.453;2239.453;2239.453;2239.453;2239.453;2153.320;2153.320;2153.320;2067.188;2067.188;2067.188;2153.320;2153.320;2153.320;2153.320;2153.320;1981.055;1981.055;2067.188;2067.188;2153.320;2153.320;2153.320;2153.320;2153.320;2067.188;2067.188;2153.320;2153.320;2153.320;2153.320;2153.320;2153.320;2153.320;2153.320;2067.188;2067.188;2067.188;2411.719;2497.852;2411.719;2411.719;2411.719;2497.852;2497.852;2411.719;2411.719;2153.320;2153.320;2153.320;2153.320;2411.719;2325.586;2325.586;2325.586;2325.586;2325.586;2325.586;2325.586;2411.719;2411.719;2411.719;2411.719;2325.586;2325.586;2325.586;2325.586;2325.586;2325.586;2411.719;2325.586;2411.719;2153.320;2153.320;1894.922;1894.922;1894.922;1894.922;1894.922;1894.922;1894.922;1894.922;1894.922;1894.922;1894.922;1894.922;1894.922;1894.922;1894.922;1894.922;1894.922;1894.922;1894.922;1894.922;1894.922;1894.922	1981.055;1981.055;2239.453;2239.453;2325.586;2325.586;2325.586;2325.586;2325.586;2239.453;1981.055;1981.055;1981.055;1981.055;1981.055;1981.055;1981.055;1981.055;1981.055;2067.188;2497.852;2497.852;2497.852;2497.852;2153.320;2153.320;2153.320;2239.453;2325.586;2325.586;2325.586;2325.586;2325.586;2325.586;2325.586;2325.586;2325.586;2325.586;2325.586;2325.586;2325.586;2325.586;2325.586;2325.586;2325.586;2325.586;2325.586;2325.586;2239.453;2153.320;2153.320;2153.320;2067.188;2153.320;2497.852;2497.852;2497.852;2325.586;2325.586;2325.586;2325.586;2325.586;2325.586;2325.586;2325.586;2325.586;2325.586;2325.586;2325.586;2325.586;2325.586;2325.586;2325.586;2325.586;2325.586;2325.586;2325.586;2325.586;2325.586;2325.586;2325.586;2325.586;2325.586;2325.586;2325.586;2239.453;2411.719;2497.852;2497.852;2497.852;2497.852;2067.188;2153.320;2153.320;2153.320;2325.586;2325.586;2325.586;2325.586;2325.586;2325.586;2325.586;2325.586;2325.586;2325.586;2325.586;2325.586;2325.586;2325.586;2325.586;2325.586;2325.586;2239.453;2497.852;2497.852;2497.852;2497.852;2497.852;2497.852;2497.852;2497.852;2497.852;2497.852;2497.852;2497.852;2497.852;2497.852;2497.852;2497.852;2497.852;2497.852;2497.852;2497.852;2411.719;2497.852;2497.852;2497.852;2497.852;2497.852;2411.719;2411.719;2497.852;2497.852;2497.852;2497.852;2497.852;2497.852;2497.852;2497.852;2067.188;1981.055;1981.055;1981.055;1981.055;1981.055;1981.055;1981.055;1981.055;1981.055;1981.055;1981.055;1981.055;1981.055;1981.055;1981.055;1981.055;1981.055;1981.055;1981.055;1981.055;1981.055	-14.86	172				3.886	1894.922	297.3431		1.909				1894.922	1894.922;1894.922;1894.922;1464.258;1464.258;1464.258;1464.258;1464.258;1464.258;1550.391;1894.922;1894.922;1894.922;1894.922;1894.922;1894.922;1894.922;1894.922;1894.922;1808.789;1636.523;1636.523;1636.523;1981.055;1894.922;1636.523;1636.523;2067.188;2067.188;2067.188;1464.258;1464.258;1464.258;1464.258;1464.258;1464.258;1464.258;1464.258;1464.258;1464.258;1464.258;1464.258;1464.258;1464.258;1464.258;1464.258;1464.258;2067.188;2067.188;2067.188;2067.188;1894.922;1894.922;1894.922;1636.523;1636.523;1636.523;2153.320;1464.258;1464.258;1464.258;1464.258;1464.258;1464.258;1464.258;1464.258;2067.188;2067.188;2067.188;2067.188;2067.188;2067.188;2067.188;2067.188;2067.188;2067.188;2067.188;2067.188;1464.258;1464.258;1464.258;1464.258;1464.258;1464.258;2067.188;2067.188;2153.320;1636.523;1636.523;1636.523;1636.523;1894.922;1894.922;1636.523;1636.523;2067.188;2067.188;2067.188;1464.258;1464.258;1894.922;2067.188;2067.188;2067.188;1464.258;1464.258;1464.258;2067.188;2067.188;2067.188;2067.188;2067.188;1722.656;2497.852;2497.852;2497.852;2497.852;2497.852;2497.852;2497.852;2497.852;2497.852;1636.523;1636.523;1636.523;1636.523;2325.586;2325.586;2325.586;2325.586;2325.586;2067.188;2325.586;2325.586;2325.586;2325.586;2325.586;2325.586;2067.188;2325.586;2325.586;2325.586;2325.586;2325.586;2325.586;2325.586;2325.586;1636.523;1636.523;1808.789;1894.922;1894.922;1894.922;1894.922;1894.922;1894.922;1894.922;1894.922;1894.922;1894.922;1894.922;1894.922;1894.922;1894.922;1894.922;1894.922;1894.922;1894.922;1894.922;1894.922;1894.922	0.000	2497.852	133.540	1464.258	-148.377	31.000	0.000;0.000;-74.189;0.000;0.000;0.000;0.000;0.000;14.838;59.351;0.000;0.000;0.000;0.000;0.000;0.000;0.000;0.000;-14.838;-29.675;0.000;0.000;59.351;-14.838;-44.513;0.000;74.189;0.000;0.000;-103.864;0.000;0.000;0.000;0.000;0.000;0.000;0.000;0.000;0.000;0.000;0.000;0.000;0.000;0.000;0.000;0.000;103.864;0.000;0.000;0.000;-29.675;0.000;0.000;-44.513;0.000;0.000;89.026;-118.702;0.000;0.000;0.000;0.000;0.000;0.000;0.000;103.864;0.000;0.000;0.000;0.000;0.000;0.000;0.000;0.000;0.000;0.000;0.000;-103.864;0.000;0.000;0.000;0.000;0.000;103.864;0.000;14.838;-89.026;0.000;0.000;0.000;44.513;0.000;-44.513;0.000;74.189;0.000;0.000;-103.864;0.000;74.189;29.675;0.000;0.000;-103.864;0.000;0.000;103.864;0.000;0.000;0.000;0.000;-59.351;133.540;0.000;0.000;0.000;0.000;0.000;0.000;0.000;0.000;-148.377;0.000;0.000;0.000;118.702;0.000;0.000;0.000;0.000;-44.513;44.513;0.000;0.000;0.000;0.000;0.000;-44.513;44.513;0.000;0.000;0.000;0.000;0.000;0.000;0.000;-118.702;0.000;29.675;14.838;0.000;0.000;0.000;0.000;0.000;0.000;0.000;0.000;0.000;0.000;0.000;0.000;0.000;0.000;0.000;0.000;0.000;0.000;0.000;0.000		-17.70	296.9252	0.1228			48.86	44101	297.0355	0.2339	296.8497	0.0468	297.4592	0.6608	297.7495	0.9532	end_marker		marker
